2026-05-17 01:00:11,191 [functions.py:log_start()] - --------------------KlipperScreen Log Start--------------------
2026-05-17 01:00:11,191 [functions.py:log_start()] - KlipperScreen Version: v0.4.7-15-g006f240
2026-05-17 01:00:11,191 [functions.py:log_start()] - Python version: 3.13
2026-05-17 01:00:11,303 [config.py:get_config_file_location()] - Passed config (-c): .
2026-05-17 01:00:11,304 [config.py:__init__()] - Config path location: /home/voron/KlipperScreen/config/defaults.conf
2026-05-17 01:00:11,348 [config.py:__init__()] - Configured printers: [
  {
    "Printer": {
      "moonraker_host": "127.0.0.1",
      "moonraker_port": "7125",
      "moonraker_path": "",
      "moonraker_ssl": null,
      "moonraker_api_key": ""
    }
  }
]
2026-05-17 01:00:11,423 [config.py:create_translations()] - Selected lang: system_lang OS lang: en_GB
2026-05-17 01:00:11,423 [config.py:install_language()] - Using lang en
2026-05-17 01:00:11,434 [screen.py:__init__()] - Display for xset: :0
2026-05-17 01:00:11,435 [screen.py:__init__()] - Screen 0: 1024x768
2026-05-17 01:00:11,435 [screen.py:__init__()] - Monitors: 1 using number: 0
2026-05-17 01:00:11,435 [screen.py:__init__()] - Wayland: False Display name: :0
2026-05-17 01:00:11,436 [screen.py:__init__()] - Screen resolution: 1024x768
2026-05-17 01:00:11,589 [KlippyGtk.py:__init__()] - Font size: 25.6 (medium)
2026-05-17 01:00:11,752 [base_panel.py:battery_percentage()] - Battery information not available.
2026-05-17 01:00:11,839 [config.py:save_user_config_options()] - Creating a new config file in /home/voron/printer_data/config/KlipperScreen.conf
2026-05-17 01:00:11,852 [screen.py:set_dpms_timeout()] - DPMS on :0 set to: 3600
2026-05-17 01:00:11,852 [screen.py:set_screenblanking_timeout()] - Blanking timeout: 3600
2026-05-17 01:00:11,852 [screen.py:initial_connection()] - Default printer: None
2026-05-17 01:00:11,853 [screen.py:_remove_all_panels()] - Removing all panels
2026-05-17 01:00:11,896 [screen.py:_load_panel()] - Loading panel: splash_screen
2026-05-17 01:00:11,937 [screen.py:attach_panel()] - Current panel hierarchy: splash_screen
2026-05-17 01:00:11,948 [screen.py:printer_initializing()] - Initializing KlipperScreen
2026-05-17 01:00:11,993 [screen.py:printer_initializing()] - Connecting to Printer
2026-05-17 01:00:12,004 [screen.py:set_dpms_timeout()] - DPMS on :0 set to: 3600
2026-05-17 01:00:12,005 [screen.py:set_screenblanking_timeout()] - Blanking timeout: 3600
2026-05-17 01:00:16,460 [KlippyWebsocket.py:initial_connect()] - Starting connection
2026-05-17 01:00:16,460 [KlippyWebsocket.py:connect()] - Attempting to connect
2026-05-17 01:00:16,460 [KlippyWebsocket.py:connect()] - Starting websocket thread
2026-05-17 01:00:16,470 [_logging.py:info()] - Websocket connected
2026-05-17 01:00:16,470 [screen.py:websocket_connected()] - ### websocket_connected
2026-05-17 01:00:16,474 [screen.py:printer_initializing()] - Moonraker Connected
2026-05-17 01:00:16,498 [KlippyWebsocket.py:identify_client()] - Sending server.connection.identify
2026-05-17 01:00:16,524 [screen.py:printer_initializing()] - Initializing Klipper Connection
2026-05-17 01:00:16,524 [printer.py:configure_cameras()] - Cameras: []
2026-05-17 01:00:16,664 [printer.py:log_counts()] - Klipper version: v0.13.0-656-g4cc47cf56
2026-05-17 01:00:16,665 [printer.py:log_counts()] - # Extruders: 1
2026-05-17 01:00:16,665 [printer.py:log_counts()] - # Temperature devices: 1
2026-05-17 01:00:16,665 [printer.py:log_counts()] - # Fans: 1
2026-05-17 01:00:16,665 [printer.py:log_counts()] - # Output pins: 0
2026-05-17 01:00:16,665 [printer.py:log_counts()] - # PWM tools: 0
2026-05-17 01:00:16,665 [printer.py:log_counts()] - # Leds: 0
2026-05-17 01:00:16,917 [printer.py:change_state()] - Changing state from 'disconnected' to 'error'
2026-05-17 01:00:16,918 [printer.py:change_state()] - Adding callback for state: error
2026-05-17 01:00:16,919 [KlippyWebsocket.py:object_subscription()] - Sending printer.objects.subscribe
2026-05-17 01:00:16,920 [files.py:set_gcodes_path()] - Gcodes path: None
2026-05-17 01:00:16,920 [screen.py:_finish_init()] - Printer initialized
2026-05-17 01:00:16,939 [screen.py:set_dpms_timeout()] - DPMS on :0 set to: 3600
2026-05-17 01:00:16,939 [screen.py:set_screenblanking_timeout()] - Blanking timeout: 3600
2026-05-17 01:00:16,940 [screen.py:show_panel()] - Panel is already is in view
2026-05-17 01:00:16,945 [screen.py:printer_initializing()] - Klipper has encountered an error.
A FIRMWARE_RESTART may fix the issue.
mcu 'mcu': Unable to connect
Once the underlying issue is corrected, use the
"FIRMWARE_RESTART" command to reset the firmware, reload the
config, and restart the host software.
Error configuring printer

2026-05-17 01:00:16,945 [screen.py:set_server_config()] - Temperature store size: 1200
2026-05-17 01:00:16,945 [screen.py:set_tempstore()] - Moonraker tempstore not yet available
2026-05-17 01:00:16,946 [printer.py:init_temp_store()] - Temp store: ['extruder', 'heater_bed']
2026-05-17 01:01:12,458 [base_panel.py:battery_percentage()] - Battery information not available.
2026-05-17 01:01:55,838 [printer.py:change_state()] - Changing state from 'error' to 'disconnected'
2026-05-17 01:01:55,838 [printer.py:change_state()] - Adding callback for state: disconnected
2026-05-17 01:01:55,864 [screen.py:set_dpms_timeout()] - DPMS on :0 set to: 3600
2026-05-17 01:01:55,864 [screen.py:set_screenblanking_timeout()] - Blanking timeout: 3600
2026-05-17 01:01:55,865 [screen.py:state_disconnected()] - ### Going to disconnected
2026-05-17 01:01:55,866 [screen.py:show_panel()] - Panel is already is in view
2026-05-17 01:01:55,876 [screen.py:printer_initializing()] - Klipper has disconnected
2026-05-17 01:02:00,463 [screen.py:printer_initializing()] - Initializing Klipper Connection
2026-05-17 01:02:00,496 [printer.py:log_counts()] - Klipper version: v0.13.0-656-g4cc47cf56
2026-05-17 01:02:00,496 [printer.py:log_counts()] - # Extruders: 1
2026-05-17 01:02:00,496 [printer.py:log_counts()] - # Temperature devices: 1
2026-05-17 01:02:00,497 [printer.py:log_counts()] - # Fans: 1
2026-05-17 01:02:00,497 [printer.py:log_counts()] - # Output pins: 0
2026-05-17 01:02:00,497 [printer.py:log_counts()] - # PWM tools: 0
2026-05-17 01:02:00,497 [printer.py:log_counts()] - # Leds: 0
2026-05-17 01:02:00,747 [printer.py:change_state()] - Changing state from 'disconnected' to 'startup'
2026-05-17 01:02:00,748 [printer.py:change_state()] - Adding callback for state: startup
2026-05-17 01:02:00,749 [KlippyWebsocket.py:object_subscription()] - Sending printer.objects.subscribe
2026-05-17 01:02:00,750 [files.py:set_gcodes_path()] - Gcodes path: None
2026-05-17 01:02:00,750 [screen.py:_finish_init()] - Printer initialized
2026-05-17 01:02:00,766 [screen.py:set_dpms_timeout()] - DPMS on :0 set to: 3600
2026-05-17 01:02:00,766 [screen.py:set_screenblanking_timeout()] - Blanking timeout: 3600
2026-05-17 01:02:00,770 [screen.py:printer_initializing()] - Klipper is attempting to start
2026-05-17 01:02:00,771 [screen.py:set_server_config()] - Temperature store size: 1200
2026-05-17 01:02:00,771 [screen.py:set_tempstore()] - Moonraker tempstore not yet available
2026-05-17 01:02:00,771 [printer.py:init_temp_store()] - Temp store: ['extruder', 'heater_bed']
2026-05-17 01:02:06,393 [printer.py:change_state()] - Changing state from 'startup' to 'disconnected'
2026-05-17 01:02:06,394 [printer.py:change_state()] - Adding callback for state: disconnected
2026-05-17 01:02:06,431 [screen.py:set_dpms_timeout()] - DPMS on :0 set to: 3600
2026-05-17 01:02:06,431 [screen.py:set_screenblanking_timeout()] - Blanking timeout: 3600
2026-05-17 01:02:06,431 [screen.py:state_disconnected()] - ### Going to disconnected
2026-05-17 01:02:06,432 [screen.py:show_panel()] - Panel is already is in view
2026-05-17 01:02:06,441 [screen.py:printer_initializing()] - Klipper has disconnected
2026-05-17 01:02:10,463 [screen.py:printer_initializing()] - Initializing Klipper Connection
2026-05-17 01:02:10,491 [printer.py:log_counts()] - Klipper version: v0.13.0-656-g4cc47cf56
2026-05-17 01:02:10,491 [printer.py:log_counts()] - # Extruders: 1
2026-05-17 01:02:10,491 [printer.py:log_counts()] - # Temperature devices: 1
2026-05-17 01:02:10,491 [printer.py:log_counts()] - # Fans: 1
2026-05-17 01:02:10,491 [printer.py:log_counts()] - # Output pins: 0
2026-05-17 01:02:10,491 [printer.py:log_counts()] - # PWM tools: 0
2026-05-17 01:02:10,491 [printer.py:log_counts()] - # Leds: 0
2026-05-17 01:02:10,742 [printer.py:change_state()] - Changing state from 'disconnected' to 'startup'
2026-05-17 01:02:10,743 [printer.py:change_state()] - Adding callback for state: startup
2026-05-17 01:02:10,744 [KlippyWebsocket.py:object_subscription()] - Sending printer.objects.subscribe
2026-05-17 01:02:10,745 [files.py:set_gcodes_path()] - Gcodes path: None
2026-05-17 01:02:10,745 [screen.py:_finish_init()] - Printer initialized
2026-05-17 01:02:10,761 [screen.py:set_dpms_timeout()] - DPMS on :0 set to: 3600
2026-05-17 01:02:10,761 [screen.py:set_screenblanking_timeout()] - Blanking timeout: 3600
2026-05-17 01:02:10,765 [screen.py:printer_initializing()] - Klipper is attempting to start
2026-05-17 01:02:10,765 [screen.py:set_server_config()] - Temperature store size: 1200
2026-05-17 01:02:10,766 [screen.py:set_tempstore()] - Moonraker tempstore not yet available
2026-05-17 01:02:10,766 [printer.py:init_temp_store()] - Temp store: ['extruder', 'heater_bed']
2026-05-17 01:03:36,519 [printer.py:change_state()] - Changing state from 'startup' to 'error'
2026-05-17 01:03:36,519 [printer.py:change_state()] - Adding callback for state: error
2026-05-17 01:03:36,541 [screen.py:set_dpms_timeout()] - DPMS on :0 set to: 3600
2026-05-17 01:03:36,542 [screen.py:set_screenblanking_timeout()] - Blanking timeout: 3600
2026-05-17 01:03:36,542 [screen.py:show_panel()] - Panel is already is in view
2026-05-17 01:03:36,550 [screen.py:printer_initializing()] - Klipper has encountered an error.
A FIRMWARE_RESTART may fix the issue.
mcu 'mcu': Unable to connect
Once the underlying issue is corrected, use the
"FIRMWARE_RESTART" command to reset the firmware, reload the
config, and restart the host software.
Error configuring printer

2026-05-17 01:07:21,199 [functions.py:log_start()] - --------------------KlipperScreen Log Start--------------------
2026-05-17 01:07:21,199 [functions.py:log_start()] - KlipperScreen Version: v0.4.7-15-g006f240
2026-05-17 01:07:21,199 [functions.py:log_start()] - Python version: 3.13
2026-05-17 01:07:21,313 [config.py:get_config_file_location()] - Passed config (-c): .
2026-05-17 01:07:21,313 [config.py:__init__()] - Config path location: /home/voron/printer_data/config/KlipperScreen.conf
2026-05-17 01:07:21,361 [config.py:log_config()] - ===== Config File =====

=======================
2026-05-17 01:07:21,362 [config.py:__init__()] - 
====== Saved ======




2026-05-17 01:07:21,362 [config.py:__init__()] - Configured printers: [
  {
    "Printer": {
      "moonraker_host": "127.0.0.1",
      "moonraker_port": "7125",
      "moonraker_path": "",
      "moonraker_ssl": null,
      "moonraker_api_key": ""
    }
  }
]
2026-05-17 01:07:21,456 [config.py:create_translations()] - Selected lang: system_lang OS lang: en_GB
2026-05-17 01:07:21,456 [config.py:install_language()] - Using lang en
2026-05-17 01:07:21,468 [screen.py:__init__()] - Display for xset: :0
2026-05-17 01:07:21,469 [screen.py:__init__()] - Screen 0: 1024x768
2026-05-17 01:07:21,469 [screen.py:__init__()] - Monitors: 1 using number: 0
2026-05-17 01:07:21,469 [screen.py:__init__()] - Wayland: False Display name: :0
2026-05-17 01:07:21,470 [screen.py:__init__()] - Screen resolution: 1024x768
2026-05-17 01:07:21,622 [KlippyGtk.py:__init__()] - Font size: 25.6 (medium)
2026-05-17 01:07:21,808 [base_panel.py:battery_percentage()] - Battery information not available.
2026-05-17 01:07:21,984 [screen.py:set_dpms_timeout()] - DPMS on :0 set to: 3600
2026-05-17 01:07:21,984 [screen.py:set_screenblanking_timeout()] - Blanking timeout: 3600
2026-05-17 01:07:21,985 [screen.py:initial_connection()] - Default printer: None
2026-05-17 01:07:21,985 [screen.py:_remove_all_panels()] - Removing all panels
2026-05-17 01:07:22,044 [screen.py:_load_panel()] - Loading panel: splash_screen
2026-05-17 01:07:22,106 [screen.py:attach_panel()] - Current panel hierarchy: splash_screen
2026-05-17 01:07:22,118 [screen.py:printer_initializing()] - Initializing KlipperScreen
2026-05-17 01:07:22,163 [screen.py:printer_initializing()] - Connecting to Printer
2026-05-17 01:07:22,175 [screen.py:set_dpms_timeout()] - DPMS on :0 set to: 3600
2026-05-17 01:07:22,175 [screen.py:set_screenblanking_timeout()] - Blanking timeout: 3600
2026-05-17 01:07:26,567 [KlippyWebsocket.py:initial_connect()] - Starting connection
2026-05-17 01:07:26,567 [KlippyWebsocket.py:connect()] - Attempting to connect
2026-05-17 01:07:26,568 [KlippyWebsocket.py:connect()] - Starting websocket thread
2026-05-17 01:07:26,575 [_logging.py:info()] - Websocket connected
2026-05-17 01:07:26,576 [screen.py:websocket_connected()] - ### websocket_connected
2026-05-17 01:07:26,580 [screen.py:printer_initializing()] - Moonraker Connected
2026-05-17 01:07:26,604 [KlippyWebsocket.py:identify_client()] - Sending server.connection.identify
2026-05-17 01:07:26,638 [screen.py:printer_initializing()] - Initializing Klipper Connection
2026-05-17 01:07:26,638 [printer.py:configure_cameras()] - Cameras: []
2026-05-17 01:07:26,662 [printer.py:log_counts()] - Klipper version: v0.13.0-656-g4cc47cf56
2026-05-17 01:07:26,662 [printer.py:log_counts()] - # Extruders: 1
2026-05-17 01:07:26,662 [printer.py:log_counts()] - # Temperature devices: 1
2026-05-17 01:07:26,662 [printer.py:log_counts()] - # Fans: 1
2026-05-17 01:07:26,662 [printer.py:log_counts()] - # Output pins: 0
2026-05-17 01:07:26,662 [printer.py:log_counts()] - # PWM tools: 0
2026-05-17 01:07:26,662 [printer.py:log_counts()] - # Leds: 0
2026-05-17 01:07:26,914 [printer.py:change_state()] - Changing state from 'disconnected' to 'startup'
2026-05-17 01:07:26,914 [printer.py:change_state()] - Adding callback for state: startup
2026-05-17 01:07:26,915 [KlippyWebsocket.py:object_subscription()] - Sending printer.objects.subscribe
2026-05-17 01:07:26,916 [files.py:set_gcodes_path()] - Gcodes path: None
2026-05-17 01:07:26,917 [screen.py:_finish_init()] - Printer initialized
2026-05-17 01:07:26,932 [screen.py:set_dpms_timeout()] - DPMS on :0 set to: 3600
2026-05-17 01:07:26,932 [screen.py:set_screenblanking_timeout()] - Blanking timeout: 3600
2026-05-17 01:07:26,936 [screen.py:printer_initializing()] - Klipper is attempting to start
2026-05-17 01:07:26,937 [screen.py:set_server_config()] - Temperature store size: 1200
2026-05-17 01:07:26,937 [screen.py:set_tempstore()] - Moonraker tempstore not yet available
2026-05-17 01:07:26,937 [printer.py:init_temp_store()] - Temp store: ['extruder', 'heater_bed']
2026-05-17 01:08:22,566 [base_panel.py:battery_percentage()] - Battery information not available.
2026-05-17 01:08:48,151 [printer.py:change_state()] - Changing state from 'startup' to 'error'
2026-05-17 01:08:48,151 [printer.py:change_state()] - Adding callback for state: error
2026-05-17 01:08:48,175 [screen.py:set_dpms_timeout()] - DPMS on :0 set to: 3600
2026-05-17 01:08:48,175 [screen.py:set_screenblanking_timeout()] - Blanking timeout: 3600
2026-05-17 01:08:48,175 [screen.py:show_panel()] - Panel is already is in view
2026-05-17 01:08:48,184 [screen.py:printer_initializing()] - Klipper has encountered an error.
A FIRMWARE_RESTART may fix the issue.
mcu 'mcu': Unable to connect
Once the underlying issue is corrected, use the
"FIRMWARE_RESTART" command to reset the firmware, reload the
config, and restart the host software.
Error configuring printer

2026-05-17 01:26:19,608 [printer.py:change_state()] - Changing state from 'error' to 'disconnected'
2026-05-17 01:26:19,608 [printer.py:change_state()] - Adding callback for state: disconnected
2026-05-17 01:26:19,627 [screen.py:set_dpms_timeout()] - DPMS on :0 set to: 3600
2026-05-17 01:26:19,628 [screen.py:set_screenblanking_timeout()] - Blanking timeout: 3600
2026-05-17 01:26:19,628 [screen.py:state_disconnected()] - ### Going to disconnected
2026-05-17 01:26:19,628 [screen.py:show_panel()] - Panel is already is in view
2026-05-17 01:26:19,636 [screen.py:printer_initializing()] - Klipper has disconnected
2026-05-17 01:26:23,571 [screen.py:printer_initializing()] - Initializing Klipper Connection
2026-05-17 01:26:23,612 [printer.py:log_counts()] - Klipper version: v0.13.0-656-g4cc47cf56
2026-05-17 01:26:23,612 [printer.py:log_counts()] - # Extruders: 1
2026-05-17 01:26:23,612 [printer.py:log_counts()] - # Temperature devices: 1
2026-05-17 01:26:23,612 [printer.py:log_counts()] - # Fans: 4
2026-05-17 01:26:23,612 [printer.py:log_counts()] - # Output pins: 0
2026-05-17 01:26:23,612 [printer.py:log_counts()] - # PWM tools: 0
2026-05-17 01:26:23,612 [printer.py:log_counts()] - # Leds: 0
2026-05-17 01:26:23,865 [printer.py:change_state()] - Changing state from 'disconnected' to 'startup'
2026-05-17 01:26:23,865 [printer.py:change_state()] - Adding callback for state: startup
2026-05-17 01:26:23,866 [KlippyWebsocket.py:object_subscription()] - Sending printer.objects.subscribe
2026-05-17 01:26:23,867 [files.py:set_gcodes_path()] - Gcodes path: None
2026-05-17 01:26:23,867 [screen.py:_finish_init()] - Printer initialized
2026-05-17 01:26:23,882 [screen.py:set_dpms_timeout()] - DPMS on :0 set to: 3600
2026-05-17 01:26:23,883 [screen.py:set_screenblanking_timeout()] - Blanking timeout: 3600
2026-05-17 01:26:23,886 [screen.py:printer_initializing()] - Klipper is attempting to start
2026-05-17 01:26:23,887 [screen.py:set_server_config()] - Temperature store size: 1200
2026-05-17 01:26:23,887 [screen.py:set_tempstore()] - Moonraker tempstore not yet available
2026-05-17 01:26:23,888 [printer.py:init_temp_store()] - Temp store: ['extruder', 'heater_bed']
2026-05-17 01:27:50,594 [printer.py:change_state()] - Changing state from 'startup' to 'error'
2026-05-17 01:27:50,595 [printer.py:change_state()] - Adding callback for state: error
2026-05-17 01:27:50,606 [screen.py:set_dpms_timeout()] - DPMS on :0 set to: 3600
2026-05-17 01:27:50,606 [screen.py:set_screenblanking_timeout()] - Blanking timeout: 3600
2026-05-17 01:27:50,606 [screen.py:show_panel()] - Panel is already is in view
2026-05-17 01:27:50,610 [screen.py:printer_initializing()] - Klipper has encountered an error.
A FIRMWARE_RESTART may fix the issue.
mcu 'mcu': Unable to connect
Once the underlying issue is corrected, use the
"FIRMWARE_RESTART" command to reset the firmware, reload the
config, and restart the host software.
Error configuring printer

2026-05-17 01:32:49,450 [printer.py:change_state()] - Changing state from 'error' to 'disconnected'
2026-05-17 01:32:49,450 [printer.py:change_state()] - Adding callback for state: disconnected
2026-05-17 01:32:49,472 [screen.py:set_dpms_timeout()] - DPMS on :0 set to: 3600
2026-05-17 01:32:49,472 [screen.py:set_screenblanking_timeout()] - Blanking timeout: 3600
2026-05-17 01:32:49,472 [screen.py:state_disconnected()] - ### Going to disconnected
2026-05-17 01:32:49,473 [screen.py:show_panel()] - Panel is already is in view
2026-05-17 01:32:49,482 [screen.py:printer_initializing()] - Klipper has disconnected
2026-05-17 01:32:53,571 [screen.py:printer_initializing()] - Initializing Klipper Connection
2026-05-17 01:32:53,611 [printer.py:log_counts()] - Klipper version: v0.13.0-656-g4cc47cf56
2026-05-17 01:32:53,612 [printer.py:log_counts()] - # Extruders: 1
2026-05-17 01:32:53,612 [printer.py:log_counts()] - # Temperature devices: 1
2026-05-17 01:32:53,612 [printer.py:log_counts()] - # Fans: 4
2026-05-17 01:32:53,612 [printer.py:log_counts()] - # Output pins: 0
2026-05-17 01:32:53,612 [printer.py:log_counts()] - # PWM tools: 0
2026-05-17 01:32:53,612 [printer.py:log_counts()] - # Leds: 0
2026-05-17 01:32:53,864 [printer.py:change_state()] - Changing state from 'disconnected' to 'startup'
2026-05-17 01:32:53,864 [printer.py:change_state()] - Adding callback for state: startup
2026-05-17 01:32:53,865 [KlippyWebsocket.py:object_subscription()] - Sending printer.objects.subscribe
2026-05-17 01:32:53,866 [files.py:set_gcodes_path()] - Gcodes path: None
2026-05-17 01:32:53,866 [screen.py:_finish_init()] - Printer initialized
2026-05-17 01:32:53,882 [screen.py:set_dpms_timeout()] - DPMS on :0 set to: 3600
2026-05-17 01:32:53,882 [screen.py:set_screenblanking_timeout()] - Blanking timeout: 3600
2026-05-17 01:32:53,886 [screen.py:printer_initializing()] - Klipper is attempting to start
2026-05-17 01:32:53,886 [screen.py:set_server_config()] - Temperature store size: 1200
2026-05-17 01:32:53,886 [screen.py:set_tempstore()] - Moonraker tempstore not yet available
2026-05-17 01:32:53,886 [printer.py:init_temp_store()] - Temp store: ['extruder', 'heater_bed']
2026-05-17 01:34:20,361 [printer.py:change_state()] - Changing state from 'startup' to 'error'
2026-05-17 01:34:20,362 [printer.py:change_state()] - Adding callback for state: error
2026-05-17 01:34:20,385 [screen.py:set_dpms_timeout()] - DPMS on :0 set to: 3600
2026-05-17 01:34:20,386 [screen.py:set_screenblanking_timeout()] - Blanking timeout: 3600
2026-05-17 01:34:20,386 [screen.py:show_panel()] - Panel is already is in view
2026-05-17 01:34:20,395 [screen.py:printer_initializing()] - Klipper has encountered an error.
A FIRMWARE_RESTART may fix the issue.
mcu 'mcu': Unable to connect
Once the underlying issue is corrected, use the
"FIRMWARE_RESTART" command to reset the firmware, reload the
config, and restart the host software.
Error configuring printer

2026-05-17 01:34:26,223 [printer.py:change_state()] - Changing state from 'error' to 'disconnected'
2026-05-17 01:34:26,224 [printer.py:change_state()] - Adding callback for state: disconnected
2026-05-17 01:34:26,242 [screen.py:set_dpms_timeout()] - DPMS on :0 set to: 3600
2026-05-17 01:34:26,242 [screen.py:set_screenblanking_timeout()] - Blanking timeout: 3600
2026-05-17 01:34:26,242 [screen.py:state_disconnected()] - ### Going to disconnected
2026-05-17 01:34:26,242 [screen.py:show_panel()] - Panel is already is in view
2026-05-17 01:34:26,247 [screen.py:printer_initializing()] - Klipper has disconnected
2026-05-17 01:34:30,570 [screen.py:printer_initializing()] - Initializing Klipper Connection
2026-05-17 01:34:30,613 [printer.py:log_counts()] - Klipper version: v0.13.0-656-g4cc47cf56
2026-05-17 01:34:30,613 [printer.py:log_counts()] - # Extruders: 1
2026-05-17 01:34:30,613 [printer.py:log_counts()] - # Temperature devices: 1
2026-05-17 01:34:30,613 [printer.py:log_counts()] - # Fans: 4
2026-05-17 01:34:30,613 [printer.py:log_counts()] - # Output pins: 0
2026-05-17 01:34:30,613 [printer.py:log_counts()] - # PWM tools: 0
2026-05-17 01:34:30,613 [printer.py:log_counts()] - # Leds: 0
2026-05-17 01:34:30,865 [printer.py:change_state()] - Changing state from 'disconnected' to 'startup'
2026-05-17 01:34:30,865 [printer.py:change_state()] - Adding callback for state: startup
2026-05-17 01:34:30,866 [KlippyWebsocket.py:object_subscription()] - Sending printer.objects.subscribe
2026-05-17 01:34:30,867 [files.py:set_gcodes_path()] - Gcodes path: None
2026-05-17 01:34:30,868 [screen.py:_finish_init()] - Printer initialized
2026-05-17 01:34:30,883 [screen.py:set_dpms_timeout()] - DPMS on :0 set to: 3600
2026-05-17 01:34:30,883 [screen.py:set_screenblanking_timeout()] - Blanking timeout: 3600
2026-05-17 01:34:30,887 [screen.py:printer_initializing()] - Klipper is attempting to start
2026-05-17 01:34:30,888 [screen.py:set_server_config()] - Temperature store size: 1200
2026-05-17 01:34:30,888 [screen.py:set_tempstore()] - Moonraker tempstore not yet available
2026-05-17 01:34:30,888 [printer.py:init_temp_store()] - Temp store: ['extruder', 'heater_bed']
2026-05-17 01:35:57,113 [printer.py:change_state()] - Changing state from 'startup' to 'error'
2026-05-17 01:35:57,114 [printer.py:change_state()] - Adding callback for state: error
2026-05-17 01:35:57,134 [screen.py:set_dpms_timeout()] - DPMS on :0 set to: 3600
2026-05-17 01:35:57,134 [screen.py:set_screenblanking_timeout()] - Blanking timeout: 3600
2026-05-17 01:35:57,135 [screen.py:show_panel()] - Panel is already is in view
2026-05-17 01:35:57,143 [screen.py:printer_initializing()] - Klipper has encountered an error.
A FIRMWARE_RESTART may fix the issue.
mcu 'mcu': Unable to connect
Once the underlying issue is corrected, use the
"FIRMWARE_RESTART" command to reset the firmware, reload the
config, and restart the host software.
Error configuring printer

2026-05-17 01:40:14,859 [functions.py:log_start()] - --------------------KlipperScreen Log Start--------------------
2026-05-17 01:40:14,859 [functions.py:log_start()] - KlipperScreen Version: v0.4.7-15-g006f240
2026-05-17 01:40:14,859 [functions.py:log_start()] - Python version: 3.13
2026-05-17 01:40:14,973 [config.py:get_config_file_location()] - Passed config (-c): .
2026-05-17 01:40:14,974 [config.py:__init__()] - Config path location: /home/voron/printer_data/config/KlipperScreen.conf
2026-05-17 01:40:15,022 [config.py:log_config()] - ===== Config File =====

=======================
2026-05-17 01:40:15,023 [config.py:__init__()] - 
====== Saved ======




2026-05-17 01:40:15,023 [config.py:__init__()] - Configured printers: [
  {
    "Printer": {
      "moonraker_host": "127.0.0.1",
      "moonraker_port": "7125",
      "moonraker_path": "",
      "moonraker_ssl": null,
      "moonraker_api_key": ""
    }
  }
]
2026-05-17 01:40:15,119 [config.py:create_translations()] - Selected lang: system_lang OS lang: en_GB
2026-05-17 01:40:15,119 [config.py:install_language()] - Using lang en
2026-05-17 01:40:15,130 [screen.py:__init__()] - Display for xset: :0
2026-05-17 01:40:15,131 [screen.py:__init__()] - Screen 0: 1024x768
2026-05-17 01:40:15,131 [screen.py:__init__()] - Monitors: 1 using number: 0
2026-05-17 01:40:15,132 [screen.py:__init__()] - Wayland: False Display name: :0
2026-05-17 01:40:15,133 [screen.py:__init__()] - Screen resolution: 1024x768
2026-05-17 01:40:15,285 [KlippyGtk.py:__init__()] - Font size: 25.6 (medium)
2026-05-17 01:40:15,475 [base_panel.py:battery_percentage()] - Battery information not available.
2026-05-17 01:40:15,710 [screen.py:set_dpms_timeout()] - DPMS on :0 set to: 3600
2026-05-17 01:40:15,710 [screen.py:set_screenblanking_timeout()] - Blanking timeout: 3600
2026-05-17 01:40:15,711 [screen.py:initial_connection()] - Default printer: None
2026-05-17 01:40:15,711 [screen.py:_remove_all_panels()] - Removing all panels
2026-05-17 01:40:15,755 [screen.py:_load_panel()] - Loading panel: splash_screen
2026-05-17 01:40:15,793 [screen.py:attach_panel()] - Current panel hierarchy: splash_screen
2026-05-17 01:40:15,804 [screen.py:printer_initializing()] - Initializing KlipperScreen
2026-05-17 01:40:15,850 [screen.py:printer_initializing()] - Connecting to Printer
2026-05-17 01:40:15,861 [screen.py:set_dpms_timeout()] - DPMS on :0 set to: 3600
2026-05-17 01:40:15,861 [screen.py:set_screenblanking_timeout()] - Blanking timeout: 3600
2026-05-17 01:40:19,663 [KlippyWebsocket.py:initial_connect()] - Starting connection
2026-05-17 01:40:19,663 [KlippyWebsocket.py:connect()] - Attempting to connect
2026-05-17 01:40:19,663 [KlippyWebsocket.py:connect()] - Starting websocket thread
2026-05-17 01:40:19,671 [_logging.py:info()] - Websocket connected
2026-05-17 01:40:19,672 [screen.py:websocket_connected()] - ### websocket_connected
2026-05-17 01:40:19,676 [screen.py:printer_initializing()] - Moonraker Connected
2026-05-17 01:40:19,699 [KlippyWebsocket.py:identify_client()] - Sending server.connection.identify
2026-05-17 01:40:19,733 [screen.py:printer_initializing()] - Initializing Klipper Connection
2026-05-17 01:40:19,734 [printer.py:configure_cameras()] - Cameras: []
2026-05-17 01:40:19,761 [printer.py:log_counts()] - Klipper version: v0.13.0-656-g4cc47cf56
2026-05-17 01:40:19,761 [printer.py:log_counts()] - # Extruders: 1
2026-05-17 01:40:19,761 [printer.py:log_counts()] - # Temperature devices: 1
2026-05-17 01:40:19,761 [printer.py:log_counts()] - # Fans: 4
2026-05-17 01:40:19,761 [printer.py:log_counts()] - # Output pins: 0
2026-05-17 01:40:19,761 [printer.py:log_counts()] - # PWM tools: 0
2026-05-17 01:40:19,762 [printer.py:log_counts()] - # Leds: 0
2026-05-17 01:40:20,014 [printer.py:change_state()] - Changing state from 'disconnected' to 'startup'
2026-05-17 01:40:20,014 [printer.py:change_state()] - Adding callback for state: startup
2026-05-17 01:40:20,015 [KlippyWebsocket.py:object_subscription()] - Sending printer.objects.subscribe
2026-05-17 01:40:20,016 [files.py:set_gcodes_path()] - Gcodes path: None
2026-05-17 01:40:20,017 [screen.py:_finish_init()] - Printer initialized
2026-05-17 01:40:20,032 [screen.py:set_dpms_timeout()] - DPMS on :0 set to: 3600
2026-05-17 01:40:20,032 [screen.py:set_screenblanking_timeout()] - Blanking timeout: 3600
2026-05-17 01:40:20,036 [screen.py:printer_initializing()] - Klipper is attempting to start
2026-05-17 01:40:20,037 [screen.py:set_server_config()] - Temperature store size: 1200
2026-05-17 01:40:20,037 [screen.py:set_tempstore()] - Moonraker tempstore not yet available
2026-05-17 01:40:20,037 [printer.py:init_temp_store()] - Temp store: ['extruder', 'heater_bed']
2026-05-17 01:41:15,661 [base_panel.py:battery_percentage()] - Battery information not available.
2026-05-17 01:41:42,480 [printer.py:change_state()] - Changing state from 'startup' to 'error'
2026-05-17 01:41:42,480 [printer.py:change_state()] - Adding callback for state: error
2026-05-17 01:41:42,501 [screen.py:set_dpms_timeout()] - DPMS on :0 set to: 3600
2026-05-17 01:41:42,501 [screen.py:set_screenblanking_timeout()] - Blanking timeout: 3600
2026-05-17 01:41:42,501 [screen.py:show_panel()] - Panel is already is in view
2026-05-17 01:41:42,509 [screen.py:printer_initializing()] - Klipper has encountered an error.
A FIRMWARE_RESTART may fix the issue.
mcu 'mcu': Unable to connect
Once the underlying issue is corrected, use the
"FIRMWARE_RESTART" command to reset the firmware, reload the
config, and restart the host software.
Error configuring printer

2026-05-17 01:48:33,520 [printer.py:change_state()] - Changing state from 'error' to 'disconnected'
2026-05-17 01:48:33,520 [printer.py:change_state()] - Adding callback for state: disconnected
2026-05-17 01:48:33,534 [screen.py:set_dpms_timeout()] - DPMS on :0 set to: 3600
2026-05-17 01:48:33,535 [screen.py:set_screenblanking_timeout()] - Blanking timeout: 3600
2026-05-17 01:48:33,535 [screen.py:state_disconnected()] - ### Going to disconnected
2026-05-17 01:48:33,535 [screen.py:show_panel()] - Panel is already is in view
2026-05-17 01:48:33,540 [screen.py:printer_initializing()] - Klipper has disconnected
2026-05-17 01:48:37,672 [screen.py:printer_initializing()] - Initializing Klipper Connection
2026-05-17 01:48:37,752 [screen.py:printer_initializing()] - Unable to get printer info from moonraker
2026-05-17 01:48:41,667 [screen.py:printer_initializing()] - Initializing Klipper Connection
2026-05-17 01:48:41,783 [printer.py:log_counts()] - Klipper version: v0.13.0-656-g4cc47cf56
2026-05-17 01:48:41,783 [printer.py:log_counts()] - # Extruders: 1
2026-05-17 01:48:41,783 [printer.py:log_counts()] - # Temperature devices: 1
2026-05-17 01:48:41,783 [printer.py:log_counts()] - # Fans: 4
2026-05-17 01:48:41,783 [printer.py:log_counts()] - # Output pins: 0
2026-05-17 01:48:41,783 [printer.py:log_counts()] - # PWM tools: 0
2026-05-17 01:48:41,783 [printer.py:log_counts()] - # Leds: 0
2026-05-17 01:48:42,035 [printer.py:change_state()] - Changing state from 'disconnected' to 'startup'
2026-05-17 01:48:42,035 [printer.py:change_state()] - Adding callback for state: startup
2026-05-17 01:48:42,037 [KlippyWebsocket.py:object_subscription()] - Sending printer.objects.subscribe
2026-05-17 01:48:42,038 [files.py:set_gcodes_path()] - Gcodes path: None
2026-05-17 01:48:42,038 [screen.py:_finish_init()] - Printer initialized
2026-05-17 01:48:42,053 [screen.py:set_dpms_timeout()] - DPMS on :0 set to: 3600
2026-05-17 01:48:42,053 [screen.py:set_screenblanking_timeout()] - Blanking timeout: 3600
2026-05-17 01:48:42,058 [screen.py:printer_initializing()] - Klipper is attempting to start
2026-05-17 01:48:42,059 [screen.py:set_server_config()] - Temperature store size: 1200
2026-05-17 01:48:42,059 [screen.py:set_tempstore()] - Moonraker tempstore not yet available
2026-05-17 01:48:42,060 [printer.py:init_temp_store()] - Temp store: ['extruder', 'heater_bed']
2026-05-17 01:50:11,793 [printer.py:change_state()] - Changing state from 'startup' to 'error'
2026-05-17 01:50:11,794 [printer.py:change_state()] - Adding callback for state: error
2026-05-17 01:50:11,817 [screen.py:set_dpms_timeout()] - DPMS on :0 set to: 3600
2026-05-17 01:50:11,817 [screen.py:set_screenblanking_timeout()] - Blanking timeout: 3600
2026-05-17 01:50:11,818 [screen.py:show_panel()] - Panel is already is in view
2026-05-17 01:50:11,827 [screen.py:printer_initializing()] - Klipper has encountered an error.
A FIRMWARE_RESTART may fix the issue.
mcu 'mcu': Unable to connect
Once the underlying issue is corrected, use the
"FIRMWARE_RESTART" command to reset the firmware, reload the
config, and restart the host software.
Error configuring printer

2026-05-17 01:52:28,908 [printer.py:change_state()] - Changing state from 'error' to 'disconnected'
2026-05-17 01:52:28,909 [printer.py:change_state()] - Adding callback for state: disconnected
2026-05-17 01:52:28,929 [screen.py:set_dpms_timeout()] - DPMS on :0 set to: 3600
2026-05-17 01:52:28,929 [screen.py:set_screenblanking_timeout()] - Blanking timeout: 3600
2026-05-17 01:52:28,929 [screen.py:state_disconnected()] - ### Going to disconnected
2026-05-17 01:52:28,929 [screen.py:show_panel()] - Panel is already is in view
2026-05-17 01:52:28,934 [screen.py:printer_initializing()] - Klipper has disconnected
2026-05-17 01:52:33,666 [screen.py:printer_initializing()] - Initializing Klipper Connection
2026-05-17 01:52:33,707 [printer.py:log_counts()] - Klipper version: v0.13.0-656-g4cc47cf56
2026-05-17 01:52:33,707 [printer.py:log_counts()] - # Extruders: 1
2026-05-17 01:52:33,707 [printer.py:log_counts()] - # Temperature devices: 1
2026-05-17 01:52:33,707 [printer.py:log_counts()] - # Fans: 4
2026-05-17 01:52:33,707 [printer.py:log_counts()] - # Output pins: 0
2026-05-17 01:52:33,707 [printer.py:log_counts()] - # PWM tools: 0
2026-05-17 01:52:33,707 [printer.py:log_counts()] - # Leds: 0
2026-05-17 01:52:33,971 [printer.py:change_state()] - Changing state from 'disconnected' to 'startup'
2026-05-17 01:52:33,971 [printer.py:change_state()] - Adding callback for state: startup
2026-05-17 01:52:33,973 [KlippyWebsocket.py:object_subscription()] - Sending printer.objects.subscribe
2026-05-17 01:52:33,974 [files.py:set_gcodes_path()] - Gcodes path: None
2026-05-17 01:52:33,975 [screen.py:_finish_init()] - Printer initialized
2026-05-17 01:52:34,002 [screen.py:set_dpms_timeout()] - DPMS on :0 set to: 3600
2026-05-17 01:52:34,002 [screen.py:set_screenblanking_timeout()] - Blanking timeout: 3600
2026-05-17 01:52:34,010 [screen.py:printer_initializing()] - Klipper is attempting to start
2026-05-17 01:52:34,011 [screen.py:set_server_config()] - Temperature store size: 1200
2026-05-17 01:52:34,011 [screen.py:set_tempstore()] - Moonraker tempstore not yet available
2026-05-17 01:52:34,012 [printer.py:init_temp_store()] - Temp store: ['extruder', 'heater_bed']
2026-05-17 01:53:13,522 [printer.py:change_state()] - Changing state from 'startup' to 'disconnected'
2026-05-17 01:53:13,522 [printer.py:change_state()] - Adding callback for state: disconnected
2026-05-17 01:53:13,547 [screen.py:set_dpms_timeout()] - DPMS on :0 set to: 3600
2026-05-17 01:53:13,547 [screen.py:set_screenblanking_timeout()] - Blanking timeout: 3600
2026-05-17 01:53:13,547 [screen.py:state_disconnected()] - ### Going to disconnected
2026-05-17 01:53:13,548 [screen.py:show_panel()] - Panel is already is in view
2026-05-17 01:53:13,553 [screen.py:printer_initializing()] - Klipper has disconnected
2026-05-17 01:53:17,666 [screen.py:printer_initializing()] - Initializing Klipper Connection
2026-05-17 01:53:17,701 [screen.py:printer_initializing()] - Unable to get printer info from moonraker
2026-05-17 01:53:21,666 [screen.py:printer_initializing()] - Initializing Klipper Connection
2026-05-17 01:53:21,707 [printer.py:log_counts()] - Klipper version: v0.13.0-656-g4cc47cf56
2026-05-17 01:53:21,707 [printer.py:log_counts()] - # Extruders: 1
2026-05-17 01:53:21,707 [printer.py:log_counts()] - # Temperature devices: 1
2026-05-17 01:53:21,707 [printer.py:log_counts()] - # Fans: 4
2026-05-17 01:53:21,707 [printer.py:log_counts()] - # Output pins: 0
2026-05-17 01:53:21,707 [printer.py:log_counts()] - # PWM tools: 0
2026-05-17 01:53:21,707 [printer.py:log_counts()] - # Leds: 0
2026-05-17 01:53:21,959 [printer.py:change_state()] - Changing state from 'disconnected' to 'startup'
2026-05-17 01:53:21,959 [printer.py:change_state()] - Adding callback for state: startup
2026-05-17 01:53:21,960 [KlippyWebsocket.py:object_subscription()] - Sending printer.objects.subscribe
2026-05-17 01:53:21,961 [files.py:set_gcodes_path()] - Gcodes path: None
2026-05-17 01:53:21,961 [screen.py:_finish_init()] - Printer initialized
2026-05-17 01:53:21,975 [screen.py:set_dpms_timeout()] - DPMS on :0 set to: 3600
2026-05-17 01:53:21,975 [screen.py:set_screenblanking_timeout()] - Blanking timeout: 3600
2026-05-17 01:53:21,979 [screen.py:printer_initializing()] - Klipper is attempting to start
2026-05-17 01:53:21,980 [screen.py:set_server_config()] - Temperature store size: 1200
2026-05-17 01:53:21,980 [screen.py:set_tempstore()] - Moonraker tempstore not yet available
2026-05-17 01:53:21,980 [printer.py:init_temp_store()] - Temp store: ['extruder', 'heater_bed']
2026-05-17 01:54:10,833 [printer.py:change_state()] - Changing state from 'startup' to 'disconnected'
2026-05-17 01:54:10,834 [printer.py:change_state()] - Adding callback for state: disconnected
2026-05-17 01:54:10,857 [screen.py:set_dpms_timeout()] - DPMS on :0 set to: 3600
2026-05-17 01:54:10,858 [screen.py:set_screenblanking_timeout()] - Blanking timeout: 3600
2026-05-17 01:54:10,858 [screen.py:state_disconnected()] - ### Going to disconnected
2026-05-17 01:54:10,859 [screen.py:show_panel()] - Panel is already is in view
2026-05-17 01:54:10,868 [screen.py:printer_initializing()] - Klipper has disconnected
2026-05-17 01:54:14,666 [screen.py:printer_initializing()] - Initializing Klipper Connection
2026-05-17 01:54:14,707 [printer.py:log_counts()] - Klipper version: v0.13.0-656-g4cc47cf56
2026-05-17 01:54:14,707 [printer.py:log_counts()] - # Extruders: 1
2026-05-17 01:54:14,707 [printer.py:log_counts()] - # Temperature devices: 1
2026-05-17 01:54:14,707 [printer.py:log_counts()] - # Fans: 4
2026-05-17 01:54:14,707 [printer.py:log_counts()] - # Output pins: 0
2026-05-17 01:54:14,708 [printer.py:log_counts()] - # PWM tools: 0
2026-05-17 01:54:14,708 [printer.py:log_counts()] - # Leds: 0
2026-05-17 01:54:14,959 [printer.py:change_state()] - Changing state from 'disconnected' to 'startup'
2026-05-17 01:54:14,959 [printer.py:change_state()] - Adding callback for state: startup
2026-05-17 01:54:14,961 [KlippyWebsocket.py:object_subscription()] - Sending printer.objects.subscribe
2026-05-17 01:54:14,962 [files.py:set_gcodes_path()] - Gcodes path: None
2026-05-17 01:54:14,962 [screen.py:_finish_init()] - Printer initialized
2026-05-17 01:54:14,977 [screen.py:set_dpms_timeout()] - DPMS on :0 set to: 3600
2026-05-17 01:54:14,978 [screen.py:set_screenblanking_timeout()] - Blanking timeout: 3600
2026-05-17 01:54:14,981 [screen.py:printer_initializing()] - Klipper is attempting to start
2026-05-17 01:54:14,982 [screen.py:set_server_config()] - Temperature store size: 1200
2026-05-17 01:54:14,982 [screen.py:set_tempstore()] - Moonraker tempstore not yet available
2026-05-17 01:54:14,982 [printer.py:init_temp_store()] - Temp store: ['extruder', 'heater_bed']
2026-05-17 01:54:17,868 [printer.py:change_state()] - Changing state from 'startup' to 'disconnected'
2026-05-17 01:54:17,869 [printer.py:change_state()] - Adding callback for state: disconnected
2026-05-17 01:54:17,886 [screen.py:set_dpms_timeout()] - DPMS on :0 set to: 3600
2026-05-17 01:54:17,886 [screen.py:set_screenblanking_timeout()] - Blanking timeout: 3600
2026-05-17 01:54:17,887 [screen.py:state_disconnected()] - ### Going to disconnected
2026-05-17 01:54:17,887 [screen.py:show_panel()] - Panel is already is in view
2026-05-17 01:54:17,891 [screen.py:printer_initializing()] - Klipper has disconnected
2026-05-17 01:54:21,666 [screen.py:printer_initializing()] - Initializing Klipper Connection
2026-05-17 01:54:21,705 [printer.py:log_counts()] - Klipper version: v0.13.0-656-g4cc47cf56
2026-05-17 01:54:21,706 [printer.py:log_counts()] - # Extruders: 1
2026-05-17 01:54:21,706 [printer.py:log_counts()] - # Temperature devices: 1
2026-05-17 01:54:21,706 [printer.py:log_counts()] - # Fans: 4
2026-05-17 01:54:21,706 [printer.py:log_counts()] - # Output pins: 0
2026-05-17 01:54:21,706 [printer.py:log_counts()] - # PWM tools: 0
2026-05-17 01:54:21,706 [printer.py:log_counts()] - # Leds: 0
2026-05-17 01:54:21,959 [printer.py:change_state()] - Changing state from 'disconnected' to 'startup'
2026-05-17 01:54:21,959 [printer.py:change_state()] - Adding callback for state: startup
2026-05-17 01:54:21,960 [KlippyWebsocket.py:object_subscription()] - Sending printer.objects.subscribe
2026-05-17 01:54:21,961 [files.py:set_gcodes_path()] - Gcodes path: None
2026-05-17 01:54:21,961 [screen.py:_finish_init()] - Printer initialized
2026-05-17 01:54:21,976 [screen.py:set_dpms_timeout()] - DPMS on :0 set to: 3600
2026-05-17 01:54:21,977 [screen.py:set_screenblanking_timeout()] - Blanking timeout: 3600
2026-05-17 01:54:21,980 [screen.py:printer_initializing()] - Klipper is attempting to start
2026-05-17 01:54:21,981 [screen.py:set_server_config()] - Temperature store size: 1200
2026-05-17 01:54:21,981 [screen.py:set_tempstore()] - Moonraker tempstore not yet available
2026-05-17 01:54:21,981 [printer.py:init_temp_store()] - Temp store: ['extruder', 'heater_bed']
2026-05-17 01:55:48,689 [printer.py:change_state()] - Changing state from 'startup' to 'error'
2026-05-17 01:55:48,689 [printer.py:change_state()] - Adding callback for state: error
2026-05-17 01:55:48,710 [screen.py:set_dpms_timeout()] - DPMS on :0 set to: 3600
2026-05-17 01:55:48,710 [screen.py:set_screenblanking_timeout()] - Blanking timeout: 3600
2026-05-17 01:55:48,710 [screen.py:show_panel()] - Panel is already is in view
2026-05-17 01:55:48,718 [screen.py:printer_initializing()] - Klipper has encountered an error.
A FIRMWARE_RESTART may fix the issue.
mcu 'mcu': Unable to connect
Once the underlying issue is corrected, use the
"FIRMWARE_RESTART" command to reset the firmware, reload the
config, and restart the host software.
Error configuring printer

2026-05-17 01:57:33,589 [printer.py:change_state()] - Changing state from 'error' to 'disconnected'
2026-05-17 01:57:33,590 [printer.py:change_state()] - Adding callback for state: disconnected
2026-05-17 01:57:33,609 [screen.py:set_dpms_timeout()] - DPMS on :0 set to: 3600
2026-05-17 01:57:33,610 [screen.py:set_screenblanking_timeout()] - Blanking timeout: 3600
2026-05-17 01:57:33,610 [screen.py:state_disconnected()] - ### Going to disconnected
2026-05-17 01:57:33,610 [screen.py:show_panel()] - Panel is already is in view
2026-05-17 01:57:33,618 [screen.py:printer_initializing()] - Klipper has disconnected
2026-05-17 01:57:37,666 [screen.py:printer_initializing()] - Initializing Klipper Connection
2026-05-17 01:57:37,703 [printer.py:log_counts()] - Klipper version: v0.13.0-656-g4cc47cf56
2026-05-17 01:57:37,703 [printer.py:log_counts()] - # Extruders: 1
2026-05-17 01:57:37,703 [printer.py:log_counts()] - # Temperature devices: 1
2026-05-17 01:57:37,703 [printer.py:log_counts()] - # Fans: 1
2026-05-17 01:57:37,703 [printer.py:log_counts()] - # Output pins: 0
2026-05-17 01:57:37,703 [printer.py:log_counts()] - # PWM tools: 0
2026-05-17 01:57:37,703 [printer.py:log_counts()] - # Leds: 0
2026-05-17 01:57:37,955 [printer.py:change_state()] - Changing state from 'disconnected' to 'startup'
2026-05-17 01:57:37,955 [printer.py:change_state()] - Adding callback for state: startup
2026-05-17 01:57:37,957 [KlippyWebsocket.py:object_subscription()] - Sending printer.objects.subscribe
2026-05-17 01:57:37,957 [files.py:set_gcodes_path()] - Gcodes path: None
2026-05-17 01:57:37,958 [screen.py:_finish_init()] - Printer initialized
2026-05-17 01:57:37,973 [screen.py:set_dpms_timeout()] - DPMS on :0 set to: 3600
2026-05-17 01:57:37,973 [screen.py:set_screenblanking_timeout()] - Blanking timeout: 3600
2026-05-17 01:57:37,977 [screen.py:printer_initializing()] - Klipper is attempting to start
2026-05-17 01:57:37,978 [screen.py:set_server_config()] - Temperature store size: 1200
2026-05-17 01:57:37,978 [screen.py:set_tempstore()] - Moonraker tempstore not yet available
2026-05-17 01:57:37,978 [printer.py:init_temp_store()] - Temp store: ['extruder', 'heater_bed']
2026-05-17 01:58:56,513 [printer.py:change_state()] - Changing state from 'startup' to 'disconnected'
2026-05-17 01:58:56,514 [printer.py:change_state()] - Adding callback for state: disconnected
2026-05-17 01:58:56,530 [screen.py:set_dpms_timeout()] - DPMS on :0 set to: 3600
2026-05-17 01:58:56,530 [screen.py:set_screenblanking_timeout()] - Blanking timeout: 3600
2026-05-17 01:58:56,530 [screen.py:state_disconnected()] - ### Going to disconnected
2026-05-17 01:58:56,530 [screen.py:show_panel()] - Panel is already is in view
2026-05-17 01:58:56,535 [screen.py:printer_initializing()] - Klipper has disconnected
2026-05-17 01:59:00,666 [screen.py:printer_initializing()] - Initializing Klipper Connection
2026-05-17 01:59:00,710 [printer.py:log_counts()] - Klipper version: v0.13.0-656-g4cc47cf56
2026-05-17 01:59:00,710 [printer.py:log_counts()] - # Extruders: 1
2026-05-17 01:59:00,710 [printer.py:log_counts()] - # Temperature devices: 1
2026-05-17 01:59:00,710 [printer.py:log_counts()] - # Fans: 4
2026-05-17 01:59:00,710 [printer.py:log_counts()] - # Output pins: 0
2026-05-17 01:59:00,710 [printer.py:log_counts()] - # PWM tools: 0
2026-05-17 01:59:00,710 [printer.py:log_counts()] - # Leds: 0
2026-05-17 01:59:00,963 [printer.py:change_state()] - Changing state from 'disconnected' to 'startup'
2026-05-17 01:59:00,963 [printer.py:change_state()] - Adding callback for state: startup
2026-05-17 01:59:00,964 [KlippyWebsocket.py:object_subscription()] - Sending printer.objects.subscribe
2026-05-17 01:59:00,965 [files.py:set_gcodes_path()] - Gcodes path: None
2026-05-17 01:59:00,965 [screen.py:_finish_init()] - Printer initialized
2026-05-17 01:59:00,980 [screen.py:set_dpms_timeout()] - DPMS on :0 set to: 3600
2026-05-17 01:59:00,981 [screen.py:set_screenblanking_timeout()] - Blanking timeout: 3600
2026-05-17 01:59:00,985 [screen.py:printer_initializing()] - Klipper is attempting to start
2026-05-17 01:59:00,985 [screen.py:set_server_config()] - Temperature store size: 1200
2026-05-17 01:59:00,985 [screen.py:set_tempstore()] - Moonraker tempstore not yet available
2026-05-17 01:59:00,986 [printer.py:init_temp_store()] - Temp store: ['extruder', 'heater_bed']
2026-05-17 02:00:05,186 [printer.py:change_state()] - Changing state from 'startup' to 'disconnected'
2026-05-17 02:00:05,186 [printer.py:change_state()] - Adding callback for state: disconnected
2026-05-17 02:00:05,213 [screen.py:set_dpms_timeout()] - DPMS on :0 set to: 3600
2026-05-17 02:00:05,213 [screen.py:set_screenblanking_timeout()] - Blanking timeout: 3600
2026-05-17 02:00:05,213 [screen.py:state_disconnected()] - ### Going to disconnected
2026-05-17 02:00:05,213 [screen.py:show_panel()] - Panel is already is in view
2026-05-17 02:00:05,218 [screen.py:printer_initializing()] - Klipper has disconnected
2026-05-17 02:00:09,666 [screen.py:printer_initializing()] - Initializing Klipper Connection
2026-05-17 02:00:09,703 [printer.py:log_counts()] - Klipper version: v0.13.0-656-g4cc47cf56
2026-05-17 02:00:09,704 [printer.py:log_counts()] - # Extruders: 1
2026-05-17 02:00:09,704 [printer.py:log_counts()] - # Temperature devices: 1
2026-05-17 02:00:09,704 [printer.py:log_counts()] - # Fans: 1
2026-05-17 02:00:09,704 [printer.py:log_counts()] - # Output pins: 0
2026-05-17 02:00:09,704 [printer.py:log_counts()] - # PWM tools: 0
2026-05-17 02:00:09,704 [printer.py:log_counts()] - # Leds: 0
2026-05-17 02:00:09,956 [printer.py:change_state()] - Changing state from 'disconnected' to 'startup'
2026-05-17 02:00:09,956 [printer.py:change_state()] - Adding callback for state: startup
2026-05-17 02:00:09,958 [KlippyWebsocket.py:object_subscription()] - Sending printer.objects.subscribe
2026-05-17 02:00:09,958 [files.py:set_gcodes_path()] - Gcodes path: None
2026-05-17 02:00:09,959 [screen.py:_finish_init()] - Printer initialized
2026-05-17 02:00:09,974 [screen.py:set_dpms_timeout()] - DPMS on :0 set to: 3600
2026-05-17 02:00:09,975 [screen.py:set_screenblanking_timeout()] - Blanking timeout: 3600
2026-05-17 02:00:09,978 [screen.py:printer_initializing()] - Klipper is attempting to start
2026-05-17 02:00:09,979 [screen.py:set_server_config()] - Temperature store size: 1200
2026-05-17 02:00:09,979 [screen.py:set_tempstore()] - Moonraker tempstore not yet available
2026-05-17 02:00:09,979 [printer.py:init_temp_store()] - Temp store: ['extruder', 'heater_bed']
2026-05-17 02:01:35,447 [printer.py:change_state()] - Changing state from 'startup' to 'error'
2026-05-17 02:01:35,447 [printer.py:change_state()] - Adding callback for state: error
2026-05-17 02:01:35,470 [screen.py:set_dpms_timeout()] - DPMS on :0 set to: 3600
2026-05-17 02:01:35,471 [screen.py:set_screenblanking_timeout()] - Blanking timeout: 3600
2026-05-17 02:01:35,471 [screen.py:show_panel()] - Panel is already is in view
2026-05-17 02:01:35,481 [screen.py:printer_initializing()] - Klipper has encountered an error.
A FIRMWARE_RESTART may fix the issue.
mcu 'mcu': Unable to connect
Once the underlying issue is corrected, use the
"FIRMWARE_RESTART" command to reset the firmware, reload the
config, and restart the host software.
Error configuring printer

2026-05-17 02:04:25,012 [printer.py:change_state()] - Changing state from 'error' to 'disconnected'
2026-05-17 02:04:25,013 [printer.py:change_state()] - Adding callback for state: disconnected
2026-05-17 02:04:25,033 [screen.py:set_dpms_timeout()] - DPMS on :0 set to: 3600
2026-05-17 02:04:25,034 [screen.py:set_screenblanking_timeout()] - Blanking timeout: 3600
2026-05-17 02:04:25,034 [screen.py:state_disconnected()] - ### Going to disconnected
2026-05-17 02:04:25,035 [screen.py:show_panel()] - Panel is already is in view
2026-05-17 02:04:25,043 [screen.py:printer_initializing()] - Klipper has disconnected
2026-05-17 02:04:29,666 [screen.py:printer_initializing()] - Initializing Klipper Connection
2026-05-17 02:04:29,703 [printer.py:log_counts()] - Klipper version: v0.13.0-656-g4cc47cf56
2026-05-17 02:04:29,703 [printer.py:log_counts()] - # Extruders: 1
2026-05-17 02:04:29,703 [printer.py:log_counts()] - # Temperature devices: 1
2026-05-17 02:04:29,704 [printer.py:log_counts()] - # Fans: 1
2026-05-17 02:04:29,704 [printer.py:log_counts()] - # Output pins: 0
2026-05-17 02:04:29,704 [printer.py:log_counts()] - # PWM tools: 0
2026-05-17 02:04:29,704 [printer.py:log_counts()] - # Leds: 0
2026-05-17 02:04:29,955 [printer.py:change_state()] - Changing state from 'disconnected' to 'startup'
2026-05-17 02:04:29,956 [printer.py:change_state()] - Adding callback for state: startup
2026-05-17 02:04:29,957 [KlippyWebsocket.py:object_subscription()] - Sending printer.objects.subscribe
2026-05-17 02:04:29,958 [files.py:set_gcodes_path()] - Gcodes path: None
2026-05-17 02:04:29,958 [screen.py:_finish_init()] - Printer initialized
2026-05-17 02:04:29,973 [screen.py:set_dpms_timeout()] - DPMS on :0 set to: 3600
2026-05-17 02:04:29,973 [screen.py:set_screenblanking_timeout()] - Blanking timeout: 3600
2026-05-17 02:04:29,977 [screen.py:printer_initializing()] - Klipper is attempting to start
2026-05-17 02:04:29,978 [screen.py:set_server_config()] - Temperature store size: 1200
2026-05-17 02:04:29,978 [screen.py:set_tempstore()] - Moonraker tempstore not yet available
2026-05-17 02:04:29,978 [printer.py:init_temp_store()] - Temp store: ['extruder', 'heater_bed']
2026-05-17 02:05:55,206 [printer.py:change_state()] - Changing state from 'startup' to 'error'
2026-05-17 02:05:55,206 [printer.py:change_state()] - Adding callback for state: error
2026-05-17 02:05:55,227 [screen.py:set_dpms_timeout()] - DPMS on :0 set to: 3600
2026-05-17 02:05:55,227 [screen.py:set_screenblanking_timeout()] - Blanking timeout: 3600
2026-05-17 02:05:55,228 [screen.py:show_panel()] - Panel is already is in view
2026-05-17 02:05:55,236 [screen.py:printer_initializing()] - Klipper has encountered an error.
A FIRMWARE_RESTART may fix the issue.
mcu 'mcu': Unable to connect
Once the underlying issue is corrected, use the
"FIRMWARE_RESTART" command to reset the firmware, reload the
config, and restart the host software.
Error configuring printer

2026-05-17 02:07:57,190 [printer.py:change_state()] - Changing state from 'error' to 'disconnected'
2026-05-17 02:07:57,190 [printer.py:change_state()] - Adding callback for state: disconnected
2026-05-17 02:07:57,213 [screen.py:set_dpms_timeout()] - DPMS on :0 set to: 3600
2026-05-17 02:07:57,213 [screen.py:set_screenblanking_timeout()] - Blanking timeout: 3600
2026-05-17 02:07:57,213 [screen.py:state_disconnected()] - ### Going to disconnected
2026-05-17 02:07:57,214 [screen.py:show_panel()] - Panel is already is in view
2026-05-17 02:07:57,219 [screen.py:printer_initializing()] - Klipper has disconnected
2026-05-17 02:08:01,666 [screen.py:printer_initializing()] - Initializing Klipper Connection
2026-05-17 02:08:01,699 [screen.py:printer_initializing()] - Unable to get printer info from moonraker
2026-05-17 02:08:05,666 [screen.py:printer_initializing()] - Initializing Klipper Connection
2026-05-17 02:08:05,703 [printer.py:log_counts()] - Klipper version: v0.13.0-656-g4cc47cf56
2026-05-17 02:08:05,703 [printer.py:log_counts()] - # Extruders: 1
2026-05-17 02:08:05,703 [printer.py:log_counts()] - # Temperature devices: 1
2026-05-17 02:08:05,703 [printer.py:log_counts()] - # Fans: 1
2026-05-17 02:08:05,703 [printer.py:log_counts()] - # Output pins: 0
2026-05-17 02:08:05,703 [printer.py:log_counts()] - # PWM tools: 0
2026-05-17 02:08:05,703 [printer.py:log_counts()] - # Leds: 0
2026-05-17 02:08:05,955 [printer.py:change_state()] - Changing state from 'disconnected' to 'startup'
2026-05-17 02:08:05,955 [printer.py:change_state()] - Adding callback for state: startup
2026-05-17 02:08:05,957 [KlippyWebsocket.py:object_subscription()] - Sending printer.objects.subscribe
2026-05-17 02:08:05,957 [files.py:set_gcodes_path()] - Gcodes path: None
2026-05-17 02:08:05,958 [screen.py:_finish_init()] - Printer initialized
2026-05-17 02:08:05,973 [screen.py:set_dpms_timeout()] - DPMS on :0 set to: 3600
2026-05-17 02:08:05,973 [screen.py:set_screenblanking_timeout()] - Blanking timeout: 3600
2026-05-17 02:08:05,977 [screen.py:printer_initializing()] - Klipper is attempting to start
2026-05-17 02:08:05,978 [screen.py:set_server_config()] - Temperature store size: 1200
2026-05-17 02:08:05,978 [screen.py:set_tempstore()] - Moonraker tempstore not yet available
2026-05-17 02:08:05,978 [printer.py:init_temp_store()] - Temp store: ['extruder', 'heater_bed']
2026-05-17 02:09:34,456 [printer.py:change_state()] - Changing state from 'startup' to 'error'
2026-05-17 02:09:34,456 [printer.py:change_state()] - Adding callback for state: error
2026-05-17 02:09:34,479 [screen.py:set_dpms_timeout()] - DPMS on :0 set to: 3600
2026-05-17 02:09:34,479 [screen.py:set_screenblanking_timeout()] - Blanking timeout: 3600
2026-05-17 02:09:34,480 [screen.py:show_panel()] - Panel is already is in view
2026-05-17 02:09:34,489 [screen.py:printer_initializing()] - Klipper has encountered an error.
A FIRMWARE_RESTART may fix the issue.
mcu 'mcu': Unable to connect
Once the underlying issue is corrected, use the
"FIRMWARE_RESTART" command to reset the firmware, reload the
config, and restart the host software.
Error configuring printer

2026-05-17 02:11:39,368 [printer.py:change_state()] - Changing state from 'error' to 'disconnected'
2026-05-17 02:11:39,368 [printer.py:change_state()] - Adding callback for state: disconnected
2026-05-17 02:11:39,389 [screen.py:set_dpms_timeout()] - DPMS on :0 set to: 3600
2026-05-17 02:11:39,390 [screen.py:set_screenblanking_timeout()] - Blanking timeout: 3600
2026-05-17 02:11:39,390 [screen.py:state_disconnected()] - ### Going to disconnected
2026-05-17 02:11:39,390 [screen.py:show_panel()] - Panel is already is in view
2026-05-17 02:11:39,398 [screen.py:printer_initializing()] - Klipper has disconnected
2026-05-17 02:11:43,665 [screen.py:printer_initializing()] - Initializing Klipper Connection
2026-05-17 02:11:43,705 [printer.py:log_counts()] - Klipper version: v0.13.0-656-g4cc47cf56
2026-05-17 02:11:43,705 [printer.py:log_counts()] - # Extruders: 1
2026-05-17 02:11:43,705 [printer.py:log_counts()] - # Temperature devices: 1
2026-05-17 02:11:43,705 [printer.py:log_counts()] - # Fans: 1
2026-05-17 02:11:43,705 [printer.py:log_counts()] - # Output pins: 0
2026-05-17 02:11:43,705 [printer.py:log_counts()] - # PWM tools: 0
2026-05-17 02:11:43,706 [printer.py:log_counts()] - # Leds: 0
2026-05-17 02:11:43,957 [printer.py:change_state()] - Changing state from 'disconnected' to 'startup'
2026-05-17 02:11:43,957 [printer.py:change_state()] - Adding callback for state: startup
2026-05-17 02:11:43,958 [KlippyWebsocket.py:object_subscription()] - Sending printer.objects.subscribe
2026-05-17 02:11:43,959 [files.py:set_gcodes_path()] - Gcodes path: None
2026-05-17 02:11:43,959 [screen.py:_finish_init()] - Printer initialized
2026-05-17 02:11:43,975 [screen.py:set_dpms_timeout()] - DPMS on :0 set to: 3600
2026-05-17 02:11:43,975 [screen.py:set_screenblanking_timeout()] - Blanking timeout: 3600
2026-05-17 02:11:43,979 [screen.py:printer_initializing()] - Klipper is attempting to start
2026-05-17 02:11:43,979 [screen.py:set_server_config()] - Temperature store size: 1200
2026-05-17 02:11:43,980 [screen.py:set_tempstore()] - Moonraker tempstore not yet available
2026-05-17 02:11:43,980 [printer.py:init_temp_store()] - Temp store: ['extruder', 'heater_bed']
2026-05-17 02:11:57,859 [printer.py:change_state()] - Changing state from 'startup' to 'disconnected'
2026-05-17 02:11:57,860 [printer.py:change_state()] - Adding callback for state: disconnected
2026-05-17 02:11:57,880 [screen.py:set_dpms_timeout()] - DPMS on :0 set to: 3600
2026-05-17 02:11:57,881 [screen.py:set_screenblanking_timeout()] - Blanking timeout: 3600
2026-05-17 02:11:57,881 [screen.py:state_disconnected()] - ### Going to disconnected
2026-05-17 02:11:57,881 [screen.py:show_panel()] - Panel is already is in view
2026-05-17 02:11:57,889 [screen.py:printer_initializing()] - Klipper has disconnected
2026-05-17 02:12:01,665 [screen.py:printer_initializing()] - Initializing Klipper Connection
2026-05-17 02:12:01,700 [printer.py:log_counts()] - Klipper version: v0.13.0-656-g4cc47cf56
2026-05-17 02:12:01,700 [printer.py:log_counts()] - # Extruders: 1
2026-05-17 02:12:01,700 [printer.py:log_counts()] - # Temperature devices: 1
2026-05-17 02:12:01,700 [printer.py:log_counts()] - # Fans: 1
2026-05-17 02:12:01,701 [printer.py:log_counts()] - # Output pins: 0
2026-05-17 02:12:01,701 [printer.py:log_counts()] - # PWM tools: 0
2026-05-17 02:12:01,701 [printer.py:log_counts()] - # Leds: 0
2026-05-17 02:12:01,953 [printer.py:change_state()] - Changing state from 'disconnected' to 'startup'
2026-05-17 02:12:01,953 [printer.py:change_state()] - Adding callback for state: startup
2026-05-17 02:12:01,954 [KlippyWebsocket.py:object_subscription()] - Sending printer.objects.subscribe
2026-05-17 02:12:01,955 [files.py:set_gcodes_path()] - Gcodes path: None
2026-05-17 02:12:01,955 [screen.py:_finish_init()] - Printer initialized
2026-05-17 02:12:01,971 [screen.py:set_dpms_timeout()] - DPMS on :0 set to: 3600
2026-05-17 02:12:01,971 [screen.py:set_screenblanking_timeout()] - Blanking timeout: 3600
2026-05-17 02:12:01,975 [screen.py:printer_initializing()] - Klipper is attempting to start
2026-05-17 02:12:01,976 [screen.py:set_server_config()] - Temperature store size: 1200
2026-05-17 02:12:01,976 [screen.py:set_tempstore()] - Moonraker tempstore not yet available
2026-05-17 02:12:01,976 [printer.py:init_temp_store()] - Temp store: ['extruder', 'heater_bed']
2026-05-17 02:12:14,691 [printer.py:change_state()] - Changing state from 'startup' to 'disconnected'
2026-05-17 02:12:14,691 [printer.py:change_state()] - Adding callback for state: disconnected
2026-05-17 02:12:14,705 [screen.py:set_dpms_timeout()] - DPMS on :0 set to: 3600
2026-05-17 02:12:14,705 [screen.py:set_screenblanking_timeout()] - Blanking timeout: 3600
2026-05-17 02:12:14,705 [screen.py:state_disconnected()] - ### Going to disconnected
2026-05-17 02:12:14,705 [screen.py:show_panel()] - Panel is already is in view
2026-05-17 02:12:14,710 [screen.py:printer_initializing()] - Klipper has disconnected
2026-05-17 02:12:18,667 [screen.py:printer_initializing()] - Initializing Klipper Connection
2026-05-17 02:12:18,705 [printer.py:log_counts()] - Klipper version: v0.13.0-656-g4cc47cf56
2026-05-17 02:12:18,705 [printer.py:log_counts()] - # Extruders: 1
2026-05-17 02:12:18,705 [printer.py:log_counts()] - # Temperature devices: 1
2026-05-17 02:12:18,705 [printer.py:log_counts()] - # Fans: 1
2026-05-17 02:12:18,705 [printer.py:log_counts()] - # Output pins: 0
2026-05-17 02:12:18,705 [printer.py:log_counts()] - # PWM tools: 0
2026-05-17 02:12:18,705 [printer.py:log_counts()] - # Leds: 0
2026-05-17 02:12:18,957 [printer.py:change_state()] - Changing state from 'disconnected' to 'startup'
2026-05-17 02:12:18,957 [printer.py:change_state()] - Adding callback for state: startup
2026-05-17 02:12:18,959 [KlippyWebsocket.py:object_subscription()] - Sending printer.objects.subscribe
2026-05-17 02:12:18,960 [files.py:set_gcodes_path()] - Gcodes path: None
2026-05-17 02:12:18,960 [screen.py:_finish_init()] - Printer initialized
2026-05-17 02:12:18,975 [screen.py:set_dpms_timeout()] - DPMS on :0 set to: 3600
2026-05-17 02:12:18,975 [screen.py:set_screenblanking_timeout()] - Blanking timeout: 3600
2026-05-17 02:12:18,979 [screen.py:printer_initializing()] - Klipper is attempting to start
2026-05-17 02:12:18,980 [screen.py:set_server_config()] - Temperature store size: 1200
2026-05-17 02:12:18,980 [screen.py:set_tempstore()] - Moonraker tempstore not yet available
2026-05-17 02:12:18,980 [printer.py:init_temp_store()] - Temp store: ['extruder', 'heater_bed']
2026-05-17 02:13:45,935 [printer.py:change_state()] - Changing state from 'startup' to 'error'
2026-05-17 02:13:45,935 [printer.py:change_state()] - Adding callback for state: error
2026-05-17 02:13:45,952 [screen.py:set_dpms_timeout()] - DPMS on :0 set to: 3600
2026-05-17 02:13:45,952 [screen.py:set_screenblanking_timeout()] - Blanking timeout: 3600
2026-05-17 02:13:45,952 [screen.py:show_panel()] - Panel is already is in view
2026-05-17 02:13:45,957 [screen.py:printer_initializing()] - Klipper has encountered an error.
A FIRMWARE_RESTART may fix the issue.
mcu 'mcu': Unable to connect
Once the underlying issue is corrected, use the
"FIRMWARE_RESTART" command to reset the firmware, reload the
config, and restart the host software.
Error configuring printer

2026-05-17 02:14:55,692 [printer.py:change_state()] - Changing state from 'error' to 'disconnected'
2026-05-17 02:14:55,693 [printer.py:change_state()] - Adding callback for state: disconnected
2026-05-17 02:14:55,707 [screen.py:set_dpms_timeout()] - DPMS on :0 set to: 3600
2026-05-17 02:14:55,708 [screen.py:set_screenblanking_timeout()] - Blanking timeout: 3600
2026-05-17 02:14:55,708 [screen.py:state_disconnected()] - ### Going to disconnected
2026-05-17 02:14:55,708 [screen.py:show_panel()] - Panel is already is in view
2026-05-17 02:14:55,713 [screen.py:printer_initializing()] - Klipper has disconnected
2026-05-17 02:14:59,666 [screen.py:printer_initializing()] - Initializing Klipper Connection
2026-05-17 02:14:59,701 [screen.py:printer_initializing()] - Unable to get printer info from moonraker
2026-05-17 02:15:03,666 [screen.py:printer_initializing()] - Initializing Klipper Connection
2026-05-17 02:15:03,704 [printer.py:log_counts()] - Klipper version: v0.13.0-656-g4cc47cf56
2026-05-17 02:15:03,704 [printer.py:log_counts()] - # Extruders: 1
2026-05-17 02:15:03,704 [printer.py:log_counts()] - # Temperature devices: 1
2026-05-17 02:15:03,705 [printer.py:log_counts()] - # Fans: 1
2026-05-17 02:15:03,705 [printer.py:log_counts()] - # Output pins: 0
2026-05-17 02:15:03,705 [printer.py:log_counts()] - # PWM tools: 0
2026-05-17 02:15:03,705 [printer.py:log_counts()] - # Leds: 0
2026-05-17 02:15:03,956 [printer.py:change_state()] - Changing state from 'disconnected' to 'startup'
2026-05-17 02:15:03,957 [printer.py:change_state()] - Adding callback for state: startup
2026-05-17 02:15:03,958 [KlippyWebsocket.py:object_subscription()] - Sending printer.objects.subscribe
2026-05-17 02:15:03,959 [files.py:set_gcodes_path()] - Gcodes path: None
2026-05-17 02:15:03,959 [screen.py:_finish_init()] - Printer initialized
2026-05-17 02:15:03,974 [screen.py:set_dpms_timeout()] - DPMS on :0 set to: 3600
2026-05-17 02:15:03,974 [screen.py:set_screenblanking_timeout()] - Blanking timeout: 3600
2026-05-17 02:15:03,978 [screen.py:printer_initializing()] - Klipper is attempting to start
2026-05-17 02:15:03,979 [screen.py:set_server_config()] - Temperature store size: 1200
2026-05-17 02:15:03,979 [screen.py:set_tempstore()] - Moonraker tempstore not yet available
2026-05-17 02:15:03,979 [printer.py:init_temp_store()] - Temp store: ['extruder', 'heater_bed']
2026-05-17 02:16:33,458 [printer.py:change_state()] - Changing state from 'startup' to 'error'
2026-05-17 02:16:33,459 [printer.py:change_state()] - Adding callback for state: error
2026-05-17 02:16:33,482 [screen.py:set_dpms_timeout()] - DPMS on :0 set to: 3600
2026-05-17 02:16:33,483 [screen.py:set_screenblanking_timeout()] - Blanking timeout: 3600
2026-05-17 02:16:33,483 [screen.py:show_panel()] - Panel is already is in view
2026-05-17 02:16:33,492 [screen.py:printer_initializing()] - Klipper has encountered an error.
A FIRMWARE_RESTART may fix the issue.
mcu 'mcu': Unable to connect
Once the underlying issue is corrected, use the
"FIRMWARE_RESTART" command to reset the firmware, reload the
config, and restart the host software.
Error configuring printer

2026-05-17 02:16:36,223 [printer.py:change_state()] - Changing state from 'error' to 'disconnected'
2026-05-17 02:16:36,224 [printer.py:change_state()] - Adding callback for state: disconnected
2026-05-17 02:16:36,238 [screen.py:set_dpms_timeout()] - DPMS on :0 set to: 3600
2026-05-17 02:16:36,239 [screen.py:set_screenblanking_timeout()] - Blanking timeout: 3600
2026-05-17 02:16:36,239 [screen.py:state_disconnected()] - ### Going to disconnected
2026-05-17 02:16:36,239 [screen.py:show_panel()] - Panel is already is in view
2026-05-17 02:16:36,244 [screen.py:printer_initializing()] - Klipper has disconnected
2026-05-17 02:16:40,672 [screen.py:printer_initializing()] - Initializing Klipper Connection
2026-05-17 02:16:40,739 [screen.py:printer_initializing()] - Unable to get printer info from moonraker
2026-05-17 02:16:44,666 [screen.py:printer_initializing()] - Initializing Klipper Connection
2026-05-17 02:16:44,703 [printer.py:log_counts()] - Klipper version: v0.13.0-656-g4cc47cf56
2026-05-17 02:16:44,703 [printer.py:log_counts()] - # Extruders: 1
2026-05-17 02:16:44,703 [printer.py:log_counts()] - # Temperature devices: 1
2026-05-17 02:16:44,703 [printer.py:log_counts()] - # Fans: 1
2026-05-17 02:16:44,703 [printer.py:log_counts()] - # Output pins: 0
2026-05-17 02:16:44,703 [printer.py:log_counts()] - # PWM tools: 0
2026-05-17 02:16:44,703 [printer.py:log_counts()] - # Leds: 0
2026-05-17 02:16:44,956 [printer.py:change_state()] - Changing state from 'disconnected' to 'startup'
2026-05-17 02:16:44,957 [printer.py:change_state()] - Adding callback for state: startup
2026-05-17 02:16:44,958 [KlippyWebsocket.py:object_subscription()] - Sending printer.objects.subscribe
2026-05-17 02:16:44,959 [files.py:set_gcodes_path()] - Gcodes path: None
2026-05-17 02:16:44,959 [screen.py:_finish_init()] - Printer initialized
2026-05-17 02:16:44,974 [screen.py:set_dpms_timeout()] - DPMS on :0 set to: 3600
2026-05-17 02:16:44,975 [screen.py:set_screenblanking_timeout()] - Blanking timeout: 3600
2026-05-17 02:16:44,979 [screen.py:printer_initializing()] - Klipper is attempting to start
2026-05-17 02:16:44,979 [screen.py:set_server_config()] - Temperature store size: 1200
2026-05-17 02:16:44,979 [screen.py:set_tempstore()] - Moonraker tempstore not yet available
2026-05-17 02:16:44,980 [printer.py:init_temp_store()] - Temp store: ['extruder', 'heater_bed']
2026-05-17 02:18:13,952 [printer.py:change_state()] - Changing state from 'startup' to 'error'
2026-05-17 02:18:13,952 [printer.py:change_state()] - Adding callback for state: error
2026-05-17 02:18:13,975 [screen.py:set_dpms_timeout()] - DPMS on :0 set to: 3600
2026-05-17 02:18:13,976 [screen.py:set_screenblanking_timeout()] - Blanking timeout: 3600
2026-05-17 02:18:13,976 [screen.py:show_panel()] - Panel is already is in view
2026-05-17 02:18:13,985 [screen.py:printer_initializing()] - Klipper has encountered an error.
A FIRMWARE_RESTART may fix the issue.
mcu 'mcu': Unable to connect
Once the underlying issue is corrected, use the
"FIRMWARE_RESTART" command to reset the firmware, reload the
config, and restart the host software.
Error configuring printer

2026-05-17 02:18:25,990 [printer.py:change_state()] - Changing state from 'error' to 'disconnected'
2026-05-17 02:18:25,990 [printer.py:change_state()] - Adding callback for state: disconnected
2026-05-17 02:18:26,015 [screen.py:set_dpms_timeout()] - DPMS on :0 set to: 3600
2026-05-17 02:18:26,015 [screen.py:set_screenblanking_timeout()] - Blanking timeout: 3600
2026-05-17 02:18:26,015 [screen.py:state_disconnected()] - ### Going to disconnected
2026-05-17 02:18:26,016 [screen.py:show_panel()] - Panel is already is in view
2026-05-17 02:18:26,026 [screen.py:printer_initializing()] - Klipper has disconnected
2026-05-17 02:18:27,046 [screen.py:printer_initializing()] - Initializing Klipper Connection
2026-05-17 02:18:27,297 [printer.py:log_counts()] - Klipper version: v0.13.0-656-g4cc47cf56
2026-05-17 02:18:27,297 [printer.py:log_counts()] - # Extruders: 1
2026-05-17 02:18:27,298 [printer.py:log_counts()] - # Temperature devices: 1
2026-05-17 02:18:27,298 [printer.py:log_counts()] - # Fans: 1
2026-05-17 02:18:27,298 [printer.py:log_counts()] - # Output pins: 0
2026-05-17 02:18:27,298 [printer.py:log_counts()] - # PWM tools: 0
2026-05-17 02:18:27,298 [printer.py:log_counts()] - # Leds: 0
2026-05-17 02:18:27,551 [printer.py:change_state()] - Changing state from 'disconnected' to 'ready'
2026-05-17 02:18:27,551 [printer.py:change_state()] - Adding callback for state: ready
2026-05-17 02:18:27,552 [KlippyWebsocket.py:object_subscription()] - Sending printer.objects.subscribe
2026-05-17 02:18:27,553 [files.py:set_gcodes_path()] - Gcodes path: None
2026-05-17 02:18:27,553 [screen.py:_finish_init()] - Printer initialized
2026-05-17 02:18:27,568 [screen.py:set_dpms_timeout()] - DPMS on :0 set to: 3600
2026-05-17 02:18:27,569 [screen.py:set_screenblanking_timeout()] - Blanking timeout: 3600
2026-05-17 02:18:27,569 [KlippyWebsocket.py:get_file_list()] - Sending server.files.list
2026-05-17 02:18:27,570 [screen.py:_remove_all_panels()] - Removing all panels
2026-05-17 02:18:27,613 [screen.py:_load_panel()] - Loading panel: main_menu
2026-05-17 02:18:27,719 [main_menu.py:__init__()] - ### Making MainMenu
2026-05-17 02:18:27,724 [main_menu.py:add_device()] - Adding device: extruder
2026-05-17 02:18:27,730 [main_menu.py:add_device()] - Adding device: heater_bed
2026-05-17 02:18:27,748 [menu.py:arrangeMenuItems()] - X > gcodes
2026-05-17 02:18:27,753 [screen.py:attach_panel()] - Current panel hierarchy: main_menu
2026-05-17 02:18:27,768 [screen.py:set_server_config()] - Temperature store size: 1200
2026-05-17 02:18:27,776 [printer.py:init_temp_store()] - Temp store: ['heater_bed', 'extruder']
2026-05-17 02:18:30,662 [screen.py:printer_initializing()] - Initializing Klipper Connection
2026-05-17 02:18:30,805 [printer.py:log_counts()] - Klipper version: v0.13.0-656-g4cc47cf56
2026-05-17 02:18:30,806 [printer.py:log_counts()] - # Extruders: 1
2026-05-17 02:18:30,806 [printer.py:log_counts()] - # Temperature devices: 1
2026-05-17 02:18:30,806 [printer.py:log_counts()] - # Fans: 1
2026-05-17 02:18:30,806 [printer.py:log_counts()] - # Output pins: 0
2026-05-17 02:18:30,806 [printer.py:log_counts()] - # PWM tools: 0
2026-05-17 02:18:30,806 [printer.py:log_counts()] - # Leds: 0
2026-05-17 02:18:31,084 [KlippyWebsocket.py:object_subscription()] - Sending printer.objects.subscribe
2026-05-17 02:18:31,086 [files.py:set_gcodes_path()] - Gcodes path: None
2026-05-17 02:18:31,086 [screen.py:_finish_init()] - Printer initialized
2026-05-17 02:18:31,102 [screen.py:set_server_config()] - Temperature store size: 1200
2026-05-17 02:18:31,123 [printer.py:init_temp_store()] - Temp store: ['heater_bed', 'extruder']
2026-05-17 02:22:19,088 [printer.py:change_state()] - Changing state from 'ready' to 'disconnected'
2026-05-17 02:22:19,089 [printer.py:change_state()] - Adding callback for state: disconnected
2026-05-17 02:22:19,119 [screen.py:set_dpms_timeout()] - DPMS on :0 set to: 3600
2026-05-17 02:22:19,119 [screen.py:set_screenblanking_timeout()] - Blanking timeout: 3600
2026-05-17 02:22:19,120 [screen.py:state_disconnected()] - ### Going to disconnected
2026-05-17 02:22:19,120 [screen.py:_remove_all_panels()] - Removing all panels
2026-05-17 02:22:19,185 [screen.py:show_panel()] - Reinitializing panel splash_screen
2026-05-17 02:22:19,203 [screen.py:attach_panel()] - Current panel hierarchy: splash_screen
2026-05-17 02:22:19,212 [screen.py:printer_initializing()] - Klipper has disconnected
2026-05-17 02:22:23,666 [screen.py:printer_initializing()] - Initializing Klipper Connection
2026-05-17 02:22:23,707 [printer.py:log_counts()] - Klipper version: v0.13.0-656-g4cc47cf56
2026-05-17 02:22:23,708 [printer.py:log_counts()] - # Extruders: 1
2026-05-17 02:22:23,708 [printer.py:log_counts()] - # Temperature devices: 1
2026-05-17 02:22:23,708 [printer.py:log_counts()] - # Fans: 1
2026-05-17 02:22:23,708 [printer.py:log_counts()] - # Output pins: 0
2026-05-17 02:22:23,708 [printer.py:log_counts()] - # PWM tools: 0
2026-05-17 02:22:23,708 [printer.py:log_counts()] - # Leds: 0
2026-05-17 02:22:23,960 [printer.py:change_state()] - Changing state from 'disconnected' to 'startup'
2026-05-17 02:22:23,960 [printer.py:change_state()] - Adding callback for state: startup
2026-05-17 02:22:23,961 [KlippyWebsocket.py:object_subscription()] - Sending printer.objects.subscribe
2026-05-17 02:22:23,962 [files.py:set_gcodes_path()] - Gcodes path: None
2026-05-17 02:22:23,962 [screen.py:_finish_init()] - Printer initialized
2026-05-17 02:22:23,981 [screen.py:set_dpms_timeout()] - DPMS on :0 set to: 3600
2026-05-17 02:22:23,981 [screen.py:set_screenblanking_timeout()] - Blanking timeout: 3600
2026-05-17 02:22:23,985 [screen.py:printer_initializing()] - Klipper is attempting to start
2026-05-17 02:22:23,986 [screen.py:set_server_config()] - Temperature store size: 1200
2026-05-17 02:22:23,993 [printer.py:init_temp_store()] - Temp store: ['heater_bed', 'extruder']
2026-05-17 02:22:48,722 [printer.py:change_state()] - Changing state from 'startup' to 'disconnected'
2026-05-17 02:22:48,723 [printer.py:change_state()] - Adding callback for state: disconnected
2026-05-17 02:22:48,748 [screen.py:set_dpms_timeout()] - DPMS on :0 set to: 3600
2026-05-17 02:22:48,749 [screen.py:set_screenblanking_timeout()] - Blanking timeout: 3600
2026-05-17 02:22:48,749 [screen.py:state_disconnected()] - ### Going to disconnected
2026-05-17 02:22:48,749 [screen.py:show_panel()] - Panel is already is in view
2026-05-17 02:22:48,755 [screen.py:printer_initializing()] - Klipper has disconnected
2026-05-17 02:22:52,666 [screen.py:printer_initializing()] - Initializing Klipper Connection
2026-05-17 02:22:52,705 [printer.py:log_counts()] - Klipper version: v0.13.0-656-g4cc47cf56
2026-05-17 02:22:52,705 [printer.py:log_counts()] - # Extruders: 1
2026-05-17 02:22:52,705 [printer.py:log_counts()] - # Temperature devices: 1
2026-05-17 02:22:52,705 [printer.py:log_counts()] - # Fans: 1
2026-05-17 02:22:52,705 [printer.py:log_counts()] - # Output pins: 0
2026-05-17 02:22:52,705 [printer.py:log_counts()] - # PWM tools: 0
2026-05-17 02:22:52,705 [printer.py:log_counts()] - # Leds: 0
2026-05-17 02:22:52,957 [printer.py:change_state()] - Changing state from 'disconnected' to 'startup'
2026-05-17 02:22:52,958 [printer.py:change_state()] - Adding callback for state: startup
2026-05-17 02:22:52,959 [KlippyWebsocket.py:object_subscription()] - Sending printer.objects.subscribe
2026-05-17 02:22:52,960 [files.py:set_gcodes_path()] - Gcodes path: None
2026-05-17 02:22:52,960 [screen.py:_finish_init()] - Printer initialized
2026-05-17 02:22:52,981 [screen.py:set_dpms_timeout()] - DPMS on :0 set to: 3600
2026-05-17 02:22:52,981 [screen.py:set_screenblanking_timeout()] - Blanking timeout: 3600
2026-05-17 02:22:52,985 [screen.py:printer_initializing()] - Klipper is attempting to start
2026-05-17 02:22:52,986 [screen.py:set_server_config()] - Temperature store size: 1200
2026-05-17 02:22:52,993 [printer.py:init_temp_store()] - Temp store: ['heater_bed', 'extruder']
2026-05-17 02:23:18,247 [printer.py:change_state()] - Changing state from 'startup' to 'disconnected'
2026-05-17 02:23:18,247 [printer.py:change_state()] - Adding callback for state: disconnected
2026-05-17 02:23:18,264 [screen.py:set_dpms_timeout()] - DPMS on :0 set to: 3600
2026-05-17 02:23:18,264 [screen.py:set_screenblanking_timeout()] - Blanking timeout: 3600
2026-05-17 02:23:18,264 [screen.py:state_disconnected()] - ### Going to disconnected
2026-05-17 02:23:18,265 [screen.py:show_panel()] - Panel is already is in view
2026-05-17 02:23:18,271 [screen.py:printer_initializing()] - Klipper has disconnected
2026-05-17 02:23:22,672 [screen.py:printer_initializing()] - Initializing Klipper Connection
2026-05-17 02:23:22,747 [printer.py:log_counts()] - Klipper version: v0.13.0-656-g4cc47cf56
2026-05-17 02:23:22,747 [printer.py:log_counts()] - # Extruders: 1
2026-05-17 02:23:22,747 [printer.py:log_counts()] - # Temperature devices: 1
2026-05-17 02:23:22,748 [printer.py:log_counts()] - # Fans: 1
2026-05-17 02:23:22,748 [printer.py:log_counts()] - # Output pins: 0
2026-05-17 02:23:22,748 [printer.py:log_counts()] - # PWM tools: 0
2026-05-17 02:23:22,748 [printer.py:log_counts()] - # Leds: 0
2026-05-17 02:23:23,005 [printer.py:change_state()] - Changing state from 'disconnected' to 'startup'
2026-05-17 02:23:23,006 [printer.py:change_state()] - Adding callback for state: startup
2026-05-17 02:23:23,008 [KlippyWebsocket.py:object_subscription()] - Sending printer.objects.subscribe
2026-05-17 02:23:23,010 [files.py:set_gcodes_path()] - Gcodes path: None
2026-05-17 02:23:23,010 [screen.py:_finish_init()] - Printer initialized
2026-05-17 02:23:23,048 [screen.py:set_dpms_timeout()] - DPMS on :0 set to: 3600
2026-05-17 02:23:23,049 [screen.py:set_screenblanking_timeout()] - Blanking timeout: 3600
2026-05-17 02:23:23,056 [screen.py:printer_initializing()] - Klipper is attempting to start
2026-05-17 02:23:23,056 [screen.py:set_server_config()] - Temperature store size: 1200
2026-05-17 02:23:23,070 [printer.py:init_temp_store()] - Temp store: ['heater_bed', 'extruder']
2026-05-17 02:23:51,745 [functions.py:log_start()] - --------------------KlipperScreen Log Start--------------------
2026-05-17 02:23:51,745 [functions.py:log_start()] - KlipperScreen Version: v0.4.7-15-g006f240
2026-05-17 02:23:51,745 [functions.py:log_start()] - Python version: 3.13
2026-05-17 02:23:51,860 [config.py:get_config_file_location()] - Passed config (-c): .
2026-05-17 02:23:51,861 [config.py:__init__()] - Config path location: /home/voron/printer_data/config/KlipperScreen.conf
2026-05-17 02:23:51,910 [config.py:log_config()] - ===== Config File =====

=======================
2026-05-17 02:23:51,911 [config.py:__init__()] - 
====== Saved ======




2026-05-17 02:23:51,912 [config.py:__init__()] - Configured printers: [
  {
    "Printer": {
      "moonraker_host": "127.0.0.1",
      "moonraker_port": "7125",
      "moonraker_path": "",
      "moonraker_ssl": null,
      "moonraker_api_key": ""
    }
  }
]
2026-05-17 02:23:52,006 [config.py:create_translations()] - Selected lang: system_lang OS lang: en_GB
2026-05-17 02:23:52,007 [config.py:install_language()] - Using lang en
2026-05-17 02:23:52,018 [screen.py:__init__()] - Display for xset: :0
2026-05-17 02:23:52,019 [screen.py:__init__()] - Screen 0: 1024x768
2026-05-17 02:23:52,019 [screen.py:__init__()] - Monitors: 1 using number: 0
2026-05-17 02:23:52,019 [screen.py:__init__()] - Wayland: False Display name: :0
2026-05-17 02:23:52,021 [screen.py:__init__()] - Screen resolution: 1024x768
2026-05-17 02:23:52,173 [KlippyGtk.py:__init__()] - Font size: 25.6 (medium)
2026-05-17 02:23:52,359 [base_panel.py:battery_percentage()] - Battery information not available.
2026-05-17 02:23:52,518 [screen.py:set_dpms_timeout()] - DPMS on :0 set to: 3600
2026-05-17 02:23:52,519 [screen.py:set_screenblanking_timeout()] - Blanking timeout: 3600
2026-05-17 02:23:52,519 [screen.py:initial_connection()] - Default printer: None
2026-05-17 02:23:52,519 [screen.py:_remove_all_panels()] - Removing all panels
2026-05-17 02:23:52,571 [screen.py:_load_panel()] - Loading panel: splash_screen
2026-05-17 02:23:52,613 [screen.py:attach_panel()] - Current panel hierarchy: splash_screen
2026-05-17 02:23:52,625 [screen.py:printer_initializing()] - Initializing KlipperScreen
2026-05-17 02:23:52,674 [screen.py:printer_initializing()] - Connecting to Printer
2026-05-17 02:23:52,686 [screen.py:set_dpms_timeout()] - DPMS on :0 set to: 3600
2026-05-17 02:23:52,687 [screen.py:set_screenblanking_timeout()] - Blanking timeout: 3600
2026-05-17 02:23:56,703 [KlippyWebsocket.py:initial_connect()] - Starting connection
2026-05-17 02:23:56,704 [KlippyWebsocket.py:connect()] - Attempting to connect
2026-05-17 02:23:56,704 [KlippyWebsocket.py:connect()] - Starting websocket thread
2026-05-17 02:23:56,710 [_logging.py:info()] - Websocket connected
2026-05-17 02:23:56,711 [screen.py:websocket_connected()] - ### websocket_connected
2026-05-17 02:23:56,715 [screen.py:printer_initializing()] - Moonraker Connected
2026-05-17 02:23:56,738 [KlippyWebsocket.py:identify_client()] - Sending server.connection.identify
2026-05-17 02:23:56,772 [screen.py:printer_initializing()] - Initializing Klipper Connection
2026-05-17 02:23:56,773 [printer.py:configure_cameras()] - Cameras: []
2026-05-17 02:23:56,796 [printer.py:log_counts()] - Klipper version: v0.13.0-656-g4cc47cf56
2026-05-17 02:23:56,796 [printer.py:log_counts()] - # Extruders: 1
2026-05-17 02:23:56,796 [printer.py:log_counts()] - # Temperature devices: 1
2026-05-17 02:23:56,796 [printer.py:log_counts()] - # Fans: 1
2026-05-17 02:23:56,796 [printer.py:log_counts()] - # Output pins: 0
2026-05-17 02:23:56,796 [printer.py:log_counts()] - # PWM tools: 0
2026-05-17 02:23:56,796 [printer.py:log_counts()] - # Leds: 0
2026-05-17 02:23:57,048 [printer.py:change_state()] - Changing state from 'disconnected' to 'startup'
2026-05-17 02:23:57,049 [printer.py:change_state()] - Adding callback for state: startup
2026-05-17 02:23:57,050 [KlippyWebsocket.py:object_subscription()] - Sending printer.objects.subscribe
2026-05-17 02:23:57,051 [files.py:set_gcodes_path()] - Gcodes path: None
2026-05-17 02:23:57,051 [screen.py:_finish_init()] - Printer initialized
2026-05-17 02:23:57,067 [screen.py:set_dpms_timeout()] - DPMS on :0 set to: 3600
2026-05-17 02:23:57,067 [screen.py:set_screenblanking_timeout()] - Blanking timeout: 3600
2026-05-17 02:23:57,071 [screen.py:printer_initializing()] - Klipper is attempting to start
2026-05-17 02:23:57,072 [screen.py:set_server_config()] - Temperature store size: 1200
2026-05-17 02:23:57,072 [screen.py:set_tempstore()] - Moonraker tempstore not yet available
2026-05-17 02:23:57,072 [printer.py:init_temp_store()] - Temp store: ['extruder', 'heater_bed']
2026-05-17 02:25:46,202 [base_panel.py:battery_percentage()] - Battery information not available.
2026-05-17 02:26:12,276 [printer.py:change_state()] - Changing state from 'startup' to 'error'
2026-05-17 02:26:12,277 [printer.py:change_state()] - Adding callback for state: error
2026-05-17 02:26:12,298 [screen.py:set_dpms_timeout()] - DPMS on :0 set to: 3600
2026-05-17 02:26:12,298 [screen.py:set_screenblanking_timeout()] - Blanking timeout: 3600
2026-05-17 02:26:12,298 [screen.py:show_panel()] - Panel is already is in view
2026-05-17 02:26:12,306 [screen.py:printer_initializing()] - Klipper has encountered an error.
A FIRMWARE_RESTART may fix the issue.
mcu 'mcu': Unable to connect
Once the underlying issue is corrected, use the
"FIRMWARE_RESTART" command to reset the firmware, reload the
config, and restart the host software.
Error configuring printer

2026-05-17 02:28:01,729 [printer.py:change_state()] - Changing state from 'error' to 'disconnected'
2026-05-17 02:28:01,729 [printer.py:change_state()] - Adding callback for state: disconnected
2026-05-17 02:28:01,747 [screen.py:set_dpms_timeout()] - DPMS on :0 set to: 3600
2026-05-17 02:28:01,747 [screen.py:set_screenblanking_timeout()] - Blanking timeout: 3600
2026-05-17 02:28:01,747 [screen.py:state_disconnected()] - ### Going to disconnected
2026-05-17 02:28:01,747 [screen.py:show_panel()] - Panel is already is in view
2026-05-17 02:28:01,752 [screen.py:printer_initializing()] - Klipper has disconnected
2026-05-17 02:28:06,212 [screen.py:printer_initializing()] - Initializing Klipper Connection
2026-05-17 02:28:06,276 [screen.py:printer_initializing()] - Unable to get printer info from moonraker
2026-05-17 02:28:10,207 [screen.py:printer_initializing()] - Initializing Klipper Connection
2026-05-17 02:28:10,332 [printer.py:log_counts()] - Klipper version: v0.13.0-656-g4cc47cf56
2026-05-17 02:28:10,332 [printer.py:log_counts()] - # Extruders: 1
2026-05-17 02:28:10,332 [printer.py:log_counts()] - # Temperature devices: 1
2026-05-17 02:28:10,332 [printer.py:log_counts()] - # Fans: 1
2026-05-17 02:28:10,332 [printer.py:log_counts()] - # Output pins: 0
2026-05-17 02:28:10,332 [printer.py:log_counts()] - # PWM tools: 0
2026-05-17 02:28:10,332 [printer.py:log_counts()] - # Leds: 0
2026-05-17 02:28:10,339 [screen.py:printer_initializing()] - Initializing Klipper Connection
2026-05-17 02:28:10,593 [printer.py:change_state()] - Changing state from 'disconnected' to 'ready'
2026-05-17 02:28:10,593 [printer.py:change_state()] - Adding callback for state: ready
2026-05-17 02:28:10,595 [KlippyWebsocket.py:object_subscription()] - Sending printer.objects.subscribe
2026-05-17 02:28:10,596 [files.py:set_gcodes_path()] - Gcodes path: None
2026-05-17 02:28:10,596 [screen.py:_finish_init()] - Printer initialized
2026-05-17 02:28:10,596 [printer.py:log_counts()] - Klipper version: v0.13.0-656-g4cc47cf56
2026-05-17 02:28:10,596 [printer.py:log_counts()] - # Extruders: 1
2026-05-17 02:28:10,597 [printer.py:log_counts()] - # Temperature devices: 1
2026-05-17 02:28:10,597 [printer.py:log_counts()] - # Fans: 1
2026-05-17 02:28:10,597 [printer.py:log_counts()] - # Output pins: 0
2026-05-17 02:28:10,597 [printer.py:log_counts()] - # PWM tools: 0
2026-05-17 02:28:10,597 [printer.py:log_counts()] - # Leds: 0
2026-05-17 02:28:10,613 [screen.py:set_dpms_timeout()] - DPMS on :0 set to: 3600
2026-05-17 02:28:10,614 [screen.py:set_screenblanking_timeout()] - Blanking timeout: 3600
2026-05-17 02:28:10,614 [KlippyWebsocket.py:get_file_list()] - Sending server.files.list
2026-05-17 02:28:10,615 [screen.py:_remove_all_panels()] - Removing all panels
2026-05-17 02:28:10,658 [screen.py:_load_panel()] - Loading panel: main_menu
2026-05-17 02:28:10,735 [main_menu.py:__init__()] - ### Making MainMenu
2026-05-17 02:28:10,741 [main_menu.py:add_device()] - Adding device: extruder
2026-05-17 02:28:10,747 [main_menu.py:add_device()] - Adding device: heater_bed
2026-05-17 02:28:10,765 [menu.py:arrangeMenuItems()] - X > gcodes
2026-05-17 02:28:10,770 [screen.py:attach_panel()] - Current panel hierarchy: main_menu
2026-05-17 02:28:10,784 [screen.py:set_server_config()] - Temperature store size: 1200
2026-05-17 02:28:10,784 [screen.py:set_tempstore()] - Moonraker tempstore not yet available
2026-05-17 02:28:10,784 [printer.py:init_temp_store()] - Temp store: ['extruder', 'heater_bed']
2026-05-17 02:28:10,850 [KlippyWebsocket.py:object_subscription()] - Sending printer.objects.subscribe
2026-05-17 02:28:10,852 [files.py:set_gcodes_path()] - Gcodes path: None
2026-05-17 02:28:10,852 [screen.py:_finish_init()] - Printer initialized
2026-05-17 02:28:10,860 [screen.py:set_server_config()] - Temperature store size: 1200
2026-05-17 02:28:10,870 [printer.py:init_temp_store()] - Temp store: ['heater_bed', 'extruder']
2026-05-17 02:30:06,460 [printer.py:change_state()] - Changing state from 'ready' to 'disconnected'
2026-05-17 02:30:06,461 [printer.py:change_state()] - Adding callback for state: disconnected
2026-05-17 02:30:06,482 [screen.py:set_dpms_timeout()] - DPMS on :0 set to: 3600
2026-05-17 02:30:06,482 [screen.py:set_screenblanking_timeout()] - Blanking timeout: 3600
2026-05-17 02:30:06,483 [screen.py:state_disconnected()] - ### Going to disconnected
2026-05-17 02:30:06,483 [screen.py:_remove_all_panels()] - Removing all panels
2026-05-17 02:30:06,546 [screen.py:show_panel()] - Reinitializing panel splash_screen
2026-05-17 02:30:06,571 [screen.py:attach_panel()] - Current panel hierarchy: splash_screen
2026-05-17 02:30:06,581 [screen.py:printer_initializing()] - Klipper has disconnected
2026-05-17 02:30:11,207 [screen.py:printer_initializing()] - Initializing Klipper Connection
2026-05-17 02:30:11,247 [screen.py:printer_initializing()] - Unable to get printer info from moonraker
2026-05-17 02:30:15,207 [screen.py:printer_initializing()] - Initializing Klipper Connection
2026-05-17 02:30:15,243 [printer.py:log_counts()] - Klipper version: v0.13.0-656-g4cc47cf56
2026-05-17 02:30:15,244 [printer.py:log_counts()] - # Extruders: 1
2026-05-17 02:30:15,244 [printer.py:log_counts()] - # Temperature devices: 1
2026-05-17 02:30:15,244 [printer.py:log_counts()] - # Fans: 1
2026-05-17 02:30:15,244 [printer.py:log_counts()] - # Output pins: 0
2026-05-17 02:30:15,244 [printer.py:log_counts()] - # PWM tools: 0
2026-05-17 02:30:15,244 [printer.py:log_counts()] - # Leds: 0
2026-05-17 02:30:15,496 [printer.py:change_state()] - Changing state from 'disconnected' to 'startup'
2026-05-17 02:30:15,496 [printer.py:change_state()] - Adding callback for state: startup
2026-05-17 02:30:15,497 [KlippyWebsocket.py:object_subscription()] - Sending printer.objects.subscribe
2026-05-17 02:30:15,498 [files.py:set_gcodes_path()] - Gcodes path: None
2026-05-17 02:30:15,498 [screen.py:_finish_init()] - Printer initialized
2026-05-17 02:30:15,515 [screen.py:set_dpms_timeout()] - DPMS on :0 set to: 3600
2026-05-17 02:30:15,515 [screen.py:set_screenblanking_timeout()] - Blanking timeout: 3600
2026-05-17 02:30:15,519 [screen.py:printer_initializing()] - Klipper is attempting to start
2026-05-17 02:30:15,519 [screen.py:set_server_config()] - Temperature store size: 1200
2026-05-17 02:30:15,528 [printer.py:init_temp_store()] - Temp store: ['heater_bed', 'extruder']
2026-05-17 02:30:26,929 [printer.py:change_state()] - Changing state from 'startup' to 'disconnected'
2026-05-17 02:30:26,929 [printer.py:change_state()] - Adding callback for state: disconnected
2026-05-17 02:30:26,952 [screen.py:set_dpms_timeout()] - DPMS on :0 set to: 3600
2026-05-17 02:30:26,953 [screen.py:set_screenblanking_timeout()] - Blanking timeout: 3600
2026-05-17 02:30:26,953 [screen.py:state_disconnected()] - ### Going to disconnected
2026-05-17 02:30:26,954 [screen.py:show_panel()] - Panel is already is in view
2026-05-17 02:30:26,963 [screen.py:printer_initializing()] - Klipper has disconnected
2026-05-17 02:30:31,207 [screen.py:printer_initializing()] - Initializing Klipper Connection
2026-05-17 02:30:31,242 [printer.py:log_counts()] - Klipper version: v0.13.0-656-g4cc47cf56
2026-05-17 02:30:31,243 [printer.py:log_counts()] - # Extruders: 1
2026-05-17 02:30:31,243 [printer.py:log_counts()] - # Temperature devices: 1
2026-05-17 02:30:31,243 [printer.py:log_counts()] - # Fans: 1
2026-05-17 02:30:31,243 [printer.py:log_counts()] - # Output pins: 0
2026-05-17 02:30:31,243 [printer.py:log_counts()] - # PWM tools: 0
2026-05-17 02:30:31,243 [printer.py:log_counts()] - # Leds: 0
2026-05-17 02:30:31,495 [printer.py:change_state()] - Changing state from 'disconnected' to 'startup'
2026-05-17 02:30:31,495 [printer.py:change_state()] - Adding callback for state: startup
2026-05-17 02:30:31,496 [KlippyWebsocket.py:object_subscription()] - Sending printer.objects.subscribe
2026-05-17 02:30:31,497 [files.py:set_gcodes_path()] - Gcodes path: None
2026-05-17 02:30:31,497 [screen.py:_finish_init()] - Printer initialized
2026-05-17 02:30:31,513 [screen.py:set_dpms_timeout()] - DPMS on :0 set to: 3600
2026-05-17 02:30:31,513 [screen.py:set_screenblanking_timeout()] - Blanking timeout: 3600
2026-05-17 02:30:31,517 [screen.py:printer_initializing()] - Klipper is attempting to start
2026-05-17 02:30:31,517 [screen.py:set_server_config()] - Temperature store size: 1200
2026-05-17 02:30:31,525 [printer.py:init_temp_store()] - Temp store: ['heater_bed', 'extruder']
2026-05-17 02:31:58,249 [printer.py:change_state()] - Changing state from 'startup' to 'error'
2026-05-17 02:31:58,250 [printer.py:change_state()] - Adding callback for state: error
2026-05-17 02:31:58,270 [screen.py:set_dpms_timeout()] - DPMS on :0 set to: 3600
2026-05-17 02:31:58,270 [screen.py:set_screenblanking_timeout()] - Blanking timeout: 3600
2026-05-17 02:31:58,270 [screen.py:show_panel()] - Panel is already is in view
2026-05-17 02:31:58,279 [screen.py:printer_initializing()] - Klipper has encountered an error.
A FIRMWARE_RESTART may fix the issue.
mcu 'mcu': Unable to connect
Once the underlying issue is corrected, use the
"FIRMWARE_RESTART" command to reset the firmware, reload the
config, and restart the host software.
Error configuring printer

2026-05-17 02:32:06,890 [printer.py:change_state()] - Changing state from 'error' to 'disconnected'
2026-05-17 02:32:06,891 [printer.py:change_state()] - Adding callback for state: disconnected
2026-05-17 02:32:06,911 [screen.py:set_dpms_timeout()] - DPMS on :0 set to: 3600
2026-05-17 02:32:06,912 [screen.py:set_screenblanking_timeout()] - Blanking timeout: 3600
2026-05-17 02:32:06,912 [screen.py:state_disconnected()] - ### Going to disconnected
2026-05-17 02:32:06,912 [screen.py:show_panel()] - Panel is already is in view
2026-05-17 02:32:06,920 [screen.py:printer_initializing()] - Klipper has disconnected
2026-05-17 02:32:11,208 [screen.py:printer_initializing()] - Initializing Klipper Connection
2026-05-17 02:32:11,243 [screen.py:printer_initializing()] - Unable to get printer info from moonraker
2026-05-17 02:32:15,209 [screen.py:printer_initializing()] - Initializing Klipper Connection
2026-05-17 02:32:15,246 [printer.py:log_counts()] - Klipper version: v0.13.0-656-g4cc47cf56
2026-05-17 02:32:15,246 [printer.py:log_counts()] - # Extruders: 1
2026-05-17 02:32:15,246 [printer.py:log_counts()] - # Temperature devices: 1
2026-05-17 02:32:15,246 [printer.py:log_counts()] - # Fans: 1
2026-05-17 02:32:15,247 [printer.py:log_counts()] - # Output pins: 0
2026-05-17 02:32:15,247 [printer.py:log_counts()] - # PWM tools: 0
2026-05-17 02:32:15,247 [printer.py:log_counts()] - # Leds: 0
2026-05-17 02:32:15,499 [printer.py:change_state()] - Changing state from 'disconnected' to 'startup'
2026-05-17 02:32:15,499 [printer.py:change_state()] - Adding callback for state: startup
2026-05-17 02:32:15,500 [KlippyWebsocket.py:object_subscription()] - Sending printer.objects.subscribe
2026-05-17 02:32:15,501 [files.py:set_gcodes_path()] - Gcodes path: None
2026-05-17 02:32:15,501 [screen.py:_finish_init()] - Printer initialized
2026-05-17 02:32:15,518 [screen.py:set_dpms_timeout()] - DPMS on :0 set to: 3600
2026-05-17 02:32:15,518 [screen.py:set_screenblanking_timeout()] - Blanking timeout: 3600
2026-05-17 02:32:15,522 [screen.py:printer_initializing()] - Klipper is attempting to start
2026-05-17 02:32:15,523 [screen.py:set_server_config()] - Temperature store size: 1200
2026-05-17 02:32:15,531 [printer.py:init_temp_store()] - Temp store: ['heater_bed', 'extruder']
2026-05-17 02:32:30,780 [printer.py:change_state()] - Changing state from 'startup' to 'disconnected'
2026-05-17 02:32:30,781 [printer.py:change_state()] - Adding callback for state: disconnected
2026-05-17 02:32:30,803 [screen.py:set_dpms_timeout()] - DPMS on :0 set to: 3600
2026-05-17 02:32:30,804 [screen.py:set_screenblanking_timeout()] - Blanking timeout: 3600
2026-05-17 02:32:30,804 [screen.py:state_disconnected()] - ### Going to disconnected
2026-05-17 02:32:30,804 [screen.py:show_panel()] - Panel is already is in view
2026-05-17 02:32:30,813 [screen.py:printer_initializing()] - Klipper has disconnected
2026-05-17 02:32:35,208 [screen.py:printer_initializing()] - Initializing Klipper Connection
2026-05-17 02:32:35,243 [screen.py:printer_initializing()] - Unable to get printer info from moonraker
2026-05-17 02:32:39,208 [screen.py:printer_initializing()] - Initializing Klipper Connection
2026-05-17 02:32:39,354 [printer.py:log_counts()] - Klipper version: v0.13.0-656-g4cc47cf56
2026-05-17 02:32:39,354 [printer.py:log_counts()] - # Extruders: 1
2026-05-17 02:32:39,354 [printer.py:log_counts()] - # Temperature devices: 1
2026-05-17 02:32:39,354 [printer.py:log_counts()] - # Fans: 1
2026-05-17 02:32:39,354 [printer.py:log_counts()] - # Output pins: 0
2026-05-17 02:32:39,355 [printer.py:log_counts()] - # PWM tools: 0
2026-05-17 02:32:39,355 [printer.py:log_counts()] - # Leds: 0
2026-05-17 02:32:39,361 [screen.py:printer_initializing()] - Initializing Klipper Connection
2026-05-17 02:32:39,611 [printer.py:change_state()] - Changing state from 'disconnected' to 'ready'
2026-05-17 02:32:39,612 [printer.py:change_state()] - Adding callback for state: ready
2026-05-17 02:32:39,618 [KlippyWebsocket.py:object_subscription()] - Sending printer.objects.subscribe
2026-05-17 02:32:39,621 [files.py:set_gcodes_path()] - Gcodes path: None
2026-05-17 02:32:39,621 [screen.py:_finish_init()] - Printer initialized
2026-05-17 02:32:39,626 [printer.py:log_counts()] - Klipper version: v0.13.0-656-g4cc47cf56
2026-05-17 02:32:39,626 [printer.py:log_counts()] - # Extruders: 1
2026-05-17 02:32:39,626 [printer.py:log_counts()] - # Temperature devices: 1
2026-05-17 02:32:39,626 [printer.py:log_counts()] - # Fans: 1
2026-05-17 02:32:39,627 [printer.py:log_counts()] - # Output pins: 0
2026-05-17 02:32:39,627 [printer.py:log_counts()] - # PWM tools: 0
2026-05-17 02:32:39,627 [printer.py:log_counts()] - # Leds: 0
2026-05-17 02:32:39,633 [screen.py:set_server_config()] - Temperature store size: 1200
2026-05-17 02:32:39,641 [printer.py:init_temp_store()] - Temp store: ['heater_bed', 'extruder']
2026-05-17 02:32:39,653 [screen.py:set_dpms_timeout()] - DPMS on :0 set to: 3600
2026-05-17 02:32:39,653 [screen.py:set_screenblanking_timeout()] - Blanking timeout: 3600
2026-05-17 02:32:39,653 [KlippyWebsocket.py:get_file_list()] - Sending server.files.list
2026-05-17 02:32:39,654 [screen.py:_remove_all_panels()] - Removing all panels
2026-05-17 02:32:39,697 [screen.py:show_panel()] - Reinitializing panel main_menu
2026-05-17 02:32:39,748 [main_menu.py:__init__()] - ### Making MainMenu
2026-05-17 02:32:39,754 [main_menu.py:add_device()] - Adding device: extruder
2026-05-17 02:32:39,756 [main_menu.py:add_device()] - Adding device: heater_bed
2026-05-17 02:32:39,771 [menu.py:arrangeMenuItems()] - X > gcodes
2026-05-17 02:32:39,776 [screen.py:attach_panel()] - Current panel hierarchy: main_menu
2026-05-17 02:32:39,862 [KlippyWebsocket.py:object_subscription()] - Sending printer.objects.subscribe
2026-05-17 02:32:39,863 [files.py:set_gcodes_path()] - Gcodes path: None
2026-05-17 02:32:39,863 [screen.py:_finish_init()] - Printer initialized
2026-05-17 02:32:39,871 [screen.py:set_server_config()] - Temperature store size: 1200
2026-05-17 02:32:39,884 [printer.py:init_temp_store()] - Temp store: ['heater_bed', 'extruder']
2026-05-17 02:34:39,430 [functions.py:log_start()] - --------------------KlipperScreen Log Start--------------------
2026-05-17 02:34:39,430 [functions.py:log_start()] - KlipperScreen Version: v0.4.7-15-g006f240
2026-05-17 02:34:39,430 [functions.py:log_start()] - Python version: 3.13
2026-05-17 02:34:39,543 [config.py:get_config_file_location()] - Passed config (-c): .
2026-05-17 02:34:39,544 [config.py:__init__()] - Config path location: /home/voron/printer_data/config/KlipperScreen.conf
2026-05-17 02:34:39,592 [config.py:log_config()] - ===== Config File =====

=======================
2026-05-17 02:34:39,593 [config.py:__init__()] - 
====== Saved ======




2026-05-17 02:34:39,593 [config.py:__init__()] - Configured printers: [
  {
    "Printer": {
      "moonraker_host": "127.0.0.1",
      "moonraker_port": "7125",
      "moonraker_path": "",
      "moonraker_ssl": null,
      "moonraker_api_key": ""
    }
  }
]
2026-05-17 02:34:39,688 [config.py:create_translations()] - Selected lang: system_lang OS lang: en_GB
2026-05-17 02:34:39,689 [config.py:install_language()] - Using lang en
2026-05-17 02:34:39,700 [screen.py:__init__()] - Display for xset: :0
2026-05-17 02:34:39,701 [screen.py:__init__()] - Screen 0: 1024x768
2026-05-17 02:34:39,701 [screen.py:__init__()] - Monitors: 1 using number: 0
2026-05-17 02:34:39,701 [screen.py:__init__()] - Wayland: False Display name: :0
2026-05-17 02:34:39,703 [screen.py:__init__()] - Screen resolution: 1024x768
2026-05-17 02:34:39,854 [KlippyGtk.py:__init__()] - Font size: 25.6 (medium)
2026-05-17 02:34:40,039 [base_panel.py:battery_percentage()] - Battery information not available.
2026-05-17 02:34:40,199 [screen.py:set_dpms_timeout()] - DPMS on :0 set to: 3600
2026-05-17 02:34:40,199 [screen.py:set_screenblanking_timeout()] - Blanking timeout: 3600
2026-05-17 02:34:40,200 [screen.py:initial_connection()] - Default printer: None
2026-05-17 02:34:40,200 [screen.py:_remove_all_panels()] - Removing all panels
2026-05-17 02:34:40,244 [screen.py:_load_panel()] - Loading panel: splash_screen
2026-05-17 02:34:40,283 [screen.py:attach_panel()] - Current panel hierarchy: splash_screen
2026-05-17 02:34:40,294 [screen.py:printer_initializing()] - Initializing KlipperScreen
2026-05-17 02:34:40,339 [screen.py:printer_initializing()] - Connecting to Printer
2026-05-17 02:34:40,351 [screen.py:set_dpms_timeout()] - DPMS on :0 set to: 3600
2026-05-17 02:34:40,352 [screen.py:set_screenblanking_timeout()] - Blanking timeout: 3600
2026-05-17 02:34:44,382 [KlippyWebsocket.py:initial_connect()] - Starting connection
2026-05-17 02:34:44,382 [KlippyWebsocket.py:connect()] - Attempting to connect
2026-05-17 02:34:44,382 [KlippyWebsocket.py:connect()] - Starting websocket thread
2026-05-17 02:34:44,390 [_logging.py:info()] - Websocket connected
2026-05-17 02:34:44,390 [screen.py:websocket_connected()] - ### websocket_connected
2026-05-17 02:34:44,394 [screen.py:printer_initializing()] - Moonraker Connected
2026-05-17 02:34:44,418 [KlippyWebsocket.py:identify_client()] - Sending server.connection.identify
2026-05-17 02:34:44,453 [screen.py:printer_initializing()] - Initializing Klipper Connection
2026-05-17 02:34:44,454 [printer.py:configure_cameras()] - Cameras: []
2026-05-17 02:34:44,477 [printer.py:log_counts()] - Klipper version: v0.13.0-656-g4cc47cf56
2026-05-17 02:34:44,477 [printer.py:log_counts()] - # Extruders: 1
2026-05-17 02:34:44,477 [printer.py:log_counts()] - # Temperature devices: 1
2026-05-17 02:34:44,477 [printer.py:log_counts()] - # Fans: 1
2026-05-17 02:34:44,477 [printer.py:log_counts()] - # Output pins: 0
2026-05-17 02:34:44,477 [printer.py:log_counts()] - # PWM tools: 0
2026-05-17 02:34:44,477 [printer.py:log_counts()] - # Leds: 0
2026-05-17 02:34:44,729 [printer.py:change_state()] - Changing state from 'disconnected' to 'startup'
2026-05-17 02:34:44,729 [printer.py:change_state()] - Adding callback for state: startup
2026-05-17 02:34:44,730 [KlippyWebsocket.py:object_subscription()] - Sending printer.objects.subscribe
2026-05-17 02:34:44,731 [files.py:set_gcodes_path()] - Gcodes path: None
2026-05-17 02:34:44,732 [screen.py:_finish_init()] - Printer initialized
2026-05-17 02:34:44,747 [screen.py:set_dpms_timeout()] - DPMS on :0 set to: 3600
2026-05-17 02:34:44,747 [screen.py:set_screenblanking_timeout()] - Blanking timeout: 3600
2026-05-17 02:34:44,751 [screen.py:printer_initializing()] - Klipper is attempting to start
2026-05-17 02:34:44,752 [screen.py:set_server_config()] - Temperature store size: 1200
2026-05-17 02:34:44,752 [screen.py:set_tempstore()] - Moonraker tempstore not yet available
2026-05-17 02:34:44,752 [printer.py:init_temp_store()] - Temp store: ['extruder', 'heater_bed']
                                                                                                  2026-05-17 12:36:04,899 [functions.py:log_start()] - --------------------KlipperScreen Log Start--------------------
2026-05-17 12:36:04,899 [functions.py:log_start()] - KlipperScreen Version: v0.4.7-15-g006f240
2026-05-17 12:36:04,899 [functions.py:log_start()] - Python version: 3.13
2026-05-17 12:36:05,013 [config.py:get_config_file_location()] - Passed config (-c): .
2026-05-17 12:36:05,013 [config.py:__init__()] - Config path location: /home/voron/printer_data/config/KlipperScreen.conf
2026-05-17 12:36:05,061 [config.py:log_config()] - ===== Config File =====

=======================
2026-05-17 12:36:05,062 [config.py:__init__()] - 
====== Saved ======




2026-05-17 12:36:05,063 [config.py:__init__()] - Configured printers: [
  {
    "Printer": {
      "moonraker_host": "127.0.0.1",
      "moonraker_port": "7125",
      "moonraker_path": "",
      "moonraker_ssl": null,
      "moonraker_api_key": ""
    }
  }
]
2026-05-17 12:36:05,159 [config.py:create_translations()] - Selected lang: system_lang OS lang: en_GB
2026-05-17 12:36:05,159 [config.py:install_language()] - Using lang en
2026-05-17 12:36:05,170 [screen.py:__init__()] - Display for xset: :0
2026-05-17 12:36:05,171 [screen.py:__init__()] - Screen 0: 1024x768
2026-05-17 12:36:05,172 [screen.py:__init__()] - Monitors: 1 using number: 0
2026-05-17 12:36:05,172 [screen.py:__init__()] - Wayland: False Display name: :0
2026-05-17 12:36:05,173 [screen.py:__init__()] - Screen resolution: 1024x768
2026-05-17 12:36:05,325 [KlippyGtk.py:__init__()] - Font size: 25.6 (medium)
2026-05-17 12:36:05,511 [base_panel.py:battery_percentage()] - Battery information not available.
2026-05-17 12:36:05,671 [screen.py:set_dpms_timeout()] - DPMS on :0 set to: 3600
2026-05-17 12:36:05,672 [screen.py:set_screenblanking_timeout()] - Blanking timeout: 3600
2026-05-17 12:36:05,672 [screen.py:initial_connection()] - Default printer: None
2026-05-17 12:36:05,672 [screen.py:_remove_all_panels()] - Removing all panels
2026-05-17 12:36:05,718 [screen.py:_load_panel()] - Loading panel: splash_screen
2026-05-17 12:36:05,756 [screen.py:attach_panel()] - Current panel hierarchy: splash_screen
2026-05-17 12:36:05,769 [screen.py:printer_initializing()] - Initializing KlipperScreen
2026-05-17 12:36:05,823 [screen.py:printer_initializing()] - Connecting to Printer
2026-05-17 12:36:05,835 [screen.py:set_dpms_timeout()] - DPMS on :0 set to: 3600
2026-05-17 12:36:05,835 [screen.py:set_screenblanking_timeout()] - Blanking timeout: 3600
2026-05-17 12:36:10,050 [KlippyWebsocket.py:initial_connect()] - Starting connection
2026-05-17 12:36:10,050 [KlippyWebsocket.py:connect()] - Attempting to connect
2026-05-17 12:36:10,050 [KlippyWebsocket.py:connect()] - Starting websocket thread
2026-05-17 12:36:10,058 [_logging.py:info()] - Websocket connected
2026-05-17 12:36:10,059 [screen.py:websocket_connected()] - ### websocket_connected
2026-05-17 12:36:10,063 [screen.py:printer_initializing()] - Moonraker Connected
2026-05-17 12:36:10,087 [KlippyWebsocket.py:identify_client()] - Sending server.connection.identify
2026-05-17 12:36:10,123 [screen.py:printer_initializing()] - Initializing Klipper Connection
2026-05-17 12:36:10,124 [printer.py:configure_cameras()] - Cameras: []
2026-05-17 12:36:10,146 [printer.py:log_counts()] - Klipper version: v0.13.0-656-g4cc47cf56
2026-05-17 12:36:10,147 [printer.py:log_counts()] - # Extruders: 1
2026-05-17 12:36:10,147 [printer.py:log_counts()] - # Temperature devices: 1
2026-05-17 12:36:10,147 [printer.py:log_counts()] - # Fans: 1
2026-05-17 12:36:10,147 [printer.py:log_counts()] - # Output pins: 0
2026-05-17 12:36:10,147 [printer.py:log_counts()] - # PWM tools: 0
2026-05-17 12:36:10,147 [printer.py:log_counts()] - # Leds: 0
2026-05-17 12:36:10,399 [printer.py:change_state()] - Changing state from 'disconnected' to 'startup'
2026-05-17 12:36:10,399 [printer.py:change_state()] - Adding callback for state: startup
2026-05-17 12:36:10,400 [KlippyWebsocket.py:object_subscription()] - Sending printer.objects.subscribe
2026-05-17 12:36:10,401 [files.py:set_gcodes_path()] - Gcodes path: None
2026-05-17 12:36:10,401 [screen.py:_finish_init()] - Printer initialized
2026-05-17 12:36:10,417 [screen.py:set_dpms_timeout()] - DPMS on :0 set to: 3600
2026-05-17 12:36:10,417 [screen.py:set_screenblanking_timeout()] - Blanking timeout: 3600
2026-05-17 12:36:10,421 [screen.py:printer_initializing()] - Klipper is attempting to start
2026-05-17 12:36:10,421 [screen.py:set_server_config()] - Temperature store size: 1200
2026-05-17 12:36:10,422 [screen.py:set_tempstore()] - Moonraker tempstore not yet available
2026-05-17 12:36:10,422 [printer.py:init_temp_store()] - Temp store: ['extruder', 'heater_bed']
2026-05-17 12:37:06,048 [base_panel.py:battery_percentage()] - Battery information not available.
2026-05-17 12:37:31,869 [printer.py:change_state()] - Changing state from 'startup' to 'error'
2026-05-17 12:37:31,870 [printer.py:change_state()] - Adding callback for state: error
2026-05-17 12:37:31,893 [screen.py:set_dpms_timeout()] - DPMS on :0 set to: 3600
2026-05-17 12:37:31,893 [screen.py:set_screenblanking_timeout()] - Blanking timeout: 3600
2026-05-17 12:37:31,893 [screen.py:show_panel()] - Panel is already is in view
2026-05-17 12:37:31,904 [screen.py:printer_initializing()] - Klipper has encountered an error.
A FIRMWARE_RESTART may fix the issue.
mcu 'mcu': Unable to connect
Once the underlying issue is corrected, use the
"FIRMWARE_RESTART" command to reset the firmware, reload the
config, and restart the host software.
Error configuring printer

2026-05-17 12:40:12,156 [printer.py:change_state()] - Changing state from 'error' to 'disconnected'
2026-05-17 12:40:12,156 [printer.py:change_state()] - Adding callback for state: disconnected
2026-05-17 12:40:12,170 [screen.py:set_dpms_timeout()] - DPMS on :0 set to: 3600
2026-05-17 12:40:12,170 [screen.py:set_screenblanking_timeout()] - Blanking timeout: 3600
2026-05-17 12:40:12,170 [screen.py:state_disconnected()] - ### Going to disconnected
2026-05-17 12:40:12,171 [screen.py:show_panel()] - Panel is already is in view
2026-05-17 12:40:12,174 [screen.py:printer_initializing()] - Klipper has disconnected
2026-05-17 12:40:16,052 [screen.py:printer_initializing()] - Initializing Klipper Connection
2026-05-17 12:40:16,089 [printer.py:log_counts()] - Klipper version: v0.13.0-656-g4cc47cf56
2026-05-17 12:40:16,089 [printer.py:log_counts()] - # Extruders: 1
2026-05-17 12:40:16,090 [printer.py:log_counts()] - # Temperature devices: 1
2026-05-17 12:40:16,090 [printer.py:log_counts()] - # Fans: 1
2026-05-17 12:40:16,090 [printer.py:log_counts()] - # Output pins: 0
2026-05-17 12:40:16,090 [printer.py:log_counts()] - # PWM tools: 0
2026-05-17 12:40:16,090 [printer.py:log_counts()] - # Leds: 0
2026-05-17 12:40:16,342 [printer.py:change_state()] - Changing state from 'disconnected' to 'startup'
2026-05-17 12:40:16,342 [printer.py:change_state()] - Adding callback for state: startup
2026-05-17 12:40:16,343 [KlippyWebsocket.py:object_subscription()] - Sending printer.objects.subscribe
2026-05-17 12:40:16,344 [files.py:set_gcodes_path()] - Gcodes path: None
2026-05-17 12:40:16,344 [screen.py:_finish_init()] - Printer initialized
2026-05-17 12:40:16,359 [screen.py:set_dpms_timeout()] - DPMS on :0 set to: 3600
2026-05-17 12:40:16,359 [screen.py:set_screenblanking_timeout()] - Blanking timeout: 3600
2026-05-17 12:40:16,363 [screen.py:printer_initializing()] - Klipper is attempting to start
2026-05-17 12:40:16,364 [screen.py:set_server_config()] - Temperature store size: 1200
2026-05-17 12:40:16,364 [screen.py:set_tempstore()] - Moonraker tempstore not yet available
2026-05-17 12:40:16,364 [printer.py:init_temp_store()] - Temp store: ['extruder', 'heater_bed']
2026-05-17 12:40:51,743 [printer.py:change_state()] - Changing state from 'startup' to 'disconnected'
2026-05-17 12:40:51,744 [printer.py:change_state()] - Adding callback for state: disconnected
2026-05-17 12:40:51,761 [screen.py:set_dpms_timeout()] - DPMS on :0 set to: 3600
2026-05-17 12:40:51,762 [screen.py:set_screenblanking_timeout()] - Blanking timeout: 3600
2026-05-17 12:40:51,762 [screen.py:state_disconnected()] - ### Going to disconnected
2026-05-17 12:40:51,762 [screen.py:show_panel()] - Panel is already is in view
2026-05-17 12:40:51,767 [screen.py:printer_initializing()] - Klipper has disconnected
2026-05-17 12:40:56,052 [screen.py:printer_initializing()] - Initializing Klipper Connection
2026-05-17 12:40:56,088 [printer.py:log_counts()] - Klipper version: v0.13.0-656-g4cc47cf56
2026-05-17 12:40:56,088 [printer.py:log_counts()] - # Extruders: 1
2026-05-17 12:40:56,088 [printer.py:log_counts()] - # Temperature devices: 1
2026-05-17 12:40:56,088 [printer.py:log_counts()] - # Fans: 1
2026-05-17 12:40:56,089 [printer.py:log_counts()] - # Output pins: 0
2026-05-17 12:40:56,089 [printer.py:log_counts()] - # PWM tools: 0
2026-05-17 12:40:56,089 [printer.py:log_counts()] - # Leds: 0
2026-05-17 12:40:56,340 [printer.py:change_state()] - Changing state from 'disconnected' to 'startup'
2026-05-17 12:40:56,341 [printer.py:change_state()] - Adding callback for state: startup
2026-05-17 12:40:56,342 [KlippyWebsocket.py:object_subscription()] - Sending printer.objects.subscribe
2026-05-17 12:40:56,343 [files.py:set_gcodes_path()] - Gcodes path: None
2026-05-17 12:40:56,343 [screen.py:_finish_init()] - Printer initialized
2026-05-17 12:40:56,358 [screen.py:set_dpms_timeout()] - DPMS on :0 set to: 3600
2026-05-17 12:40:56,358 [screen.py:set_screenblanking_timeout()] - Blanking timeout: 3600
2026-05-17 12:40:56,362 [screen.py:printer_initializing()] - Klipper is attempting to start
2026-05-17 12:40:56,362 [screen.py:set_server_config()] - Temperature store size: 1200
2026-05-17 12:40:56,363 [screen.py:set_tempstore()] - Moonraker tempstore not yet available
2026-05-17 12:40:56,363 [printer.py:init_temp_store()] - Temp store: ['extruder', 'heater_bed']
2026-05-17 12:41:10,541 [printer.py:change_state()] - Changing state from 'startup' to 'disconnected'
2026-05-17 12:41:10,541 [printer.py:change_state()] - Adding callback for state: disconnected
2026-05-17 12:41:10,565 [screen.py:set_dpms_timeout()] - DPMS on :0 set to: 3600
2026-05-17 12:41:10,565 [screen.py:set_screenblanking_timeout()] - Blanking timeout: 3600
2026-05-17 12:41:10,565 [screen.py:state_disconnected()] - ### Going to disconnected
2026-05-17 12:41:10,566 [screen.py:show_panel()] - Panel is already is in view
2026-05-17 12:41:10,573 [screen.py:printer_initializing()] - Klipper has disconnected
2026-05-17 12:41:15,052 [screen.py:printer_initializing()] - Initializing Klipper Connection
2026-05-17 12:41:15,090 [printer.py:log_counts()] - Klipper version: v0.13.0-656-g4cc47cf56
2026-05-17 12:41:15,090 [printer.py:log_counts()] - # Extruders: 1
2026-05-17 12:41:15,090 [printer.py:log_counts()] - # Temperature devices: 1
2026-05-17 12:41:15,090 [printer.py:log_counts()] - # Fans: 1
2026-05-17 12:41:15,090 [printer.py:log_counts()] - # Output pins: 0
2026-05-17 12:41:15,090 [printer.py:log_counts()] - # PWM tools: 0
2026-05-17 12:41:15,090 [printer.py:log_counts()] - # Leds: 0
2026-05-17 12:41:15,342 [printer.py:change_state()] - Changing state from 'disconnected' to 'startup'
2026-05-17 12:41:15,342 [printer.py:change_state()] - Adding callback for state: startup
2026-05-17 12:41:15,343 [KlippyWebsocket.py:object_subscription()] - Sending printer.objects.subscribe
2026-05-17 12:41:15,344 [files.py:set_gcodes_path()] - Gcodes path: None
2026-05-17 12:41:15,344 [screen.py:_finish_init()] - Printer initialized
2026-05-17 12:41:15,360 [screen.py:set_dpms_timeout()] - DPMS on :0 set to: 3600
2026-05-17 12:41:15,360 [screen.py:set_screenblanking_timeout()] - Blanking timeout: 3600
2026-05-17 12:41:15,364 [screen.py:printer_initializing()] - Klipper is attempting to start
2026-05-17 12:41:15,364 [screen.py:set_server_config()] - Temperature store size: 1200
2026-05-17 12:41:15,365 [screen.py:set_tempstore()] - Moonraker tempstore not yet available
2026-05-17 12:41:15,365 [printer.py:init_temp_store()] - Temp store: ['extruder', 'heater_bed']
2026-05-17 12:42:21,745 [printer.py:change_state()] - Changing state from 'startup' to 'disconnected'
2026-05-17 12:42:21,745 [printer.py:change_state()] - Adding callback for state: disconnected
2026-05-17 12:42:21,766 [screen.py:set_dpms_timeout()] - DPMS on :0 set to: 3600
2026-05-17 12:42:21,767 [screen.py:set_screenblanking_timeout()] - Blanking timeout: 3600
2026-05-17 12:42:21,767 [screen.py:state_disconnected()] - ### Going to disconnected
2026-05-17 12:42:21,767 [screen.py:show_panel()] - Panel is already is in view
2026-05-17 12:42:21,774 [screen.py:printer_initializing()] - Klipper has disconnected
2026-05-17 12:42:26,052 [screen.py:printer_initializing()] - Initializing Klipper Connection
2026-05-17 12:42:26,088 [screen.py:printer_initializing()] - Unable to get printer info from moonraker
2026-05-17 12:42:30,052 [screen.py:printer_initializing()] - Initializing Klipper Connection
2026-05-17 12:42:30,123 [printer.py:log_counts()] - Klipper version: v0.13.0-656-g4cc47cf56
2026-05-17 12:42:30,123 [printer.py:log_counts()] - # Extruders: 1
2026-05-17 12:42:30,123 [printer.py:log_counts()] - # Temperature devices: 1
2026-05-17 12:42:30,123 [printer.py:log_counts()] - # Fans: 1
2026-05-17 12:42:30,123 [printer.py:log_counts()] - # Output pins: 0
2026-05-17 12:42:30,123 [printer.py:log_counts()] - # PWM tools: 0
2026-05-17 12:42:30,123 [printer.py:log_counts()] - # Leds: 0
2026-05-17 12:42:30,379 [printer.py:change_state()] - Changing state from 'disconnected' to 'ready'
2026-05-17 12:42:30,379 [printer.py:change_state()] - Adding callback for state: ready
2026-05-17 12:42:30,380 [KlippyWebsocket.py:object_subscription()] - Sending printer.objects.subscribe
2026-05-17 12:42:30,381 [files.py:set_gcodes_path()] - Gcodes path: None
2026-05-17 12:42:30,382 [screen.py:_finish_init()] - Printer initialized
2026-05-17 12:42:30,397 [screen.py:set_dpms_timeout()] - DPMS on :0 set to: 3600
2026-05-17 12:42:30,397 [screen.py:set_screenblanking_timeout()] - Blanking timeout: 3600
2026-05-17 12:42:30,397 [KlippyWebsocket.py:get_file_list()] - Sending server.files.list
2026-05-17 12:42:30,398 [screen.py:_remove_all_panels()] - Removing all panels
2026-05-17 12:42:30,441 [screen.py:_load_panel()] - Loading panel: main_menu
2026-05-17 12:42:30,521 [main_menu.py:__init__()] - ### Making MainMenu
2026-05-17 12:42:30,527 [main_menu.py:add_device()] - Adding device: extruder
2026-05-17 12:42:30,533 [main_menu.py:add_device()] - Adding device: heater_bed
2026-05-17 12:42:30,551 [menu.py:arrangeMenuItems()] - X > gcodes
2026-05-17 12:42:30,556 [screen.py:attach_panel()] - Current panel hierarchy: main_menu
2026-05-17 12:42:30,570 [screen.py:set_server_config()] - Temperature store size: 1200
2026-05-17 12:42:30,570 [screen.py:set_tempstore()] - Moonraker tempstore not yet available
2026-05-17 12:42:30,570 [printer.py:init_temp_store()] - Temp store: ['extruder', 'heater_bed']
2026-05-17 12:43:23,565 [printer.py:change_state()] - Changing state from 'ready' to 'disconnected'
2026-05-17 12:43:23,565 [printer.py:change_state()] - Adding callback for state: disconnected
2026-05-17 12:43:23,580 [screen.py:set_dpms_timeout()] - DPMS on :0 set to: 3600
2026-05-17 12:43:23,581 [screen.py:set_screenblanking_timeout()] - Blanking timeout: 3600
2026-05-17 12:43:23,581 [screen.py:state_disconnected()] - ### Going to disconnected
2026-05-17 12:43:23,581 [screen.py:_remove_all_panels()] - Removing all panels
2026-05-17 12:43:23,635 [screen.py:show_panel()] - Reinitializing panel splash_screen
2026-05-17 12:43:23,654 [screen.py:attach_panel()] - Current panel hierarchy: splash_screen
2026-05-17 12:43:23,665 [screen.py:printer_initializing()] - Klipper has disconnected
2026-05-17 12:43:28,052 [screen.py:printer_initializing()] - Initializing Klipper Connection
2026-05-17 12:43:28,101 [screen.py:printer_initializing()] - Unable to get printer info from moonraker
2026-05-17 12:43:32,052 [screen.py:printer_initializing()] - Initializing Klipper Connection
2026-05-17 12:43:32,089 [printer.py:log_counts()] - Klipper version: v0.13.0-656-g4cc47cf56
2026-05-17 12:43:32,089 [printer.py:log_counts()] - # Extruders: 1
2026-05-17 12:43:32,089 [printer.py:log_counts()] - # Temperature devices: 1
2026-05-17 12:43:32,089 [printer.py:log_counts()] - # Fans: 1
2026-05-17 12:43:32,089 [printer.py:log_counts()] - # Output pins: 0
2026-05-17 12:43:32,089 [printer.py:log_counts()] - # PWM tools: 0
2026-05-17 12:43:32,089 [printer.py:log_counts()] - # Leds: 0
2026-05-17 12:43:32,341 [printer.py:change_state()] - Changing state from 'disconnected' to 'startup'
2026-05-17 12:43:32,342 [printer.py:change_state()] - Adding callback for state: startup
2026-05-17 12:43:32,343 [KlippyWebsocket.py:object_subscription()] - Sending printer.objects.subscribe
2026-05-17 12:43:32,344 [files.py:set_gcodes_path()] - Gcodes path: None
2026-05-17 12:43:32,344 [screen.py:_finish_init()] - Printer initialized
2026-05-17 12:43:32,359 [screen.py:set_dpms_timeout()] - DPMS on :0 set to: 3600
2026-05-17 12:43:32,359 [screen.py:set_screenblanking_timeout()] - Blanking timeout: 3600
2026-05-17 12:43:32,363 [screen.py:printer_initializing()] - Klipper is attempting to start
2026-05-17 12:43:32,364 [screen.py:set_server_config()] - Temperature store size: 1200
2026-05-17 12:43:32,372 [printer.py:init_temp_store()] - Temp store: ['heater_bed', 'extruder']
2026-05-17 12:44:59,090 [printer.py:change_state()] - Changing state from 'startup' to 'error'
2026-05-17 12:44:59,090 [printer.py:change_state()] - Adding callback for state: error
2026-05-17 12:44:59,111 [screen.py:set_dpms_timeout()] - DPMS on :0 set to: 3600
2026-05-17 12:44:59,111 [screen.py:set_screenblanking_timeout()] - Blanking timeout: 3600
2026-05-17 12:44:59,111 [screen.py:show_panel()] - Panel is already is in view
2026-05-17 12:44:59,119 [screen.py:printer_initializing()] - Klipper has encountered an error.
A FIRMWARE_RESTART may fix the issue.
mcu 'mcu': Unable to connect
Once the underlying issue is corrected, use the
"FIRMWARE_RESTART" command to reset the firmware, reload the
config, and restart the host software.
Error configuring printer

2026-05-17 12:45:10,264 [printer.py:change_state()] - Changing state from 'error' to 'disconnected'
2026-05-17 12:45:10,264 [printer.py:change_state()] - Adding callback for state: disconnected
2026-05-17 12:45:10,288 [screen.py:set_dpms_timeout()] - DPMS on :0 set to: 3600
2026-05-17 12:45:10,289 [screen.py:set_screenblanking_timeout()] - Blanking timeout: 3600
2026-05-17 12:45:10,289 [screen.py:state_disconnected()] - ### Going to disconnected
2026-05-17 12:45:10,289 [screen.py:show_panel()] - Panel is already is in view
2026-05-17 12:45:10,297 [screen.py:printer_initializing()] - Klipper has disconnected
2026-05-17 12:45:15,052 [screen.py:printer_initializing()] - Initializing Klipper Connection
2026-05-17 12:45:15,087 [screen.py:printer_initializing()] - Unable to get printer info from moonraker
2026-05-17 12:45:19,052 [screen.py:printer_initializing()] - Initializing Klipper Connection
2026-05-17 12:45:19,089 [printer.py:log_counts()] - Klipper version: v0.13.0-656-g4cc47cf56
2026-05-17 12:45:19,089 [printer.py:log_counts()] - # Extruders: 1
2026-05-17 12:45:19,089 [printer.py:log_counts()] - # Temperature devices: 1
2026-05-17 12:45:19,089 [printer.py:log_counts()] - # Fans: 1
2026-05-17 12:45:19,089 [printer.py:log_counts()] - # Output pins: 0
2026-05-17 12:45:19,090 [printer.py:log_counts()] - # PWM tools: 0
2026-05-17 12:45:19,090 [printer.py:log_counts()] - # Leds: 0
2026-05-17 12:45:19,341 [printer.py:change_state()] - Changing state from 'disconnected' to 'startup'
2026-05-17 12:45:19,341 [printer.py:change_state()] - Adding callback for state: startup
2026-05-17 12:45:19,342 [KlippyWebsocket.py:object_subscription()] - Sending printer.objects.subscribe
2026-05-17 12:45:19,343 [files.py:set_gcodes_path()] - Gcodes path: None
2026-05-17 12:45:19,344 [screen.py:_finish_init()] - Printer initialized
2026-05-17 12:45:19,360 [screen.py:set_dpms_timeout()] - DPMS on :0 set to: 3600
2026-05-17 12:45:19,361 [screen.py:set_screenblanking_timeout()] - Blanking timeout: 3600
2026-05-17 12:45:19,365 [screen.py:printer_initializing()] - Klipper is attempting to start
2026-05-17 12:45:19,365 [screen.py:set_server_config()] - Temperature store size: 1200
2026-05-17 12:45:19,373 [printer.py:init_temp_store()] - Temp store: ['heater_bed', 'extruder']
2026-05-17 12:45:38,406 [printer.py:change_state()] - Changing state from 'startup' to 'disconnected'
2026-05-17 12:45:38,408 [printer.py:change_state()] - Adding callback for state: disconnected
2026-05-17 12:45:38,431 [screen.py:set_dpms_timeout()] - DPMS on :0 set to: 3600
2026-05-17 12:45:38,431 [screen.py:set_screenblanking_timeout()] - Blanking timeout: 3600
2026-05-17 12:45:38,431 [screen.py:state_disconnected()] - ### Going to disconnected
2026-05-17 12:45:38,432 [screen.py:show_panel()] - Panel is already is in view
2026-05-17 12:45:38,439 [screen.py:printer_initializing()] - Klipper has disconnected
2026-05-17 12:45:43,054 [screen.py:printer_initializing()] - Initializing Klipper Connection
2026-05-17 12:45:43,088 [screen.py:printer_initializing()] - Unable to get printer info from moonraker
2026-05-17 12:45:47,025 [screen.py:printer_initializing()] - Initializing Klipper Connection
2026-05-17 12:45:47,061 [screen.py:printer_initializing()] - Initializing Klipper Connection
2026-05-17 12:45:47,276 [printer.py:log_counts()] - Klipper version: v0.13.0-656-g4cc47cf56
2026-05-17 12:45:47,277 [printer.py:log_counts()] - # Extruders: 1
2026-05-17 12:45:47,277 [printer.py:log_counts()] - # Temperature devices: 1
2026-05-17 12:45:47,277 [printer.py:log_counts()] - # Fans: 1
2026-05-17 12:45:47,277 [printer.py:log_counts()] - # Output pins: 0
2026-05-17 12:45:47,277 [printer.py:log_counts()] - # PWM tools: 0
2026-05-17 12:45:47,277 [printer.py:log_counts()] - # Leds: 0
2026-05-17 12:45:47,282 [printer.py:log_counts()] - Klipper version: v0.13.0-656-g4cc47cf56
2026-05-17 12:45:47,282 [printer.py:log_counts()] - # Extruders: 1
2026-05-17 12:45:47,282 [printer.py:log_counts()] - # Temperature devices: 1
2026-05-17 12:45:47,282 [printer.py:log_counts()] - # Fans: 1
2026-05-17 12:45:47,282 [printer.py:log_counts()] - # Output pins: 0
2026-05-17 12:45:47,282 [printer.py:log_counts()] - # PWM tools: 0
2026-05-17 12:45:47,282 [printer.py:log_counts()] - # Leds: 0
2026-05-17 12:45:47,530 [printer.py:change_state()] - Changing state from 'disconnected' to 'ready'
2026-05-17 12:45:47,530 [printer.py:change_state()] - Adding callback for state: ready
2026-05-17 12:45:47,536 [KlippyWebsocket.py:object_subscription()] - Sending printer.objects.subscribe
2026-05-17 12:45:47,540 [files.py:set_gcodes_path()] - Gcodes path: None
2026-05-17 12:45:47,541 [screen.py:_finish_init()] - Printer initialized
2026-05-17 12:45:47,552 [KlippyWebsocket.py:object_subscription()] - Sending printer.objects.subscribe
2026-05-17 12:45:47,554 [files.py:set_gcodes_path()] - Gcodes path: None
2026-05-17 12:45:47,554 [screen.py:_finish_init()] - Printer initialized
2026-05-17 12:45:47,557 [screen.py:set_server_config()] - Temperature store size: 1200
2026-05-17 12:45:47,565 [printer.py:init_temp_store()] - Temp store: ['heater_bed', 'extruder']
2026-05-17 12:45:47,570 [screen.py:set_server_config()] - Temperature store size: 1200
2026-05-17 12:45:47,585 [screen.py:set_dpms_timeout()] - DPMS on :0 set to: 3600
2026-05-17 12:45:47,585 [screen.py:set_screenblanking_timeout()] - Blanking timeout: 3600
2026-05-17 12:45:47,585 [KlippyWebsocket.py:get_file_list()] - Sending server.files.list
2026-05-17 12:45:47,587 [screen.py:_remove_all_panels()] - Removing all panels
2026-05-17 12:45:47,629 [screen.py:show_panel()] - Reinitializing panel main_menu
2026-05-17 12:45:47,681 [main_menu.py:__init__()] - ### Making MainMenu
2026-05-17 12:45:47,687 [main_menu.py:add_device()] - Adding device: extruder
2026-05-17 12:45:47,689 [main_menu.py:add_device()] - Adding device: heater_bed
2026-05-17 12:45:47,705 [menu.py:arrangeMenuItems()] - X > gcodes
2026-05-17 12:45:47,710 [screen.py:attach_panel()] - Current panel hierarchy: main_menu
2026-05-17 12:45:47,731 [printer.py:init_temp_store()] - Temp store: ['heater_bed', 'extruder']
2026-05-17 12:46:35,943 [printer.py:change_state()] - Changing state from 'ready' to 'shutdown'
2026-05-17 12:46:35,944 [printer.py:change_state()] - Adding callback for state: shutdown
2026-05-17 12:46:35,990 [screen.py:set_dpms_timeout()] - DPMS on :0 set to: 3600
2026-05-17 12:46:35,991 [screen.py:set_screenblanking_timeout()] - Blanking timeout: 3600
2026-05-17 12:46:35,991 [screen.py:_remove_all_panels()] - Removing all panels
2026-05-17 12:46:36,049 [screen.py:show_panel()] - Reinitializing panel splash_screen
2026-05-17 12:46:36,067 [screen.py:attach_panel()] - Current panel hierarchy: splash_screen
2026-05-17 12:46:36,077 [screen.py:printer_initializing()] - Klipper has shutdown
Lost communication with MCU 'mcu'
Once the underlying issue is corrected, use the
"FIRMWARE_RESTART" command to reset the firmware, reload the
config, and restart the host software.
Printer is shutdown

2026-05-17 13:05:04,264 [printer.py:change_state()] - Changing state from 'shutdown' to 'disconnected'
2026-05-17 13:05:04,265 [printer.py:change_state()] - Adding callback for state: disconnected
2026-05-17 13:05:04,284 [screen.py:set_dpms_timeout()] - DPMS on :0 set to: 3600
2026-05-17 13:05:04,285 [screen.py:set_screenblanking_timeout()] - Blanking timeout: 3600
2026-05-17 13:05:04,285 [screen.py:state_disconnected()] - ### Going to disconnected
2026-05-17 13:05:04,285 [screen.py:show_panel()] - Panel is already is in view
2026-05-17 13:05:04,293 [screen.py:printer_initializing()] - Klipper has disconnected
2026-05-17 13:05:08,053 [screen.py:printer_initializing()] - Initializing Klipper Connection
2026-05-17 13:05:08,088 [screen.py:printer_initializing()] - Unable to get printer info from moonraker
2026-05-17 13:05:12,059 [screen.py:printer_initializing()] - Initializing Klipper Connection
2026-05-17 13:05:12,122 [screen.py:printer_initializing()] - Unable to get printer info from moonraker
2026-05-17 13:05:16,053 [screen.py:printer_initializing()] - Initializing Klipper Connection
2026-05-17 13:05:16,086 [screen.py:printer_initializing()] - Unable to get printer info from moonraker
2026-05-17 13:05:20,059 [screen.py:printer_initializing()] - Initializing Klipper Connection
2026-05-17 13:05:20,128 [screen.py:printer_initializing()] - Unable to get printer info from moonraker
2026-05-17 13:05:24,053 [screen.py:printer_initializing()] - Initializing Klipper Connection
2026-05-17 13:05:24,086 [screen.py:printer_initializing()] - Unable to get printer info from moonraker
2026-05-17 13:05:24,086 [screen.py:_init_printer()] - Stopping Retries
2026-05-17 13:24:31,762 [screen.py:printer_initializing()] - Initializing Klipper Connection
2026-05-17 13:24:32,013 [printer.py:log_counts()] - Klipper version: v0.13.0-656-g4cc47cf5
2026-05-17 13:24:32,013 [printer.py:log_counts()] - # Extruders: 1
2026-05-17 13:24:32,013 [printer.py:log_counts()] - # Temperature devices: 1
2026-05-17 13:24:32,013 [printer.py:log_counts()] - # Fans: 1
2026-05-17 13:24:32,013 [printer.py:log_counts()] - # Output pins: 0
2026-05-17 13:24:32,013 [printer.py:log_counts()] - # PWM tools: 0
2026-05-17 13:24:32,013 [printer.py:log_counts()] - # Leds: 0
2026-05-17 13:24:32,265 [printer.py:change_state()] - Changing state from 'disconnected' to 'ready'
2026-05-17 13:24:32,266 [printer.py:change_state()] - Adding callback for state: ready
2026-05-17 13:24:32,267 [KlippyWebsocket.py:object_subscription()] - Sending printer.objects.subscribe
2026-05-17 13:24:32,268 [files.py:set_gcodes_path()] - Gcodes path: None
2026-05-17 13:24:32,268 [screen.py:_finish_init()] - Printer initialized
2026-05-17 13:24:32,302 [screen.py:set_dpms_timeout()] - DPMS on :0 set to: 3600
2026-05-17 13:24:32,302 [screen.py:set_screenblanking_timeout()] - Blanking timeout: 3600
2026-05-17 13:24:32,302 [KlippyWebsocket.py:get_file_list()] - Sending server.files.list
2026-05-17 13:24:32,304 [screen.py:_remove_all_panels()] - Removing all panels
2026-05-17 13:24:32,348 [screen.py:show_panel()] - Reinitializing panel main_menu
2026-05-17 13:24:32,400 [main_menu.py:__init__()] - ### Making MainMenu
2026-05-17 13:24:32,405 [main_menu.py:add_device()] - Adding device: extruder
2026-05-17 13:24:32,408 [main_menu.py:add_device()] - Adding device: heater_bed
2026-05-17 13:24:32,423 [menu.py:arrangeMenuItems()] - X > gcodes
2026-05-17 13:24:32,428 [screen.py:attach_panel()] - Current panel hierarchy: main_menu
2026-05-17 13:24:32,442 [screen.py:set_server_config()] - Temperature store size: 1200
2026-05-17 13:24:32,442 [printer.py:init_temp_store()] - Temp store: ['heater_bed', 'extruder']
2026-05-17 13:24:49,192 [printer.py:change_state()] - Changing state from 'ready' to 'disconnected'
2026-05-17 13:24:49,192 [printer.py:change_state()] - Adding callback for state: disconnected
2026-05-17 13:24:49,212 [screen.py:set_dpms_timeout()] - DPMS on :0 set to: 3600
2026-05-17 13:24:49,212 [screen.py:set_screenblanking_timeout()] - Blanking timeout: 3600
2026-05-17 13:24:49,212 [screen.py:state_disconnected()] - ### Going to disconnected
2026-05-17 13:24:49,213 [screen.py:_remove_all_panels()] - Removing all panels
2026-05-17 13:24:49,272 [screen.py:show_panel()] - Reinitializing panel splash_screen
2026-05-17 13:24:49,294 [screen.py:attach_panel()] - Current panel hierarchy: splash_screen
2026-05-17 13:24:49,304 [screen.py:printer_initializing()] - Klipper has disconnected
2026-05-17 13:24:54,054 [screen.py:printer_initializing()] - Initializing Klipper Connection
2026-05-17 13:24:54,099 [screen.py:printer_initializing()] - Unable to get printer info from moonraker
2026-05-17 13:24:58,053 [screen.py:printer_initializing()] - Initializing Klipper Connection
2026-05-17 13:24:58,090 [printer.py:log_counts()] - Klipper version: v0.13.0-656-g4cc47cf5
2026-05-17 13:24:58,090 [printer.py:log_counts()] - # Extruders: 1
2026-05-17 13:24:58,090 [printer.py:log_counts()] - # Temperature devices: 1
2026-05-17 13:24:58,091 [printer.py:log_counts()] - # Fans: 1
2026-05-17 13:24:58,091 [printer.py:log_counts()] - # Output pins: 0
2026-05-17 13:24:58,091 [printer.py:log_counts()] - # PWM tools: 0
2026-05-17 13:24:58,091 [printer.py:log_counts()] - # Leds: 0
2026-05-17 13:24:58,342 [printer.py:change_state()] - Changing state from 'disconnected' to 'startup'
2026-05-17 13:24:58,342 [printer.py:change_state()] - Adding callback for state: startup
2026-05-17 13:24:58,343 [KlippyWebsocket.py:object_subscription()] - Sending printer.objects.subscribe
2026-05-17 13:24:58,344 [files.py:set_gcodes_path()] - Gcodes path: None
2026-05-17 13:24:58,345 [screen.py:_finish_init()] - Printer initialized
2026-05-17 13:24:58,380 [screen.py:set_dpms_timeout()] - DPMS on :0 set to: 3600
2026-05-17 13:24:58,380 [screen.py:set_screenblanking_timeout()] - Blanking timeout: 3600
2026-05-17 13:24:58,384 [screen.py:printer_initializing()] - Klipper is attempting to start
2026-05-17 13:24:58,385 [screen.py:set_server_config()] - Temperature store size: 1200
2026-05-17 13:24:58,385 [printer.py:init_temp_store()] - Temp store: ['heater_bed', 'extruder']
2026-05-17 13:25:49,164 [printer.py:change_state()] - Changing state from 'startup' to 'disconnected'
2026-05-17 13:25:49,164 [printer.py:change_state()] - Adding callback for state: disconnected
2026-05-17 13:25:49,187 [screen.py:set_dpms_timeout()] - DPMS on :0 set to: 3600
2026-05-17 13:25:49,187 [screen.py:set_screenblanking_timeout()] - Blanking timeout: 3600
2026-05-17 13:25:49,187 [screen.py:state_disconnected()] - ### Going to disconnected
2026-05-17 13:25:49,188 [screen.py:show_panel()] - Panel is already is in view
2026-05-17 13:25:49,193 [screen.py:printer_initializing()] - Klipper has disconnected
2026-05-17 13:25:53,053 [screen.py:printer_initializing()] - Initializing Klipper Connection
2026-05-17 13:25:53,088 [screen.py:printer_initializing()] - Unable to get printer info from moonraker
2026-05-17 13:25:57,053 [screen.py:printer_initializing()] - Initializing Klipper Connection
2026-05-17 13:25:57,089 [printer.py:log_counts()] - Klipper version: v0.13.0-656-g4cc47cf5
2026-05-17 13:25:57,089 [printer.py:log_counts()] - # Extruders: 1
2026-05-17 13:25:57,089 [printer.py:log_counts()] - # Temperature devices: 1
2026-05-17 13:25:57,089 [printer.py:log_counts()] - # Fans: 1
2026-05-17 13:25:57,090 [printer.py:log_counts()] - # Output pins: 0
2026-05-17 13:25:57,090 [printer.py:log_counts()] - # PWM tools: 0
2026-05-17 13:25:57,090 [printer.py:log_counts()] - # Leds: 0
2026-05-17 13:25:57,341 [printer.py:change_state()] - Changing state from 'disconnected' to 'startup'
2026-05-17 13:25:57,341 [printer.py:change_state()] - Adding callback for state: startup
2026-05-17 13:25:57,342 [KlippyWebsocket.py:object_subscription()] - Sending printer.objects.subscribe
2026-05-17 13:25:57,343 [files.py:set_gcodes_path()] - Gcodes path: None
2026-05-17 13:25:57,344 [screen.py:_finish_init()] - Printer initialized
2026-05-17 13:25:57,379 [screen.py:set_dpms_timeout()] - DPMS on :0 set to: 3600
2026-05-17 13:25:57,379 [screen.py:set_screenblanking_timeout()] - Blanking timeout: 3600
2026-05-17 13:25:57,383 [screen.py:printer_initializing()] - Klipper is attempting to start
2026-05-17 13:25:57,384 [screen.py:set_server_config()] - Temperature store size: 1200
2026-05-17 13:25:57,384 [printer.py:init_temp_store()] - Temp store: ['heater_bed', 'extruder']
2026-05-17 13:26:13,028 [printer.py:change_state()] - Changing state from 'startup' to 'disconnected'
2026-05-17 13:26:13,029 [printer.py:change_state()] - Adding callback for state: disconnected
2026-05-17 13:26:13,047 [screen.py:set_dpms_timeout()] - DPMS on :0 set to: 3600
2026-05-17 13:26:13,047 [screen.py:set_screenblanking_timeout()] - Blanking timeout: 3600
2026-05-17 13:26:13,047 [screen.py:state_disconnected()] - ### Going to disconnected
2026-05-17 13:26:13,048 [screen.py:show_panel()] - Panel is already is in view
2026-05-17 13:26:13,054 [screen.py:printer_initializing()] - Klipper has disconnected
2026-05-17 13:26:17,053 [screen.py:printer_initializing()] - Initializing Klipper Connection
2026-05-17 13:26:17,088 [screen.py:printer_initializing()] - Unable to get printer info from moonraker
2026-05-17 13:26:21,053 [screen.py:printer_initializing()] - Initializing Klipper Connection
2026-05-17 13:26:21,298 [printer.py:log_counts()] - Klipper version: v0.13.0-656-g4cc47cf5
2026-05-17 13:26:21,298 [printer.py:log_counts()] - # Extruders: 1
2026-05-17 13:26:21,299 [printer.py:log_counts()] - # Temperature devices: 1
2026-05-17 13:26:21,299 [printer.py:log_counts()] - # Fans: 1
2026-05-17 13:26:21,299 [printer.py:log_counts()] - # Output pins: 0
2026-05-17 13:26:21,299 [printer.py:log_counts()] - # PWM tools: 0
2026-05-17 13:26:21,299 [printer.py:log_counts()] - # Leds: 0
2026-05-17 13:26:21,554 [printer.py:change_state()] - Changing state from 'disconnected' to 'ready'
2026-05-17 13:26:21,554 [printer.py:change_state()] - Adding callback for state: ready
2026-05-17 13:26:21,555 [KlippyWebsocket.py:object_subscription()] - Sending printer.objects.subscribe
2026-05-17 13:26:21,556 [files.py:set_gcodes_path()] - Gcodes path: None
2026-05-17 13:26:21,556 [screen.py:_finish_init()] - Printer initialized
2026-05-17 13:26:21,591 [screen.py:set_dpms_timeout()] - DPMS on :0 set to: 3600
2026-05-17 13:26:21,592 [screen.py:set_screenblanking_timeout()] - Blanking timeout: 3600
2026-05-17 13:26:21,592 [KlippyWebsocket.py:get_file_list()] - Sending server.files.list
2026-05-17 13:26:21,593 [screen.py:_remove_all_panels()] - Removing all panels
2026-05-17 13:26:21,636 [screen.py:show_panel()] - Reinitializing panel main_menu
2026-05-17 13:26:21,688 [main_menu.py:__init__()] - ### Making MainMenu
2026-05-17 13:26:21,693 [main_menu.py:add_device()] - Adding device: extruder
2026-05-17 13:26:21,696 [main_menu.py:add_device()] - Adding device: heater_bed
2026-05-17 13:26:21,711 [menu.py:arrangeMenuItems()] - X > gcodes
2026-05-17 13:26:21,716 [screen.py:attach_panel()] - Current panel hierarchy: main_menu
2026-05-17 13:26:21,729 [screen.py:set_server_config()] - Temperature store size: 1200
2026-05-17 13:26:21,730 [printer.py:init_temp_store()] - Temp store: ['heater_bed', 'extruder']
2026-05-17 13:28:08,805 [printer.py:change_state()] - Changing state from 'ready' to 'disconnected'
2026-05-17 13:28:08,806 [printer.py:change_state()] - Adding callback for state: disconnected
2026-05-17 13:28:08,829 [screen.py:set_dpms_timeout()] - DPMS on :0 set to: 3600
2026-05-17 13:28:08,829 [screen.py:set_screenblanking_timeout()] - Blanking timeout: 3600
2026-05-17 13:28:08,830 [screen.py:state_disconnected()] - ### Going to disconnected
2026-05-17 13:28:08,830 [screen.py:_remove_all_panels()] - Removing all panels
2026-05-17 13:28:08,902 [screen.py:show_panel()] - Reinitializing panel splash_screen
2026-05-17 13:28:08,921 [screen.py:attach_panel()] - Current panel hierarchy: splash_screen
2026-05-17 13:28:08,930 [screen.py:printer_initializing()] - Klipper has disconnected
2026-05-17 13:28:13,053 [screen.py:printer_initializing()] - Initializing Klipper Connection
2026-05-17 13:28:13,108 [printer.py:log_counts()] - Klipper version: v0.13.0-656-g4cc47cf5
2026-05-17 13:28:13,108 [printer.py:log_counts()] - # Extruders: 1
2026-05-17 13:28:13,108 [printer.py:log_counts()] - # Temperature devices: 1
2026-05-17 13:28:13,109 [printer.py:log_counts()] - # Fans: 1
2026-05-17 13:28:13,109 [printer.py:log_counts()] - # Output pins: 0
2026-05-17 13:28:13,109 [printer.py:log_counts()] - # PWM tools: 0
2026-05-17 13:28:13,109 [printer.py:log_counts()] - # Leds: 0
2026-05-17 13:28:13,361 [printer.py:change_state()] - Changing state from 'disconnected' to 'startup'
2026-05-17 13:28:13,361 [printer.py:change_state()] - Adding callback for state: startup
2026-05-17 13:28:13,362 [KlippyWebsocket.py:object_subscription()] - Sending printer.objects.subscribe
2026-05-17 13:28:13,363 [files.py:set_gcodes_path()] - Gcodes path: /home/voron/printer_data/gcodes
2026-05-17 13:28:13,363 [screen.py:_finish_init()] - Printer initialized
2026-05-17 13:28:13,400 [screen.py:set_dpms_timeout()] - DPMS on :0 set to: 3600
2026-05-17 13:28:13,400 [screen.py:set_screenblanking_timeout()] - Blanking timeout: 3600
2026-05-17 13:28:13,404 [screen.py:printer_initializing()] - Klipper is attempting to start
2026-05-17 13:28:13,404 [screen.py:set_server_config()] - Temperature store size: 1200
2026-05-17 13:28:13,405 [printer.py:init_temp_store()] - Temp store: ['heater_bed', 'extruder']
2026-05-17 13:29:40,341 [printer.py:change_state()] - Changing state from 'startup' to 'error'
2026-05-17 13:29:40,341 [printer.py:change_state()] - Adding callback for state: error
2026-05-17 13:29:40,365 [screen.py:set_dpms_timeout()] - DPMS on :0 set to: 3600
2026-05-17 13:29:40,365 [screen.py:set_screenblanking_timeout()] - Blanking timeout: 3600
2026-05-17 13:29:40,366 [screen.py:show_panel()] - Panel is already is in view
2026-05-17 13:29:40,375 [screen.py:printer_initializing()] - Klipper has encountered an error.
A FIRMWARE_RESTART may fix the issue.
mcu 'mcu': Unable to connect
Once the underlying issue is corrected, use the
"FIRMWARE_RESTART" command to reset the firmware, reload the
config, and restart the host software.
Error configuring printer

2026-05-17 13:30:35,062 [printer.py:change_state()] - Changing state from 'error' to 'disconnected'
2026-05-17 13:30:35,062 [printer.py:change_state()] - Adding callback for state: disconnected
2026-05-17 13:30:35,084 [screen.py:set_dpms_timeout()] - DPMS on :0 set to: 3600
2026-05-17 13:30:35,084 [screen.py:set_screenblanking_timeout()] - Blanking timeout: 3600
2026-05-17 13:30:35,084 [screen.py:state_disconnected()] - ### Going to disconnected
2026-05-17 13:30:35,085 [screen.py:show_panel()] - Panel is already is in view
2026-05-17 13:30:35,092 [screen.py:printer_initializing()] - Klipper has disconnected
2026-05-17 13:30:39,053 [screen.py:printer_initializing()] - Initializing Klipper Connection
2026-05-17 13:30:39,105 [printer.py:log_counts()] - Klipper version: v0.13.0-656-g4cc47cf5
2026-05-17 13:30:39,105 [printer.py:log_counts()] - # Extruders: 1
2026-05-17 13:30:39,105 [printer.py:log_counts()] - # Temperature devices: 1
2026-05-17 13:30:39,105 [printer.py:log_counts()] - # Fans: 1
2026-05-17 13:30:39,105 [printer.py:log_counts()] - # Output pins: 0
2026-05-17 13:30:39,105 [printer.py:log_counts()] - # PWM tools: 0
2026-05-17 13:30:39,105 [printer.py:log_counts()] - # Leds: 0
2026-05-17 13:30:39,357 [printer.py:change_state()] - Changing state from 'disconnected' to 'startup'
2026-05-17 13:30:39,358 [printer.py:change_state()] - Adding callback for state: startup
2026-05-17 13:30:39,359 [KlippyWebsocket.py:object_subscription()] - Sending printer.objects.subscribe
2026-05-17 13:30:39,361 [files.py:set_gcodes_path()] - Gcodes path: /home/voron/printer_data/gcodes
2026-05-17 13:30:39,361 [screen.py:_finish_init()] - Printer initialized
2026-05-17 13:30:39,388 [screen.py:set_dpms_timeout()] - DPMS on :0 set to: 3600
2026-05-17 13:30:39,388 [screen.py:set_screenblanking_timeout()] - Blanking timeout: 3600
2026-05-17 13:30:39,400 [screen.py:printer_initializing()] - Klipper is attempting to start
2026-05-17 13:30:39,400 [screen.py:set_server_config()] - Temperature store size: 1200
2026-05-17 13:30:39,401 [printer.py:init_temp_store()] - Temp store: ['heater_bed', 'extruder']
2026-05-17 13:31:49,289 [printer.py:change_state()] - Changing state from 'startup' to 'disconnected'
2026-05-17 13:31:49,289 [printer.py:change_state()] - Adding callback for state: disconnected
2026-05-17 13:31:49,309 [screen.py:set_dpms_timeout()] - DPMS on :0 set to: 3600
2026-05-17 13:31:49,310 [screen.py:set_screenblanking_timeout()] - Blanking timeout: 3600
2026-05-17 13:31:49,310 [screen.py:state_disconnected()] - ### Going to disconnected
2026-05-17 13:31:49,310 [screen.py:show_panel()] - Panel is already is in view
2026-05-17 13:31:49,318 [screen.py:printer_initializing()] - Klipper has disconnected
2026-05-17 13:31:54,053 [screen.py:printer_initializing()] - Initializing Klipper Connection
2026-05-17 13:31:54,090 [screen.py:printer_initializing()] - Unable to get printer info from moonraker
2026-05-17 13:31:58,053 [screen.py:printer_initializing()] - Initializing Klipper Connection
2026-05-17 13:31:58,137 [printer.py:log_counts()] - Klipper version: v0.13.0-656-g4cc47cf5
2026-05-17 13:31:58,137 [printer.py:log_counts()] - # Extruders: 1
2026-05-17 13:31:58,137 [printer.py:log_counts()] - # Temperature devices: 1
2026-05-17 13:31:58,137 [printer.py:log_counts()] - # Fans: 1
2026-05-17 13:31:58,137 [printer.py:log_counts()] - # Output pins: 0
2026-05-17 13:31:58,137 [printer.py:log_counts()] - # PWM tools: 0
2026-05-17 13:31:58,137 [printer.py:log_counts()] - # Leds: 0
2026-05-17 13:31:58,396 [printer.py:change_state()] - Changing state from 'disconnected' to 'ready'
2026-05-17 13:31:58,396 [printer.py:change_state()] - Adding callback for state: ready
2026-05-17 13:31:58,397 [KlippyWebsocket.py:object_subscription()] - Sending printer.objects.subscribe
2026-05-17 13:31:58,398 [files.py:set_gcodes_path()] - Gcodes path: /home/voron/printer_data/gcodes
2026-05-17 13:31:58,398 [screen.py:_finish_init()] - Printer initialized
2026-05-17 13:31:58,433 [screen.py:set_dpms_timeout()] - DPMS on :0 set to: 3600
2026-05-17 13:31:58,433 [screen.py:set_screenblanking_timeout()] - Blanking timeout: 3600
2026-05-17 13:31:58,433 [KlippyWebsocket.py:get_file_list()] - Sending server.files.list
2026-05-17 13:31:58,435 [screen.py:_remove_all_panels()] - Removing all panels
2026-05-17 13:31:58,478 [screen.py:show_panel()] - Reinitializing panel main_menu
2026-05-17 13:31:58,530 [main_menu.py:__init__()] - ### Making MainMenu
2026-05-17 13:31:58,536 [main_menu.py:add_device()] - Adding device: extruder
2026-05-17 13:31:58,539 [main_menu.py:add_device()] - Adding device: heater_bed
2026-05-17 13:31:58,553 [menu.py:arrangeMenuItems()] - X > gcodes
2026-05-17 13:31:58,558 [screen.py:attach_panel()] - Current panel hierarchy: main_menu
2026-05-17 13:31:58,572 [screen.py:set_server_config()] - Temperature store size: 1200
2026-05-17 13:31:58,572 [printer.py:init_temp_store()] - Temp store: ['heater_bed', 'extruder']
2026-05-17 13:37:13,392 [functions.py:log_start()] - --------------------KlipperScreen Log Start--------------------
2026-05-17 13:37:13,393 [functions.py:log_start()] - KlipperScreen Version: v0.4.7-15-g006f240
2026-05-17 13:37:13,393 [functions.py:log_start()] - Python version: 3.13
2026-05-17 13:37:13,511 [config.py:get_config_file_location()] - Passed config (-c): .
2026-05-17 13:37:13,511 [config.py:__init__()] - Config path location: /home/voron/printer_data/config/KlipperScreen.conf
2026-05-17 13:37:13,561 [config.py:log_config()] - ===== Config File =====

=======================
2026-05-17 13:37:13,562 [config.py:__init__()] - 
====== Saved ======




2026-05-17 13:37:13,563 [config.py:__init__()] - Configured printers: [
  {
    "Printer": {
      "moonraker_host": "127.0.0.1",
      "moonraker_port": "7125",
      "moonraker_path": "",
      "moonraker_ssl": null,
      "moonraker_api_key": ""
    }
  }
]
2026-05-17 13:37:13,662 [config.py:create_translations()] - Selected lang: system_lang OS lang: en_GB
2026-05-17 13:37:13,662 [config.py:install_language()] - Using lang en
2026-05-17 13:37:13,673 [screen.py:__init__()] - Display for xset: :0
2026-05-17 13:37:13,675 [screen.py:__init__()] - Screen 0: 1024x768
2026-05-17 13:37:13,675 [screen.py:__init__()] - Monitors: 1 using number: 0
2026-05-17 13:37:13,675 [screen.py:__init__()] - Wayland: False Display name: :0
2026-05-17 13:37:13,677 [screen.py:__init__()] - Screen resolution: 1024x768
2026-05-17 13:37:13,838 [KlippyGtk.py:__init__()] - Font size: 25.6 (medium)
2026-05-17 13:37:14,024 [base_panel.py:battery_percentage()] - Battery information not available.
2026-05-17 13:37:14,238 [screen.py:set_dpms_timeout()] - DPMS on :0 set to: 3600
2026-05-17 13:37:14,239 [screen.py:set_screenblanking_timeout()] - Blanking timeout: 3600
2026-05-17 13:37:14,239 [screen.py:initial_connection()] - Default printer: None
2026-05-17 13:37:14,240 [screen.py:_remove_all_panels()] - Removing all panels
2026-05-17 13:37:14,304 [screen.py:_load_panel()] - Loading panel: splash_screen
2026-05-17 13:37:14,343 [screen.py:attach_panel()] - Current panel hierarchy: splash_screen
2026-05-17 13:37:14,354 [screen.py:printer_initializing()] - Initializing KlipperScreen
2026-05-17 13:37:14,399 [screen.py:printer_initializing()] - Connecting to Printer
2026-05-17 13:37:14,411 [screen.py:set_dpms_timeout()] - DPMS on :0 set to: 3600
2026-05-17 13:37:14,411 [screen.py:set_screenblanking_timeout()] - Blanking timeout: 3600
2026-05-17 13:37:18,227 [KlippyWebsocket.py:initial_connect()] - Starting connection
2026-05-17 13:37:18,227 [KlippyWebsocket.py:connect()] - Attempting to connect
2026-05-17 13:37:18,228 [KlippyWebsocket.py:connect()] - Starting websocket thread
2026-05-17 13:37:18,234 [_logging.py:info()] - Websocket connected
2026-05-17 13:37:18,234 [screen.py:websocket_connected()] - ### websocket_connected
2026-05-17 13:37:18,239 [screen.py:printer_initializing()] - Moonraker Connected
2026-05-17 13:37:18,262 [KlippyWebsocket.py:identify_client()] - Sending server.connection.identify
2026-05-17 13:37:18,296 [screen.py:printer_initializing()] - Initializing Klipper Connection
2026-05-17 13:37:18,297 [printer.py:configure_cameras()] - Cameras: []
2026-05-17 13:37:18,334 [printer.py:log_counts()] - Klipper version: v0.13.0-656-g4cc47cf5
2026-05-17 13:37:18,335 [printer.py:log_counts()] - # Extruders: 1
2026-05-17 13:37:18,335 [printer.py:log_counts()] - # Temperature devices: 1
2026-05-17 13:37:18,335 [printer.py:log_counts()] - # Fans: 1
2026-05-17 13:37:18,335 [printer.py:log_counts()] - # Output pins: 0
2026-05-17 13:37:18,335 [printer.py:log_counts()] - # PWM tools: 0
2026-05-17 13:37:18,335 [printer.py:log_counts()] - # Leds: 0
2026-05-17 13:37:18,588 [printer.py:change_state()] - Changing state from 'disconnected' to 'startup'
2026-05-17 13:37:18,588 [printer.py:change_state()] - Adding callback for state: startup
2026-05-17 13:37:18,589 [KlippyWebsocket.py:object_subscription()] - Sending printer.objects.subscribe
2026-05-17 13:37:18,590 [files.py:set_gcodes_path()] - Gcodes path: /home/voron/printer_data/gcodes
2026-05-17 13:37:18,590 [screen.py:_finish_init()] - Printer initialized
2026-05-17 13:37:18,606 [screen.py:set_dpms_timeout()] - DPMS on :0 set to: 3600
2026-05-17 13:37:18,606 [screen.py:set_screenblanking_timeout()] - Blanking timeout: 3600
2026-05-17 13:37:18,610 [screen.py:printer_initializing()] - Klipper is attempting to start
2026-05-17 13:37:18,610 [screen.py:set_server_config()] - Temperature store size: 1200
2026-05-17 13:37:18,611 [screen.py:set_tempstore()] - Moonraker tempstore not yet available
2026-05-17 13:37:18,611 [printer.py:init_temp_store()] - Temp store: ['extruder', 'heater_bed']
2026-05-17 13:38:14,225 [base_panel.py:battery_percentage()] - Battery information not available.
2026-05-17 13:38:30,508 [printer.py:change_state()] - Changing state from 'startup' to 'disconnected'
2026-05-17 13:38:30,509 [printer.py:change_state()] - Adding callback for state: disconnected
2026-05-17 13:38:30,522 [screen.py:set_dpms_timeout()] - DPMS on :0 set to: 3600
2026-05-17 13:38:30,523 [screen.py:set_screenblanking_timeout()] - Blanking timeout: 3600
2026-05-17 13:38:30,523 [screen.py:state_disconnected()] - ### Going to disconnected
2026-05-17 13:38:30,523 [screen.py:show_panel()] - Panel is already is in view
2026-05-17 13:38:30,528 [screen.py:printer_initializing()] - Klipper has disconnected
2026-05-17 13:38:35,230 [screen.py:printer_initializing()] - Initializing Klipper Connection
2026-05-17 13:38:35,265 [screen.py:printer_initializing()] - Unable to get printer info from moonraker
2026-05-17 13:38:39,230 [screen.py:printer_initializing()] - Initializing Klipper Connection
2026-05-17 13:38:39,279 [printer.py:log_counts()] - Klipper version: v0.13.0-656-g4cc47cf5
2026-05-17 13:38:39,280 [printer.py:log_counts()] - # Extruders: 1
2026-05-17 13:38:39,280 [printer.py:log_counts()] - # Temperature devices: 1
2026-05-17 13:38:39,280 [printer.py:log_counts()] - # Fans: 1
2026-05-17 13:38:39,280 [printer.py:log_counts()] - # Output pins: 0
2026-05-17 13:38:39,280 [printer.py:log_counts()] - # PWM tools: 0
2026-05-17 13:38:39,280 [printer.py:log_counts()] - # Leds: 0
2026-05-17 13:38:39,538 [printer.py:change_state()] - Changing state from 'disconnected' to 'ready'
2026-05-17 13:38:39,538 [printer.py:change_state()] - Adding callback for state: ready
2026-05-17 13:38:39,539 [KlippyWebsocket.py:object_subscription()] - Sending printer.objects.subscribe
2026-05-17 13:38:39,540 [files.py:set_gcodes_path()] - Gcodes path: /home/voron/printer_data/gcodes
2026-05-17 13:38:39,541 [screen.py:_finish_init()] - Printer initialized
2026-05-17 13:38:39,556 [screen.py:set_dpms_timeout()] - DPMS on :0 set to: 3600
2026-05-17 13:38:39,556 [screen.py:set_screenblanking_timeout()] - Blanking timeout: 3600
2026-05-17 13:38:39,556 [KlippyWebsocket.py:get_file_list()] - Sending server.files.list
2026-05-17 13:38:39,557 [screen.py:_remove_all_panels()] - Removing all panels
2026-05-17 13:38:39,600 [screen.py:_load_panel()] - Loading panel: main_menu
2026-05-17 13:38:39,677 [main_menu.py:__init__()] - ### Making MainMenu
2026-05-17 13:38:39,683 [main_menu.py:add_device()] - Adding device: extruder
2026-05-17 13:38:39,689 [main_menu.py:add_device()] - Adding device: heater_bed
2026-05-17 13:38:39,708 [menu.py:arrangeMenuItems()] - X > gcodes
2026-05-17 13:38:39,713 [screen.py:attach_panel()] - Current panel hierarchy: main_menu
2026-05-17 13:38:39,726 [screen.py:set_server_config()] - Temperature store size: 1200
2026-05-17 13:38:39,726 [screen.py:set_tempstore()] - Moonraker tempstore not yet available
2026-05-17 13:38:39,727 [printer.py:init_temp_store()] - Temp store: ['extruder', 'heater_bed']
2026-05-17 13:39:00,163 [printer.py:change_state()] - Changing state from 'ready' to 'disconnected'
2026-05-17 13:39:00,163 [printer.py:change_state()] - Adding callback for state: disconnected
2026-05-17 13:39:00,181 [screen.py:set_dpms_timeout()] - DPMS on :0 set to: 3600
2026-05-17 13:39:00,182 [screen.py:set_screenblanking_timeout()] - Blanking timeout: 3600
2026-05-17 13:39:00,182 [screen.py:state_disconnected()] - ### Going to disconnected
2026-05-17 13:39:00,182 [screen.py:_remove_all_panels()] - Removing all panels
2026-05-17 13:39:00,242 [screen.py:show_panel()] - Reinitializing panel splash_screen
2026-05-17 13:39:00,264 [screen.py:attach_panel()] - Current panel hierarchy: splash_screen
2026-05-17 13:39:00,274 [screen.py:printer_initializing()] - Klipper has disconnected
2026-05-17 13:39:04,230 [screen.py:printer_initializing()] - Initializing Klipper Connection
2026-05-17 13:39:04,268 [screen.py:printer_initializing()] - Unable to get printer info from moonraker
2026-05-17 13:39:08,230 [screen.py:printer_initializing()] - Initializing Klipper Connection
2026-05-17 13:39:08,281 [printer.py:log_counts()] - Klipper version: v0.13.0-656-g4cc47cf5
2026-05-17 13:39:08,282 [printer.py:log_counts()] - # Extruders: 1
2026-05-17 13:39:08,282 [printer.py:log_counts()] - # Temperature devices: 1
2026-05-17 13:39:08,282 [printer.py:log_counts()] - # Fans: 1
2026-05-17 13:39:08,282 [printer.py:log_counts()] - # Output pins: 0
2026-05-17 13:39:08,282 [printer.py:log_counts()] - # PWM tools: 0
2026-05-17 13:39:08,282 [printer.py:log_counts()] - # Leds: 0
2026-05-17 13:39:08,534 [printer.py:change_state()] - Changing state from 'disconnected' to 'startup'
2026-05-17 13:39:08,534 [printer.py:change_state()] - Adding callback for state: startup
2026-05-17 13:39:08,537 [KlippyWebsocket.py:object_subscription()] - Sending printer.objects.subscribe
2026-05-17 13:39:08,538 [files.py:set_gcodes_path()] - Gcodes path: /home/voron/printer_data/gcodes
2026-05-17 13:39:08,539 [screen.py:_finish_init()] - Printer initialized
2026-05-17 13:39:08,555 [screen.py:set_dpms_timeout()] - DPMS on :0 set to: 3600
2026-05-17 13:39:08,555 [screen.py:set_screenblanking_timeout()] - Blanking timeout: 3600
2026-05-17 13:39:08,559 [screen.py:printer_initializing()] - Klipper is attempting to start
2026-05-17 13:39:08,560 [screen.py:set_server_config()] - Temperature store size: 1200
2026-05-17 13:39:08,568 [printer.py:init_temp_store()] - Temp store: ['heater_bed', 'extruder']
2026-05-17 13:39:27,914 [printer.py:change_state()] - Changing state from 'startup' to 'disconnected'
2026-05-17 13:39:27,914 [printer.py:change_state()] - Adding callback for state: disconnected
2026-05-17 13:39:27,929 [screen.py:set_dpms_timeout()] - DPMS on :0 set to: 3600
2026-05-17 13:39:27,929 [screen.py:set_screenblanking_timeout()] - Blanking timeout: 3600
2026-05-17 13:39:27,929 [screen.py:state_disconnected()] - ### Going to disconnected
2026-05-17 13:39:27,929 [screen.py:show_panel()] - Panel is already is in view
2026-05-17 13:39:27,934 [screen.py:printer_initializing()] - Klipper has disconnected
2026-05-17 13:39:32,230 [screen.py:printer_initializing()] - Initializing Klipper Connection
2026-05-17 13:39:32,264 [screen.py:printer_initializing()] - Unable to get printer info from moonraker
2026-05-17 13:39:36,230 [screen.py:printer_initializing()] - Initializing Klipper Connection
2026-05-17 13:39:36,280 [printer.py:log_counts()] - Klipper version: v0.13.0-656-g4cc47cf5
2026-05-17 13:39:36,280 [printer.py:log_counts()] - # Extruders: 1
2026-05-17 13:39:36,280 [printer.py:log_counts()] - # Temperature devices: 1
2026-05-17 13:39:36,280 [printer.py:log_counts()] - # Fans: 1
2026-05-17 13:39:36,280 [printer.py:log_counts()] - # Output pins: 0
2026-05-17 13:39:36,280 [printer.py:log_counts()] - # PWM tools: 0
2026-05-17 13:39:36,280 [printer.py:log_counts()] - # Leds: 0
2026-05-17 13:39:36,532 [printer.py:change_state()] - Changing state from 'disconnected' to 'startup'
2026-05-17 13:39:36,533 [printer.py:change_state()] - Adding callback for state: startup
2026-05-17 13:39:36,534 [KlippyWebsocket.py:object_subscription()] - Sending printer.objects.subscribe
2026-05-17 13:39:36,535 [files.py:set_gcodes_path()] - Gcodes path: /home/voron/printer_data/gcodes
2026-05-17 13:39:36,535 [screen.py:_finish_init()] - Printer initialized
2026-05-17 13:39:36,551 [screen.py:set_dpms_timeout()] - DPMS on :0 set to: 3600
2026-05-17 13:39:36,551 [screen.py:set_screenblanking_timeout()] - Blanking timeout: 3600
2026-05-17 13:39:36,555 [screen.py:printer_initializing()] - Klipper is attempting to start
2026-05-17 13:39:36,555 [screen.py:set_server_config()] - Temperature store size: 1200
2026-05-17 13:39:36,563 [printer.py:init_temp_store()] - Temp store: ['heater_bed', 'extruder']
2026-05-17 13:39:48,777 [printer.py:change_state()] - Changing state from 'startup' to 'disconnected'
2026-05-17 13:39:48,777 [printer.py:change_state()] - Adding callback for state: disconnected
2026-05-17 13:39:48,797 [screen.py:set_dpms_timeout()] - DPMS on :0 set to: 3600
2026-05-17 13:39:48,797 [screen.py:set_screenblanking_timeout()] - Blanking timeout: 3600
2026-05-17 13:39:48,797 [screen.py:state_disconnected()] - ### Going to disconnected
2026-05-17 13:39:48,798 [screen.py:show_panel()] - Panel is already is in view
2026-05-17 13:39:48,805 [screen.py:printer_initializing()] - Klipper has disconnected
2026-05-17 13:39:53,230 [screen.py:printer_initializing()] - Initializing Klipper Connection
2026-05-17 13:39:53,263 [screen.py:printer_initializing()] - Unable to get printer info from moonraker
2026-05-17 13:39:57,230 [screen.py:printer_initializing()] - Initializing Klipper Connection
2026-05-17 13:39:57,279 [printer.py:log_counts()] - Klipper version: v0.13.0-656-g4cc47cf5
2026-05-17 13:39:57,280 [printer.py:log_counts()] - # Extruders: 1
2026-05-17 13:39:57,280 [printer.py:log_counts()] - # Temperature devices: 1
2026-05-17 13:39:57,280 [printer.py:log_counts()] - # Fans: 1
2026-05-17 13:39:57,280 [printer.py:log_counts()] - # Output pins: 0
2026-05-17 13:39:57,280 [printer.py:log_counts()] - # PWM tools: 0
2026-05-17 13:39:57,280 [printer.py:log_counts()] - # Leds: 0
2026-05-17 13:39:57,539 [printer.py:change_state()] - Changing state from 'disconnected' to 'ready'
2026-05-17 13:39:57,539 [printer.py:change_state()] - Adding callback for state: ready
2026-05-17 13:39:57,540 [KlippyWebsocket.py:object_subscription()] - Sending printer.objects.subscribe
2026-05-17 13:39:57,541 [files.py:set_gcodes_path()] - Gcodes path: /home/voron/printer_data/gcodes
2026-05-17 13:39:57,541 [screen.py:_finish_init()] - Printer initialized
2026-05-17 13:39:57,558 [screen.py:set_dpms_timeout()] - DPMS on :0 set to: 3600
2026-05-17 13:39:57,558 [screen.py:set_screenblanking_timeout()] - Blanking timeout: 3600
2026-05-17 13:39:57,558 [KlippyWebsocket.py:get_file_list()] - Sending server.files.list
2026-05-17 13:39:57,559 [screen.py:_remove_all_panels()] - Removing all panels
2026-05-17 13:39:57,603 [screen.py:show_panel()] - Reinitializing panel main_menu
2026-05-17 13:39:57,654 [main_menu.py:__init__()] - ### Making MainMenu
2026-05-17 13:39:57,660 [main_menu.py:add_device()] - Adding device: extruder
2026-05-17 13:39:57,663 [main_menu.py:add_device()] - Adding device: heater_bed
2026-05-17 13:39:57,678 [menu.py:arrangeMenuItems()] - X > gcodes
2026-05-17 13:39:57,683 [screen.py:attach_panel()] - Current panel hierarchy: main_menu
2026-05-17 13:39:57,696 [screen.py:set_server_config()] - Temperature store size: 1200
2026-05-17 13:39:57,705 [printer.py:init_temp_store()] - Temp store: ['heater_bed', 'extruder']
                                                                                                                                                                                                                                                                                                                                                                                                                                                                                                                                                                                                                                                                                                                                                                                                                                                                                                                                   2026-05-17 13:51:19,152 [functions.py:log_start()] - --------------------KlipperScreen Log Start--------------------
2026-05-17 13:51:19,152 [functions.py:log_start()] - KlipperScreen Version: v0.4.7-15-g006f240
2026-05-17 13:51:19,152 [functions.py:log_start()] - Python version: 3.13
2026-05-17 13:51:19,267 [config.py:get_config_file_location()] - Passed config (-c): .
2026-05-17 13:51:19,267 [config.py:__init__()] - Config path location: /home/voron/printer_data/config/KlipperScreen.conf
2026-05-17 13:51:19,316 [config.py:log_config()] - ===== Config File =====

=======================
2026-05-17 13:51:19,318 [config.py:__init__()] - 
====== Saved ======




2026-05-17 13:51:19,319 [config.py:__init__()] - Configured printers: [
  {
    "Printer": {
      "moonraker_host": "127.0.0.1",
      "moonraker_port": "7125",
      "moonraker_path": "",
      "moonraker_ssl": null,
      "moonraker_api_key": ""
    }
  }
]
2026-05-17 13:51:19,443 [config.py:create_translations()] - Selected lang: system_lang OS lang: en_GB
2026-05-17 13:51:19,443 [config.py:install_language()] - Using lang en
2026-05-17 13:51:19,456 [screen.py:__init__()] - Display for xset: :0
2026-05-17 13:51:19,458 [screen.py:__init__()] - Screen 0: 1024x768
2026-05-17 13:51:19,458 [screen.py:__init__()] - Monitors: 1 using number: 0
2026-05-17 13:51:19,458 [screen.py:__init__()] - Wayland: False Display name: :0
2026-05-17 13:51:19,459 [screen.py:__init__()] - Screen resolution: 1024x768
2026-05-17 13:51:19,622 [KlippyGtk.py:__init__()] - Font size: 25.6 (medium)
2026-05-17 13:51:19,863 [base_panel.py:battery_percentage()] - Battery information not available.
2026-05-17 13:51:20,047 [screen.py:set_dpms_timeout()] - DPMS on :0 set to: 3600
2026-05-17 13:51:20,048 [screen.py:set_screenblanking_timeout()] - Blanking timeout: 3600
2026-05-17 13:51:20,048 [screen.py:initial_connection()] - Default printer: None
2026-05-17 13:51:20,048 [screen.py:_remove_all_panels()] - Removing all panels
2026-05-17 13:51:20,098 [screen.py:_load_panel()] - Loading panel: splash_screen
2026-05-17 13:51:20,151 [screen.py:attach_panel()] - Current panel hierarchy: splash_screen
2026-05-17 13:51:20,169 [screen.py:printer_initializing()] - Initializing KlipperScreen
2026-05-17 13:51:20,236 [screen.py:printer_initializing()] - Connecting to Printer
2026-05-17 13:51:20,247 [screen.py:set_dpms_timeout()] - DPMS on :0 set to: 3600
2026-05-17 13:51:20,247 [screen.py:set_screenblanking_timeout()] - Blanking timeout: 3600
2026-05-17 13:51:24,059 [KlippyWebsocket.py:initial_connect()] - Starting connection
2026-05-17 13:51:24,060 [KlippyWebsocket.py:connect()] - Attempting to connect
2026-05-17 13:51:24,060 [KlippyWebsocket.py:connect()] - Starting websocket thread
2026-05-17 13:51:24,068 [_logging.py:info()] - Websocket connected
2026-05-17 13:51:24,068 [screen.py:websocket_connected()] - ### websocket_connected
2026-05-17 13:51:24,072 [screen.py:printer_initializing()] - Moonraker Connected
2026-05-17 13:51:24,096 [KlippyWebsocket.py:identify_client()] - Sending server.connection.identify
2026-05-17 13:51:24,130 [screen.py:printer_initializing()] - Initializing Klipper Connection
2026-05-17 13:51:24,131 [printer.py:configure_cameras()] - Cameras: []
2026-05-17 13:51:24,168 [printer.py:log_counts()] - Klipper version: v0.13.0-656-g4cc47cf5
2026-05-17 13:51:24,168 [printer.py:log_counts()] - # Extruders: 1
2026-05-17 13:51:24,169 [printer.py:log_counts()] - # Temperature devices: 1
2026-05-17 13:51:24,169 [printer.py:log_counts()] - # Fans: 1
2026-05-17 13:51:24,169 [printer.py:log_counts()] - # Output pins: 0
2026-05-17 13:51:24,169 [printer.py:log_counts()] - # PWM tools: 0
2026-05-17 13:51:24,169 [printer.py:log_counts()] - # Leds: 0
2026-05-17 13:51:24,421 [printer.py:change_state()] - Changing state from 'disconnected' to 'startup'
2026-05-17 13:51:24,421 [printer.py:change_state()] - Adding callback for state: startup
2026-05-17 13:51:24,423 [KlippyWebsocket.py:object_subscription()] - Sending printer.objects.subscribe
2026-05-17 13:51:24,424 [files.py:set_gcodes_path()] - Gcodes path: /home/voron/printer_data/gcodes
2026-05-17 13:51:24,424 [screen.py:_finish_init()] - Printer initialized
2026-05-17 13:51:24,441 [screen.py:set_dpms_timeout()] - DPMS on :0 set to: 3600
2026-05-17 13:51:24,441 [screen.py:set_screenblanking_timeout()] - Blanking timeout: 3600
2026-05-17 13:51:24,445 [screen.py:printer_initializing()] - Klipper is attempting to start
2026-05-17 13:51:24,446 [screen.py:set_server_config()] - Temperature store size: 1200
2026-05-17 13:51:24,446 [screen.py:set_tempstore()] - Moonraker tempstore not yet available
2026-05-17 13:51:24,446 [printer.py:init_temp_store()] - Temp store: ['extruder', 'heater_bed']
2026-05-17 13:52:20,058 [base_panel.py:battery_percentage()] - Battery information not available.
2026-05-17 13:52:46,403 [printer.py:change_state()] - Changing state from 'startup' to 'error'
2026-05-17 13:52:46,403 [printer.py:change_state()] - Adding callback for state: error
2026-05-17 13:52:46,424 [screen.py:set_dpms_timeout()] - DPMS on :0 set to: 3600
2026-05-17 13:52:46,424 [screen.py:set_screenblanking_timeout()] - Blanking timeout: 3600
2026-05-17 13:52:46,424 [screen.py:show_panel()] - Panel is already is in view
2026-05-17 13:52:46,432 [screen.py:printer_initializing()] - Klipper has encountered an error.
A FIRMWARE_RESTART may fix the issue.
mcu 'mcu': Unable to connect
Once the underlying issue is corrected, use the
"FIRMWARE_RESTART" command to reset the firmware, reload the
config, and restart the host software.
Error configuring printer

2026-05-17 14:03:53,531 [printer.py:change_state()] - Changing state from 'error' to 'disconnected'
2026-05-17 14:03:53,532 [printer.py:change_state()] - Adding callback for state: disconnected
2026-05-17 14:03:53,551 [screen.py:set_dpms_timeout()] - DPMS on :0 set to: 3600
2026-05-17 14:03:53,551 [screen.py:set_screenblanking_timeout()] - Blanking timeout: 3600
2026-05-17 14:03:53,552 [screen.py:state_disconnected()] - ### Going to disconnected
2026-05-17 14:03:53,552 [screen.py:show_panel()] - Panel is already is in view
2026-05-17 14:03:53,559 [screen.py:printer_initializing()] - Klipper has disconnected
2026-05-17 14:03:58,063 [screen.py:printer_initializing()] - Initializing Klipper Connection
2026-05-17 14:03:58,098 [screen.py:printer_initializing()] - Unable to get printer info from moonraker
2026-05-17 14:04:02,065 [screen.py:printer_initializing()] - Initializing Klipper Connection
2026-05-17 14:04:02,105 [screen.py:printer_initializing()] - Unable to get printer info from moonraker
2026-05-17 14:04:06,065 [screen.py:printer_initializing()] - Initializing Klipper Connection
2026-05-17 14:04:06,107 [screen.py:printer_initializing()] - Unable to get printer info from moonraker
2026-05-17 14:04:10,063 [screen.py:printer_initializing()] - Initializing Klipper Connection
2026-05-17 14:04:10,100 [screen.py:printer_initializing()] - Unable to get printer info from moonraker
2026-05-17 14:04:14,065 [screen.py:printer_initializing()] - Initializing Klipper Connection
2026-05-17 14:04:14,112 [screen.py:printer_initializing()] - Unable to get printer info from moonraker
2026-05-17 14:04:14,112 [screen.py:_init_printer()] - Stopping Retries
2026-05-17 14:12:58,266 [screen.py:printer_initializing()] - Initializing Klipper Connection
2026-05-17 14:12:58,532 [printer.py:log_counts()] - Klipper version: v0.13.0-656-g4cc47cf5
2026-05-17 14:12:58,532 [printer.py:log_counts()] - # Extruders: 1
2026-05-17 14:12:58,532 [printer.py:log_counts()] - # Temperature devices: 1
2026-05-17 14:12:58,532 [printer.py:log_counts()] - # Fans: 1
2026-05-17 14:12:58,532 [printer.py:log_counts()] - # Output pins: 0
2026-05-17 14:12:58,532 [printer.py:log_counts()] - # PWM tools: 0
2026-05-17 14:12:58,532 [printer.py:log_counts()] - # Leds: 0
2026-05-17 14:12:58,786 [printer.py:change_state()] - Changing state from 'disconnected' to 'ready'
2026-05-17 14:12:58,787 [printer.py:change_state()] - Adding callback for state: ready
2026-05-17 14:12:58,788 [KlippyWebsocket.py:object_subscription()] - Sending printer.objects.subscribe
2026-05-17 14:12:58,789 [files.py:set_gcodes_path()] - Gcodes path: /home/voron/printer_data/gcodes
2026-05-17 14:12:58,789 [screen.py:_finish_init()] - Printer initialized
2026-05-17 14:12:58,804 [screen.py:set_dpms_timeout()] - DPMS on :0 set to: 3600
2026-05-17 14:12:58,804 [screen.py:set_screenblanking_timeout()] - Blanking timeout: 3600
2026-05-17 14:12:58,804 [KlippyWebsocket.py:get_file_list()] - Sending server.files.list
2026-05-17 14:12:58,806 [screen.py:_remove_all_panels()] - Removing all panels
2026-05-17 14:12:58,848 [screen.py:_load_panel()] - Loading panel: main_menu
2026-05-17 14:12:58,925 [main_menu.py:__init__()] - ### Making MainMenu
2026-05-17 14:12:58,931 [main_menu.py:add_device()] - Adding device: extruder
2026-05-17 14:12:58,937 [main_menu.py:add_device()] - Adding device: heater_bed
2026-05-17 14:12:58,955 [menu.py:arrangeMenuItems()] - X > gcodes
2026-05-17 14:12:58,960 [screen.py:attach_panel()] - Current panel hierarchy: main_menu
2026-05-17 14:12:58,974 [screen.py:set_server_config()] - Temperature store size: 1200
2026-05-17 14:12:58,982 [printer.py:init_temp_store()] - Temp store: ['heater_bed', 'extruder']
2026-05-17 14:53:23,269 [functions.py:log_start()] - --------------------KlipperScreen Log Start--------------------
2026-05-17 14:53:23,270 [functions.py:log_start()] - KlipperScreen Version: v0.4.7-15-g006f240
2026-05-17 14:53:23,270 [functions.py:log_start()] - Python version: 3.13
2026-05-17 14:53:23,505 [config.py:get_config_file_location()] - Passed config (-c): .
2026-05-17 14:53:23,506 [config.py:__init__()] - Config path location: /home/voron/printer_data/config/KlipperScreen.conf
2026-05-17 14:53:23,609 [config.py:log_config()] - ===== Config File =====

=======================
2026-05-17 14:53:23,611 [config.py:__init__()] - 
====== Saved ======




2026-05-17 14:53:23,612 [config.py:__init__()] - Configured printers: [
  {
    "Printer": {
      "moonraker_host": "127.0.0.1",
      "moonraker_port": "7125",
      "moonraker_path": "",
      "moonraker_ssl": null,
      "moonraker_api_key": ""
    }
  }
]
2026-05-17 14:53:23,814 [config.py:create_translations()] - Selected lang: system_lang OS lang: en_GB
2026-05-17 14:53:23,814 [config.py:install_language()] - Using lang en
2026-05-17 14:53:23,837 [screen.py:__init__()] - Display for xset: :0
2026-05-17 14:53:23,839 [screen.py:__init__()] - Screen 0: 1024x768
2026-05-17 14:53:23,840 [screen.py:__init__()] - Monitors: 1 using number: 0
2026-05-17 14:53:23,840 [screen.py:__init__()] - Wayland: False Display name: :0
2026-05-17 14:53:23,843 [screen.py:__init__()] - Screen resolution: 1024x768
2026-05-17 14:53:24,205 [KlippyGtk.py:__init__()] - Font size: 25.6 (medium)
2026-05-17 14:53:24,505 [base_panel.py:battery_percentage()] - Battery information not available.
2026-05-17 14:53:24,787 [screen.py:set_dpms_timeout()] - DPMS on :0 set to: 3600
2026-05-17 14:53:24,788 [screen.py:set_screenblanking_timeout()] - Blanking timeout: 3600
2026-05-17 14:53:24,789 [screen.py:initial_connection()] - Default printer: None
2026-05-17 14:53:24,789 [screen.py:_remove_all_panels()] - Removing all panels
2026-05-17 14:53:24,862 [screen.py:_load_panel()] - Loading panel: splash_screen
2026-05-17 14:53:24,944 [screen.py:attach_panel()] - Current panel hierarchy: splash_screen
2026-05-17 14:53:24,970 [screen.py:printer_initializing()] - Initializing KlipperScreen
2026-05-17 14:53:25,050 [screen.py:printer_initializing()] - Connecting to Printer
2026-05-17 14:53:25,073 [screen.py:set_dpms_timeout()] - DPMS on :0 set to: 3600
2026-05-17 14:53:25,073 [screen.py:set_screenblanking_timeout()] - Blanking timeout: 3600
2026-05-17 14:53:28,863 [KlippyWebsocket.py:initial_connect()] - Starting connection
2026-05-17 14:53:28,863 [KlippyWebsocket.py:connect()] - Attempting to connect
2026-05-17 14:53:28,864 [KlippyWebsocket.py:connect()] - Starting websocket thread
2026-05-17 14:53:28,879 [_logging.py:info()] - Websocket connected
2026-05-17 14:53:28,881 [screen.py:websocket_connected()] - ### websocket_connected
2026-05-17 14:53:28,890 [screen.py:printer_initializing()] - Moonraker Connected
2026-05-17 14:53:28,945 [KlippyWebsocket.py:identify_client()] - Sending server.connection.identify
2026-05-17 14:53:29,016 [screen.py:printer_initializing()] - Initializing Klipper Connection
2026-05-17 14:53:29,018 [printer.py:configure_cameras()] - Cameras: []
2026-05-17 14:53:29,102 [printer.py:log_counts()] - Klipper version: v0.13.0-656-g4cc47cf5
2026-05-17 14:53:29,102 [printer.py:log_counts()] - # Extruders: 1
2026-05-17 14:53:29,102 [printer.py:log_counts()] - # Temperature devices: 1
2026-05-17 14:53:29,103 [printer.py:log_counts()] - # Fans: 1
2026-05-17 14:53:29,103 [printer.py:log_counts()] - # Output pins: 0
2026-05-17 14:53:29,103 [printer.py:log_counts()] - # PWM tools: 0
2026-05-17 14:53:29,103 [printer.py:log_counts()] - # Leds: 0
2026-05-17 14:53:29,358 [printer.py:change_state()] - Changing state from 'disconnected' to 'startup'
2026-05-17 14:53:29,358 [printer.py:change_state()] - Adding callback for state: startup
2026-05-17 14:53:29,360 [KlippyWebsocket.py:object_subscription()] - Sending printer.objects.subscribe
2026-05-17 14:53:29,362 [files.py:set_gcodes_path()] - Gcodes path: /home/voron/printer_data/gcodes
2026-05-17 14:53:29,362 [screen.py:_finish_init()] - Printer initialized
2026-05-17 14:53:29,397 [screen.py:set_dpms_timeout()] - DPMS on :0 set to: 3600
2026-05-17 14:53:29,398 [screen.py:set_screenblanking_timeout()] - Blanking timeout: 3600
2026-05-17 14:53:29,407 [screen.py:printer_initializing()] - Klipper is attempting to start
2026-05-17 14:53:29,408 [screen.py:set_server_config()] - Temperature store size: 1200
2026-05-17 14:53:29,409 [screen.py:set_tempstore()] - Moonraker tempstore not yet available
2026-05-17 14:53:29,409 [printer.py:init_temp_store()] - Temp store: ['extruder', 'heater_bed']
2026-05-17 14:54:24,860 [base_panel.py:battery_percentage()] - Battery information not available.
2026-05-17 14:54:48,750 [printer.py:change_state()] - Changing state from 'startup' to 'error'
2026-05-17 14:54:48,751 [printer.py:change_state()] - Adding callback for state: error
2026-05-17 14:54:48,774 [screen.py:set_dpms_timeout()] - DPMS on :0 set to: 3600
2026-05-17 14:54:48,775 [screen.py:set_screenblanking_timeout()] - Blanking timeout: 3600
2026-05-17 14:54:48,775 [screen.py:show_panel()] - Panel is already is in view
2026-05-17 14:54:48,784 [screen.py:printer_initializing()] - Klipper has encountered an error.
A FIRMWARE_RESTART may fix the issue.
mcu 'mcu': Unable to connect
Once the underlying issue is corrected, use the
"FIRMWARE_RESTART" command to reset the firmware, reload the
config, and restart the host software.
Error configuring printer

2026-05-17 15:01:30,581 [functions.py:log_start()] - --------------------KlipperScreen Log Start--------------------
2026-05-17 15:01:30,581 [functions.py:log_start()] - KlipperScreen Version: v0.4.7-15-g006f240
2026-05-17 15:01:30,581 [functions.py:log_start()] - Python version: 3.13
2026-05-17 15:01:30,824 [config.py:get_config_file_location()] - Passed config (-c): .
2026-05-17 15:01:30,825 [config.py:__init__()] - Config path location: /home/voron/printer_data/config/KlipperScreen.conf
2026-05-17 15:01:30,930 [config.py:log_config()] - ===== Config File =====

=======================
2026-05-17 15:01:30,933 [config.py:__init__()] - 
====== Saved ======




2026-05-17 15:01:30,934 [config.py:__init__()] - Configured printers: [
  {
    "Printer": {
      "moonraker_host": "127.0.0.1",
      "moonraker_port": "7125",
      "moonraker_path": "",
      "moonraker_ssl": null,
      "moonraker_api_key": ""
    }
  }
]
2026-05-17 15:01:31,135 [config.py:create_translations()] - Selected lang: system_lang OS lang: en_GB
2026-05-17 15:01:31,135 [config.py:install_language()] - Using lang en
2026-05-17 15:01:31,159 [screen.py:__init__()] - Display for xset: :0
2026-05-17 15:01:31,161 [screen.py:__init__()] - Screen 0: 1024x768
2026-05-17 15:01:31,161 [screen.py:__init__()] - Monitors: 1 using number: 0
2026-05-17 15:01:31,162 [screen.py:__init__()] - Wayland: False Display name: :0
2026-05-17 15:01:31,165 [screen.py:__init__()] - Screen resolution: 1024x768
2026-05-17 15:01:31,525 [KlippyGtk.py:__init__()] - Font size: 25.6 (medium)
2026-05-17 15:01:31,827 [base_panel.py:battery_percentage()] - Battery information not available.
2026-05-17 15:01:32,109 [screen.py:set_dpms_timeout()] - DPMS on :0 set to: 3600
2026-05-17 15:01:32,110 [screen.py:set_screenblanking_timeout()] - Blanking timeout: 3600
2026-05-17 15:01:32,110 [screen.py:initial_connection()] - Default printer: None
2026-05-17 15:01:32,110 [screen.py:_remove_all_panels()] - Removing all panels
2026-05-17 15:01:32,185 [screen.py:_load_panel()] - Loading panel: splash_screen
2026-05-17 15:01:32,267 [screen.py:attach_panel()] - Current panel hierarchy: splash_screen
2026-05-17 15:01:32,293 [screen.py:printer_initializing()] - Initializing KlipperScreen
2026-05-17 15:01:32,372 [screen.py:printer_initializing()] - Connecting to Printer
2026-05-17 15:01:32,395 [screen.py:set_dpms_timeout()] - DPMS on :0 set to: 3600
2026-05-17 15:01:32,395 [screen.py:set_screenblanking_timeout()] - Blanking timeout: 3600
2026-05-17 15:01:36,703 [KlippyWebsocket.py:initial_connect()] - Starting connection
2026-05-17 15:01:36,703 [KlippyWebsocket.py:connect()] - Attempting to connect
2026-05-17 15:01:36,704 [KlippyWebsocket.py:connect()] - Starting websocket thread
2026-05-17 15:01:36,719 [_logging.py:info()] - Websocket connected
2026-05-17 15:01:36,721 [screen.py:websocket_connected()] - ### websocket_connected
2026-05-17 15:01:36,730 [screen.py:printer_initializing()] - Moonraker Connected
2026-05-17 15:01:36,785 [KlippyWebsocket.py:identify_client()] - Sending server.connection.identify
2026-05-17 15:01:36,861 [screen.py:printer_initializing()] - Initializing Klipper Connection
2026-05-17 15:01:36,864 [printer.py:configure_cameras()] - Cameras: []
2026-05-17 15:01:36,950 [printer.py:log_counts()] - Klipper version: v0.13.0-656-g4cc47cf5
2026-05-17 15:01:36,950 [printer.py:log_counts()] - # Extruders: 1
2026-05-17 15:01:36,950 [printer.py:log_counts()] - # Temperature devices: 1
2026-05-17 15:01:36,950 [printer.py:log_counts()] - # Fans: 1
2026-05-17 15:01:36,951 [printer.py:log_counts()] - # Output pins: 0
2026-05-17 15:01:36,951 [printer.py:log_counts()] - # PWM tools: 0
2026-05-17 15:01:36,951 [printer.py:log_counts()] - # Leds: 0
2026-05-17 15:01:37,207 [printer.py:change_state()] - Changing state from 'disconnected' to 'startup'
2026-05-17 15:01:37,208 [printer.py:change_state()] - Adding callback for state: startup
2026-05-17 15:01:37,210 [KlippyWebsocket.py:object_subscription()] - Sending printer.objects.subscribe
2026-05-17 15:01:37,212 [files.py:set_gcodes_path()] - Gcodes path: /home/voron/printer_data/gcodes
2026-05-17 15:01:37,212 [screen.py:_finish_init()] - Printer initialized
2026-05-17 15:01:37,245 [screen.py:set_dpms_timeout()] - DPMS on :0 set to: 3600
2026-05-17 15:01:37,246 [screen.py:set_screenblanking_timeout()] - Blanking timeout: 3600
2026-05-17 15:01:37,255 [screen.py:printer_initializing()] - Klipper is attempting to start
2026-05-17 15:01:37,256 [screen.py:set_server_config()] - Temperature store size: 1200
2026-05-17 15:01:37,256 [screen.py:set_tempstore()] - Moonraker tempstore not yet available
2026-05-17 15:01:37,257 [printer.py:init_temp_store()] - Temp store: ['extruder', 'heater_bed']
2026-05-17 15:02:32,700 [base_panel.py:battery_percentage()] - Battery information not available.
2026-05-17 15:02:44,164 [printer.py:change_state()] - Changing state from 'startup' to 'disconnected'
2026-05-17 15:02:44,166 [printer.py:change_state()] - Adding callback for state: disconnected
2026-05-17 15:02:44,197 [screen.py:set_dpms_timeout()] - DPMS on :0 set to: 3600
2026-05-17 15:02:44,197 [screen.py:set_screenblanking_timeout()] - Blanking timeout: 3600
2026-05-17 15:02:44,198 [screen.py:state_disconnected()] - ### Going to disconnected
2026-05-17 15:02:44,198 [screen.py:show_panel()] - Panel is already is in view
2026-05-17 15:02:44,211 [screen.py:printer_initializing()] - Klipper has disconnected
2026-05-17 15:02:48,711 [screen.py:printer_initializing()] - Initializing Klipper Connection
2026-05-17 15:02:48,836 [printer.py:log_counts()] - Klipper version: v0.13.0-656-g4cc47cf5
2026-05-17 15:02:48,836 [printer.py:log_counts()] - # Extruders: 1
2026-05-17 15:02:48,836 [printer.py:log_counts()] - # Temperature devices: 1
2026-05-17 15:02:48,836 [printer.py:log_counts()] - # Fans: 1
2026-05-17 15:02:48,836 [printer.py:log_counts()] - # Output pins: 0
2026-05-17 15:02:48,837 [printer.py:log_counts()] - # PWM tools: 0
2026-05-17 15:02:48,837 [printer.py:log_counts()] - # Leds: 0
2026-05-17 15:02:49,093 [printer.py:change_state()] - Changing state from 'disconnected' to 'startup'
2026-05-17 15:02:49,093 [printer.py:change_state()] - Adding callback for state: startup
2026-05-17 15:02:49,096 [KlippyWebsocket.py:object_subscription()] - Sending printer.objects.subscribe
2026-05-17 15:02:49,098 [files.py:set_gcodes_path()] - Gcodes path: /home/voron/printer_data/gcodes
2026-05-17 15:02:49,098 [screen.py:_finish_init()] - Printer initialized
2026-05-17 15:02:49,133 [screen.py:set_dpms_timeout()] - DPMS on :0 set to: 3600
2026-05-17 15:02:49,134 [screen.py:set_screenblanking_timeout()] - Blanking timeout: 3600
2026-05-17 15:02:49,144 [screen.py:printer_initializing()] - Klipper is attempting to start
2026-05-17 15:02:49,145 [screen.py:set_server_config()] - Temperature store size: 1200
2026-05-17 15:02:49,146 [screen.py:set_tempstore()] - Moonraker tempstore not yet available
2026-05-17 15:02:49,146 [printer.py:init_temp_store()] - Temp store: ['extruder', 'heater_bed']
2026-05-17 15:04:14,828 [printer.py:change_state()] - Changing state from 'startup' to 'error'
2026-05-17 15:04:14,828 [printer.py:change_state()] - Adding callback for state: error
2026-05-17 15:04:14,852 [screen.py:set_dpms_timeout()] - DPMS on :0 set to: 3600
2026-05-17 15:04:14,852 [screen.py:set_screenblanking_timeout()] - Blanking timeout: 3600
2026-05-17 15:04:14,852 [screen.py:show_panel()] - Panel is already is in view
2026-05-17 15:04:14,861 [screen.py:printer_initializing()] - Klipper has encountered an error.
A FIRMWARE_RESTART may fix the issue.
mcu 'mcu': Unable to connect
Once the underlying issue is corrected, use the
"FIRMWARE_RESTART" command to reset the firmware, reload the
config, and restart the host software.
Error configuring printer

2026-05-17 15:06:14,283 [printer.py:change_state()] - Changing state from 'error' to 'disconnected'
2026-05-17 15:06:14,283 [printer.py:change_state()] - Adding callback for state: disconnected
2026-05-17 15:06:14,314 [screen.py:set_dpms_timeout()] - DPMS on :0 set to: 3600
2026-05-17 15:06:14,314 [screen.py:set_screenblanking_timeout()] - Blanking timeout: 3600
2026-05-17 15:06:14,314 [screen.py:state_disconnected()] - ### Going to disconnected
2026-05-17 15:06:14,315 [screen.py:show_panel()] - Panel is already is in view
2026-05-17 15:06:14,325 [screen.py:printer_initializing()] - Klipper has disconnected
2026-05-17 15:06:18,710 [screen.py:printer_initializing()] - Initializing Klipper Connection
2026-05-17 15:06:18,786 [screen.py:printer_initializing()] - Unable to get printer info from moonraker
2026-05-17 15:06:22,712 [screen.py:printer_initializing()] - Initializing Klipper Connection
2026-05-17 15:06:22,794 [screen.py:printer_initializing()] - Unable to get printer info from moonraker
2026-05-17 15:06:25,081 [screen.py:printer_initializing()] - Initializing Klipper Connection
2026-05-17 15:06:25,367 [printer.py:log_counts()] - Klipper version: v0.13.0-656-g4cc47cf5
2026-05-17 15:06:25,367 [printer.py:log_counts()] - # Extruders: 1
2026-05-17 15:06:25,367 [printer.py:log_counts()] - # Temperature devices: 1
2026-05-17 15:06:25,368 [printer.py:log_counts()] - # Fans: 1
2026-05-17 15:06:25,368 [printer.py:log_counts()] - # Output pins: 0
2026-05-17 15:06:25,368 [printer.py:log_counts()] - # PWM tools: 0
2026-05-17 15:06:25,368 [printer.py:log_counts()] - # Leds: 0
2026-05-17 15:06:25,628 [printer.py:change_state()] - Changing state from 'disconnected' to 'ready'
2026-05-17 15:06:25,628 [printer.py:change_state()] - Adding callback for state: ready
2026-05-17 15:06:25,630 [KlippyWebsocket.py:object_subscription()] - Sending printer.objects.subscribe
2026-05-17 15:06:25,632 [files.py:set_gcodes_path()] - Gcodes path: /home/voron/printer_data/gcodes
2026-05-17 15:06:25,632 [screen.py:_finish_init()] - Printer initialized
2026-05-17 15:06:25,666 [screen.py:set_dpms_timeout()] - DPMS on :0 set to: 3600
2026-05-17 15:06:25,666 [screen.py:set_screenblanking_timeout()] - Blanking timeout: 3600
2026-05-17 15:06:25,666 [KlippyWebsocket.py:get_file_list()] - Sending server.files.list
2026-05-17 15:06:25,669 [screen.py:_remove_all_panels()] - Removing all panels
2026-05-17 15:06:25,741 [screen.py:_load_panel()] - Loading panel: main_menu
2026-05-17 15:06:25,905 [main_menu.py:__init__()] - ### Making MainMenu
2026-05-17 15:06:25,918 [main_menu.py:add_device()] - Adding device: extruder
2026-05-17 15:06:25,930 [main_menu.py:add_device()] - Adding device: heater_bed
2026-05-17 15:06:25,970 [menu.py:arrangeMenuItems()] - X > gcodes
2026-05-17 15:06:25,982 [screen.py:attach_panel()] - Current panel hierarchy: main_menu
2026-05-17 15:06:26,017 [screen.py:set_server_config()] - Temperature store size: 1200
2026-05-17 15:06:26,038 [printer.py:init_temp_store()] - Temp store: ['heater_bed', 'extruder']
2026-05-17 15:06:26,570 [printer.py:change_state()] - Changing state from 'ready' to 'shutdown'
2026-05-17 15:06:26,571 [printer.py:change_state()] - Adding callback for state: shutdown
2026-05-17 15:06:26,624 [screen.py:set_dpms_timeout()] - DPMS on :0 set to: 3600
2026-05-17 15:06:26,625 [screen.py:set_screenblanking_timeout()] - Blanking timeout: 3600
2026-05-17 15:06:26,625 [screen.py:_remove_all_panels()] - Removing all panels
2026-05-17 15:06:26,700 [screen.py:show_panel()] - Reinitializing panel splash_screen
2026-05-17 15:06:26,741 [screen.py:attach_panel()] - Current panel hierarchy: splash_screen
2026-05-17 15:06:26,763 [screen.py:printer_initializing()] - Klipper has shutdown
MCU 'mcu' shutdown: ADC out of range
Sensor 'heater_bed' temperature -61.708 not in range 0.000:130.000
Sensor 'extruder' temperature -34.850 not in range 0.000:250.000
This generally occurs when a heater temperature exceeds
its configured min_temp or max_temp.
Once the underlying issue is corrected, use the
"FIRMWARE_RESTART" command to reset the firmware, reload the
config, and restart the host software.
Printer is shutdown

2026-05-17 15:06:26,772 [screen.py:printer_initializing()] - Initializing Klipper Connection
2026-05-17 15:06:27,116 [printer.py:log_counts()] - Klipper version: v0.13.0-656-g4cc47cf5
2026-05-17 15:06:27,116 [printer.py:log_counts()] - # Extruders: 1
2026-05-17 15:06:27,117 [printer.py:log_counts()] - # Temperature devices: 1
2026-05-17 15:06:27,117 [printer.py:log_counts()] - # Fans: 1
2026-05-17 15:06:27,117 [printer.py:log_counts()] - # Output pins: 0
2026-05-17 15:06:27,117 [printer.py:log_counts()] - # PWM tools: 0
2026-05-17 15:06:27,117 [printer.py:log_counts()] - # Leds: 0
2026-05-17 15:06:27,375 [KlippyWebsocket.py:object_subscription()] - Sending printer.objects.subscribe
2026-05-17 15:06:27,377 [files.py:set_gcodes_path()] - Gcodes path: /home/voron/printer_data/gcodes
2026-05-17 15:06:27,378 [screen.py:_finish_init()] - Printer initialized
2026-05-17 15:06:27,396 [screen.py:set_server_config()] - Temperature store size: 1200
2026-05-17 15:06:27,422 [printer.py:init_temp_store()] - Temp store: ['heater_bed', 'extruder']
2026-05-17 15:06:47,964 [printer.py:change_state()] - Changing state from 'shutdown' to 'disconnected'
2026-05-17 15:06:47,964 [printer.py:change_state()] - Adding callback for state: disconnected
2026-05-17 15:06:47,993 [screen.py:set_dpms_timeout()] - DPMS on :0 set to: 3600
2026-05-17 15:06:47,994 [screen.py:set_screenblanking_timeout()] - Blanking timeout: 3600
2026-05-17 15:06:47,994 [screen.py:state_disconnected()] - ### Going to disconnected
2026-05-17 15:06:47,995 [screen.py:show_panel()] - Panel is already is in view
2026-05-17 15:06:48,005 [screen.py:printer_initializing()] - Klipper has disconnected
2026-05-17 15:06:52,712 [screen.py:printer_initializing()] - Initializing Klipper Connection
2026-05-17 15:06:52,803 [screen.py:printer_initializing()] - Unable to get printer info from moonraker
2026-05-17 15:06:56,710 [screen.py:printer_initializing()] - Initializing Klipper Connection
2026-05-17 15:06:56,821 [printer.py:log_counts()] - Klipper version: v0.13.0-656-g4cc47cf5
2026-05-17 15:06:56,821 [printer.py:log_counts()] - # Extruders: 1
2026-05-17 15:06:56,821 [printer.py:log_counts()] - # Temperature devices: 1
2026-05-17 15:06:56,821 [printer.py:log_counts()] - # Fans: 1
2026-05-17 15:06:56,822 [printer.py:log_counts()] - # Output pins: 0
2026-05-17 15:06:56,822 [printer.py:log_counts()] - # PWM tools: 0
2026-05-17 15:06:56,822 [printer.py:log_counts()] - # Leds: 0
2026-05-17 15:06:57,078 [printer.py:change_state()] - Changing state from 'disconnected' to 'startup'
2026-05-17 15:06:57,078 [printer.py:change_state()] - Adding callback for state: startup
2026-05-17 15:06:57,080 [KlippyWebsocket.py:object_subscription()] - Sending printer.objects.subscribe
2026-05-17 15:06:57,082 [files.py:set_gcodes_path()] - Gcodes path: /home/voron/printer_data/gcodes
2026-05-17 15:06:57,082 [screen.py:_finish_init()] - Printer initialized
2026-05-17 15:06:57,116 [screen.py:set_dpms_timeout()] - DPMS on :0 set to: 3600
2026-05-17 15:06:57,117 [screen.py:set_screenblanking_timeout()] - Blanking timeout: 3600
2026-05-17 15:06:57,126 [screen.py:printer_initializing()] - Klipper is attempting to start
2026-05-17 15:06:57,127 [screen.py:set_server_config()] - Temperature store size: 1200
2026-05-17 15:06:57,148 [printer.py:init_temp_store()] - Temp store: ['heater_bed', 'extruder']
2026-05-17 15:08:25,278 [printer.py:change_state()] - Changing state from 'startup' to 'error'
2026-05-17 15:08:25,279 [printer.py:change_state()] - Adding callback for state: error
2026-05-17 15:08:25,302 [screen.py:set_dpms_timeout()] - DPMS on :0 set to: 3600
2026-05-17 15:08:25,303 [screen.py:set_screenblanking_timeout()] - Blanking timeout: 3600
2026-05-17 15:08:25,303 [screen.py:show_panel()] - Panel is already is in view
2026-05-17 15:08:25,312 [screen.py:printer_initializing()] - Klipper has encountered an error.
A FIRMWARE_RESTART may fix the issue.
mcu 'mcu': Unable to connect
Once the underlying issue is corrected, use the
"FIRMWARE_RESTART" command to reset the firmware, reload the
config, and restart the host software.
Error configuring printer

2026-05-17 15:10:47,320 [printer.py:change_state()] - Changing state from 'error' to 'disconnected'
2026-05-17 15:10:47,320 [printer.py:change_state()] - Adding callback for state: disconnected
2026-05-17 15:10:47,350 [screen.py:set_dpms_timeout()] - DPMS on :0 set to: 3600
2026-05-17 15:10:47,350 [screen.py:set_screenblanking_timeout()] - Blanking timeout: 3600
2026-05-17 15:10:47,350 [screen.py:state_disconnected()] - ### Going to disconnected
2026-05-17 15:10:47,351 [screen.py:show_panel()] - Panel is already is in view
2026-05-17 15:10:47,361 [screen.py:printer_initializing()] - Klipper has disconnected
2026-05-17 15:10:51,713 [screen.py:printer_initializing()] - Initializing Klipper Connection
2026-05-17 15:10:51,827 [printer.py:log_counts()] - Klipper version: v0.13.0-656-g4cc47cf5
2026-05-17 15:10:51,828 [printer.py:log_counts()] - # Extruders: 1
2026-05-17 15:10:51,828 [printer.py:log_counts()] - # Temperature devices: 1
2026-05-17 15:10:51,828 [printer.py:log_counts()] - # Fans: 1
2026-05-17 15:10:51,828 [printer.py:log_counts()] - # Output pins: 0
2026-05-17 15:10:51,828 [printer.py:log_counts()] - # PWM tools: 0
2026-05-17 15:10:51,829 [printer.py:log_counts()] - # Leds: 0
2026-05-17 15:10:52,084 [printer.py:change_state()] - Changing state from 'disconnected' to 'startup'
2026-05-17 15:10:52,085 [printer.py:change_state()] - Adding callback for state: startup
2026-05-17 15:10:52,087 [KlippyWebsocket.py:object_subscription()] - Sending printer.objects.subscribe
2026-05-17 15:10:52,089 [files.py:set_gcodes_path()] - Gcodes path: /home/voron/printer_data/gcodes
2026-05-17 15:10:52,089 [screen.py:_finish_init()] - Printer initialized
2026-05-17 15:10:52,129 [screen.py:set_dpms_timeout()] - DPMS on :0 set to: 3600
2026-05-17 15:10:52,129 [screen.py:set_screenblanking_timeout()] - Blanking timeout: 3600
2026-05-17 15:10:52,139 [screen.py:printer_initializing()] - Klipper is attempting to start
2026-05-17 15:10:52,140 [screen.py:set_server_config()] - Temperature store size: 1200
2026-05-17 15:10:52,159 [printer.py:init_temp_store()] - Temp store: ['heater_bed', 'extruder']
2026-05-17 15:11:06,715 [printer.py:change_state()] - Changing state from 'startup' to 'disconnected'
2026-05-17 15:11:06,715 [printer.py:change_state()] - Adding callback for state: disconnected
2026-05-17 15:11:06,751 [screen.py:set_dpms_timeout()] - DPMS on :0 set to: 3600
2026-05-17 15:11:06,752 [screen.py:set_screenblanking_timeout()] - Blanking timeout: 3600
2026-05-17 15:11:06,752 [screen.py:state_disconnected()] - ### Going to disconnected
2026-05-17 15:11:06,753 [screen.py:show_panel()] - Panel is already is in view
2026-05-17 15:11:06,764 [screen.py:printer_initializing()] - Klipper has disconnected
2026-05-17 15:11:10,711 [screen.py:printer_initializing()] - Initializing Klipper Connection
2026-05-17 15:11:10,788 [screen.py:printer_initializing()] - Unable to get printer info from moonraker
2026-05-17 15:11:14,713 [screen.py:printer_initializing()] - Initializing Klipper Connection
2026-05-17 15:11:14,791 [screen.py:printer_initializing()] - Unable to get printer info from moonraker
2026-05-17 15:11:18,711 [screen.py:printer_initializing()] - Initializing Klipper Connection
2026-05-17 15:11:18,824 [printer.py:log_counts()] - Klipper version: v0.13.0-656-g4cc47cf5
2026-05-17 15:11:18,824 [printer.py:log_counts()] - # Extruders: 1
2026-05-17 15:11:18,824 [printer.py:log_counts()] - # Temperature devices: 1
2026-05-17 15:11:18,824 [printer.py:log_counts()] - # Fans: 1
2026-05-17 15:11:18,825 [printer.py:log_counts()] - # Output pins: 0
2026-05-17 15:11:18,825 [printer.py:log_counts()] - # PWM tools: 0
2026-05-17 15:11:18,825 [printer.py:log_counts()] - # Leds: 0
2026-05-17 15:11:19,080 [printer.py:change_state()] - Changing state from 'disconnected' to 'startup'
2026-05-17 15:11:19,080 [printer.py:change_state()] - Adding callback for state: startup
2026-05-17 15:11:19,082 [KlippyWebsocket.py:object_subscription()] - Sending printer.objects.subscribe
2026-05-17 15:11:19,084 [files.py:set_gcodes_path()] - Gcodes path: /home/voron/printer_data/gcodes
2026-05-17 15:11:19,084 [screen.py:_finish_init()] - Printer initialized
2026-05-17 15:11:19,124 [screen.py:set_dpms_timeout()] - DPMS on :0 set to: 3600
2026-05-17 15:11:19,125 [screen.py:set_screenblanking_timeout()] - Blanking timeout: 3600
2026-05-17 15:11:19,134 [screen.py:printer_initializing()] - Klipper is attempting to start
2026-05-17 15:11:19,135 [screen.py:set_server_config()] - Temperature store size: 1200
2026-05-17 15:11:19,155 [printer.py:init_temp_store()] - Temp store: ['heater_bed', 'extruder']
2026-05-17 15:11:37,489 [printer.py:change_state()] - Changing state from 'startup' to 'disconnected'
2026-05-17 15:11:37,490 [printer.py:change_state()] - Adding callback for state: disconnected
2026-05-17 15:11:37,519 [screen.py:set_dpms_timeout()] - DPMS on :0 set to: 3600
2026-05-17 15:11:37,520 [screen.py:set_screenblanking_timeout()] - Blanking timeout: 3600
2026-05-17 15:11:37,520 [screen.py:state_disconnected()] - ### Going to disconnected
2026-05-17 15:11:37,521 [screen.py:show_panel()] - Panel is already is in view
2026-05-17 15:11:37,531 [screen.py:printer_initializing()] - Klipper has disconnected
2026-05-17 15:11:41,711 [screen.py:printer_initializing()] - Initializing Klipper Connection
2026-05-17 15:11:41,824 [printer.py:log_counts()] - Klipper version: v0.13.0-656-g4cc47cf5
2026-05-17 15:11:41,824 [printer.py:log_counts()] - # Extruders: 1
2026-05-17 15:11:41,824 [printer.py:log_counts()] - # Temperature devices: 1
2026-05-17 15:11:41,825 [printer.py:log_counts()] - # Fans: 1
2026-05-17 15:11:41,825 [printer.py:log_counts()] - # Output pins: 0
2026-05-17 15:11:41,825 [printer.py:log_counts()] - # PWM tools: 0
2026-05-17 15:11:41,825 [printer.py:log_counts()] - # Leds: 0
2026-05-17 15:11:42,080 [printer.py:change_state()] - Changing state from 'disconnected' to 'startup'
2026-05-17 15:11:42,080 [printer.py:change_state()] - Adding callback for state: startup
2026-05-17 15:11:42,082 [KlippyWebsocket.py:object_subscription()] - Sending printer.objects.subscribe
2026-05-17 15:11:42,084 [files.py:set_gcodes_path()] - Gcodes path: /home/voron/printer_data/gcodes
2026-05-17 15:11:42,084 [screen.py:_finish_init()] - Printer initialized
2026-05-17 15:11:42,126 [screen.py:set_dpms_timeout()] - DPMS on :0 set to: 3600
2026-05-17 15:11:42,126 [screen.py:set_screenblanking_timeout()] - Blanking timeout: 3600
2026-05-17 15:11:42,135 [screen.py:printer_initializing()] - Klipper is attempting to start
2026-05-17 15:11:42,136 [screen.py:set_server_config()] - Temperature store size: 1200
2026-05-17 15:11:42,155 [printer.py:init_temp_store()] - Temp store: ['heater_bed', 'extruder']
2026-05-17 15:11:52,568 [printer.py:change_state()] - Changing state from 'startup' to 'disconnected'
2026-05-17 15:11:52,568 [printer.py:change_state()] - Adding callback for state: disconnected
2026-05-17 15:11:52,598 [screen.py:set_dpms_timeout()] - DPMS on :0 set to: 3600
2026-05-17 15:11:52,598 [screen.py:set_screenblanking_timeout()] - Blanking timeout: 3600
2026-05-17 15:11:52,599 [screen.py:state_disconnected()] - ### Going to disconnected
2026-05-17 15:11:52,600 [screen.py:show_panel()] - Panel is already is in view
2026-05-17 15:11:52,610 [screen.py:printer_initializing()] - Klipper has disconnected
2026-05-17 15:11:56,711 [screen.py:printer_initializing()] - Initializing Klipper Connection
2026-05-17 15:11:56,783 [screen.py:printer_initializing()] - Unable to get printer info from moonraker
2026-05-17 15:12:00,713 [screen.py:printer_initializing()] - Initializing Klipper Connection
2026-05-17 15:12:00,817 [screen.py:printer_initializing()] - Unable to get printer info from moonraker
2026-05-17 15:12:03,361 [screen.py:printer_initializing()] - Initializing Klipper Connection
2026-05-17 15:12:03,651 [printer.py:log_counts()] - Klipper version: v0.13.0-656-g4cc47cf5
2026-05-17 15:12:03,651 [printer.py:log_counts()] - # Extruders: 1
2026-05-17 15:12:03,652 [printer.py:log_counts()] - # Temperature devices: 1
2026-05-17 15:12:03,652 [printer.py:log_counts()] - # Fans: 1
2026-05-17 15:12:03,652 [printer.py:log_counts()] - # Output pins: 0
2026-05-17 15:12:03,652 [printer.py:log_counts()] - # PWM tools: 0
2026-05-17 15:12:03,652 [printer.py:log_counts()] - # Leds: 0
2026-05-17 15:12:03,908 [printer.py:change_state()] - Changing state from 'disconnected' to 'ready'
2026-05-17 15:12:03,908 [printer.py:change_state()] - Adding callback for state: ready
2026-05-17 15:12:03,910 [KlippyWebsocket.py:object_subscription()] - Sending printer.objects.subscribe
2026-05-17 15:12:03,912 [files.py:set_gcodes_path()] - Gcodes path: /home/voron/printer_data/gcodes
2026-05-17 15:12:03,912 [screen.py:_finish_init()] - Printer initialized
2026-05-17 15:12:03,955 [screen.py:set_dpms_timeout()] - DPMS on :0 set to: 3600
2026-05-17 15:12:03,956 [screen.py:set_screenblanking_timeout()] - Blanking timeout: 3600
2026-05-17 15:12:03,956 [KlippyWebsocket.py:get_file_list()] - Sending server.files.list
2026-05-17 15:12:03,958 [screen.py:_remove_all_panels()] - Removing all panels
2026-05-17 15:12:04,031 [screen.py:show_panel()] - Reinitializing panel main_menu
2026-05-17 15:12:04,146 [main_menu.py:__init__()] - ### Making MainMenu
2026-05-17 15:12:04,159 [main_menu.py:add_device()] - Adding device: extruder
2026-05-17 15:12:04,165 [main_menu.py:add_device()] - Adding device: heater_bed
2026-05-17 15:12:04,198 [menu.py:arrangeMenuItems()] - X > gcodes
2026-05-17 15:12:04,210 [screen.py:attach_panel()] - Current panel hierarchy: main_menu
2026-05-17 15:12:04,243 [screen.py:set_server_config()] - Temperature store size: 1200
2026-05-17 15:12:04,262 [printer.py:init_temp_store()] - Temp store: ['heater_bed', 'extruder']
2026-05-17 15:12:04,703 [screen.py:printer_initializing()] - Initializing Klipper Connection
2026-05-17 15:12:04,852 [printer.py:change_state()] - Changing state from 'ready' to 'shutdown'
2026-05-17 15:12:04,853 [printer.py:change_state()] - Adding callback for state: shutdown
2026-05-17 15:12:04,919 [screen.py:set_dpms_timeout()] - DPMS on :0 set to: 3600
2026-05-17 15:12:04,919 [screen.py:set_screenblanking_timeout()] - Blanking timeout: 3600
2026-05-17 15:12:04,920 [screen.py:_remove_all_panels()] - Removing all panels
2026-05-17 15:12:04,994 [screen.py:show_panel()] - Reinitializing panel splash_screen
2026-05-17 15:12:05,036 [screen.py:attach_panel()] - Current panel hierarchy: splash_screen
2026-05-17 15:12:05,058 [screen.py:printer_initializing()] - Klipper has shutdown
MCU 'mcu' shutdown: ADC out of range
Sensor 'heater_bed' temperature -39.422 not in range 0.000:130.000
Sensor 'extruder' temperature -58.645 not in range 0.000:250.000
This generally occurs when a heater temperature exceeds
its configured min_temp or max_temp.
Once the underlying issue is corrected, use the
"FIRMWARE_RESTART" command to reset the firmware, reload the
config, and restart the host software.
Printer is shutdown

2026-05-17 15:12:05,059 [printer.py:log_counts()] - Klipper version: v0.13.0-656-g4cc47cf5
2026-05-17 15:12:05,060 [printer.py:log_counts()] - # Extruders: 1
2026-05-17 15:12:05,060 [printer.py:log_counts()] - # Temperature devices: 1
2026-05-17 15:12:05,060 [printer.py:log_counts()] - # Fans: 1
2026-05-17 15:12:05,060 [printer.py:log_counts()] - # Output pins: 0
2026-05-17 15:12:05,061 [printer.py:log_counts()] - # PWM tools: 0
2026-05-17 15:12:05,061 [printer.py:log_counts()] - # Leds: 0
2026-05-17 15:12:05,405 [KlippyWebsocket.py:object_subscription()] - Sending printer.objects.subscribe
2026-05-17 15:12:05,407 [files.py:set_gcodes_path()] - Gcodes path: /home/voron/printer_data/gcodes
2026-05-17 15:12:05,407 [screen.py:_finish_init()] - Printer initialized
2026-05-17 15:12:05,425 [screen.py:set_server_config()] - Temperature store size: 1200
2026-05-17 15:12:05,464 [printer.py:init_temp_store()] - Temp store: ['heater_bed', 'extruder']
2026-05-17 15:12:52,889 [printer.py:change_state()] - Changing state from 'shutdown' to 'disconnected'
2026-05-17 15:12:52,890 [printer.py:change_state()] - Adding callback for state: disconnected
2026-05-17 15:12:52,913 [screen.py:set_dpms_timeout()] - DPMS on :0 set to: 3600
2026-05-17 15:12:52,913 [screen.py:set_screenblanking_timeout()] - Blanking timeout: 3600
2026-05-17 15:12:52,913 [screen.py:state_disconnected()] - ### Going to disconnected
2026-05-17 15:12:52,914 [screen.py:show_panel()] - Panel is already is in view
2026-05-17 15:12:52,923 [screen.py:printer_initializing()] - Klipper has disconnected
2026-05-17 15:12:56,711 [screen.py:printer_initializing()] - Initializing Klipper Connection
2026-05-17 15:12:56,833 [printer.py:log_counts()] - Klipper version: v0.13.0-656-g4cc47cf5
2026-05-17 15:12:56,833 [printer.py:log_counts()] - # Extruders: 1
2026-05-17 15:12:56,833 [printer.py:log_counts()] - # Temperature devices: 1
2026-05-17 15:12:56,833 [printer.py:log_counts()] - # Fans: 1
2026-05-17 15:12:56,833 [printer.py:log_counts()] - # Output pins: 0
2026-05-17 15:12:56,834 [printer.py:log_counts()] - # PWM tools: 0
2026-05-17 15:12:56,834 [printer.py:log_counts()] - # Leds: 0
2026-05-17 15:12:57,091 [printer.py:change_state()] - Changing state from 'disconnected' to 'error'
2026-05-17 15:12:57,091 [printer.py:change_state()] - Adding callback for state: error
2026-05-17 15:12:57,093 [KlippyWebsocket.py:object_subscription()] - Sending printer.objects.subscribe
2026-05-17 15:12:57,095 [files.py:set_gcodes_path()] - Gcodes path: /home/voron/printer_data/gcodes
2026-05-17 15:12:57,095 [screen.py:_finish_init()] - Printer initialized
2026-05-17 15:12:57,141 [screen.py:set_dpms_timeout()] - DPMS on :0 set to: 3600
2026-05-17 15:12:57,141 [screen.py:set_screenblanking_timeout()] - Blanking timeout: 3600
2026-05-17 15:12:57,141 [screen.py:show_panel()] - Panel is already is in view
2026-05-17 15:12:57,151 [screen.py:printer_initializing()] - Klipper has encountered an error.
A FIRMWARE_RESTART may fix the issue.
Can not update MCU 'mcu' config as it is shutdown
Once the underlying issue is corrected, use the
"FIRMWARE_RESTART" command to reset the firmware, reload the
config, and restart the host software.
Error configuring printer

2026-05-17 15:12:57,152 [screen.py:set_server_config()] - Temperature store size: 1200
2026-05-17 15:12:57,169 [printer.py:init_temp_store()] - Temp store: ['heater_bed', 'extruder']
2026-05-17 15:13:34,404 [printer.py:change_state()] - Changing state from 'error' to 'disconnected'
2026-05-17 15:13:34,404 [printer.py:change_state()] - Adding callback for state: disconnected
2026-05-17 15:13:34,434 [screen.py:set_dpms_timeout()] - DPMS on :0 set to: 3600
2026-05-17 15:13:34,435 [screen.py:set_screenblanking_timeout()] - Blanking timeout: 3600
2026-05-17 15:13:34,435 [screen.py:state_disconnected()] - ### Going to disconnected
2026-05-17 15:13:34,436 [screen.py:show_panel()] - Panel is already is in view
2026-05-17 15:13:34,446 [screen.py:printer_initializing()] - Klipper has disconnected
2026-05-17 15:13:38,711 [screen.py:printer_initializing()] - Initializing Klipper Connection
2026-05-17 15:13:38,791 [screen.py:printer_initializing()] - Unable to get printer info from moonraker
2026-05-17 15:13:42,714 [screen.py:printer_initializing()] - Initializing Klipper Connection
2026-05-17 15:13:42,810 [screen.py:printer_initializing()] - Unable to get printer info from moonraker
2026-05-17 15:13:45,190 [screen.py:printer_initializing()] - Initializing Klipper Connection
2026-05-17 15:13:45,479 [printer.py:log_counts()] - Klipper version: v0.13.0-656-g4cc47cf5
2026-05-17 15:13:45,479 [printer.py:log_counts()] - # Extruders: 1
2026-05-17 15:13:45,479 [printer.py:log_counts()] - # Temperature devices: 1
2026-05-17 15:13:45,479 [printer.py:log_counts()] - # Fans: 1
2026-05-17 15:13:45,480 [printer.py:log_counts()] - # Output pins: 0
2026-05-17 15:13:45,480 [printer.py:log_counts()] - # PWM tools: 0
2026-05-17 15:13:45,480 [printer.py:log_counts()] - # Leds: 0
2026-05-17 15:13:45,738 [printer.py:change_state()] - Changing state from 'disconnected' to 'ready'
2026-05-17 15:13:45,738 [printer.py:change_state()] - Adding callback for state: ready
2026-05-17 15:13:45,741 [KlippyWebsocket.py:object_subscription()] - Sending printer.objects.subscribe
2026-05-17 15:13:45,742 [files.py:set_gcodes_path()] - Gcodes path: /home/voron/printer_data/gcodes
2026-05-17 15:13:45,743 [screen.py:_finish_init()] - Printer initialized
2026-05-17 15:13:45,789 [screen.py:set_dpms_timeout()] - DPMS on :0 set to: 3600
2026-05-17 15:13:45,789 [screen.py:set_screenblanking_timeout()] - Blanking timeout: 3600
2026-05-17 15:13:45,790 [KlippyWebsocket.py:get_file_list()] - Sending server.files.list
2026-05-17 15:13:45,795 [screen.py:_remove_all_panels()] - Removing all panels
2026-05-17 15:13:45,869 [screen.py:show_panel()] - Reinitializing panel main_menu
2026-05-17 15:13:45,984 [main_menu.py:__init__()] - ### Making MainMenu
2026-05-17 15:13:45,997 [main_menu.py:add_device()] - Adding device: extruder
2026-05-17 15:13:46,003 [main_menu.py:add_device()] - Adding device: heater_bed
2026-05-17 15:13:46,038 [menu.py:arrangeMenuItems()] - X > gcodes
2026-05-17 15:13:46,051 [screen.py:attach_panel()] - Current panel hierarchy: main_menu
2026-05-17 15:13:46,084 [screen.py:set_server_config()] - Temperature store size: 1200
2026-05-17 15:13:46,101 [printer.py:init_temp_store()] - Temp store: ['heater_bed', 'extruder']
2026-05-17 15:13:46,717 [screen.py:printer_initializing()] - Initializing Klipper Connection
2026-05-17 15:13:46,975 [printer.py:log_counts()] - Klipper version: v0.13.0-656-g4cc47cf5
2026-05-17 15:13:46,975 [printer.py:log_counts()] - # Extruders: 1
2026-05-17 15:13:46,976 [printer.py:log_counts()] - # Temperature devices: 1
2026-05-17 15:13:46,976 [printer.py:log_counts()] - # Fans: 1
2026-05-17 15:13:46,976 [printer.py:log_counts()] - # Output pins: 0
2026-05-17 15:13:46,976 [printer.py:log_counts()] - # PWM tools: 0
2026-05-17 15:13:46,976 [printer.py:log_counts()] - # Leds: 0
2026-05-17 15:13:47,240 [KlippyWebsocket.py:object_subscription()] - Sending printer.objects.subscribe
2026-05-17 15:13:47,242 [files.py:set_gcodes_path()] - Gcodes path: /home/voron/printer_data/gcodes
2026-05-17 15:13:47,242 [screen.py:_finish_init()] - Printer initialized
2026-05-17 15:13:47,260 [screen.py:set_server_config()] - Temperature store size: 1200
2026-05-17 15:13:47,302 [printer.py:init_temp_store()] - Temp store: ['heater_bed', 'extruder']
2026-05-17 15:16:32,833 [printer.py:change_state()] - Changing state from 'ready' to 'shutdown'
2026-05-17 15:16:32,833 [printer.py:change_state()] - Adding callback for state: shutdown
2026-05-17 15:16:32,886 [screen.py:set_dpms_timeout()] - DPMS on :0 set to: 3600
2026-05-17 15:16:32,886 [screen.py:set_screenblanking_timeout()] - Blanking timeout: 3600
2026-05-17 15:16:32,887 [screen.py:_remove_all_panels()] - Removing all panels
2026-05-17 15:16:32,961 [screen.py:show_panel()] - Reinitializing panel splash_screen
2026-05-17 15:16:33,001 [screen.py:attach_panel()] - Current panel hierarchy: splash_screen
2026-05-17 15:16:33,023 [screen.py:printer_initializing()] - Klipper has shutdown
Lost communication with MCU 'mcu'
Once the underlying issue is corrected, use the
"FIRMWARE_RESTART" command to reset the firmware, reload the
config, and restart the host software.
Printer is shutdown

2026-05-17 15:19:22,997 [printer.py:change_state()] - Changing state from 'shutdown' to 'disconnected'
2026-05-17 15:19:22,997 [printer.py:change_state()] - Adding callback for state: disconnected
2026-05-17 15:19:23,020 [screen.py:set_dpms_timeout()] - DPMS on :0 set to: 3600
2026-05-17 15:19:23,020 [screen.py:set_screenblanking_timeout()] - Blanking timeout: 3600
2026-05-17 15:19:23,021 [screen.py:state_disconnected()] - ### Going to disconnected
2026-05-17 15:19:23,021 [screen.py:show_panel()] - Panel is already is in view
2026-05-17 15:19:23,030 [screen.py:printer_initializing()] - Klipper has disconnected
2026-05-17 15:19:27,711 [screen.py:printer_initializing()] - Initializing Klipper Connection
2026-05-17 15:19:27,825 [printer.py:log_counts()] - Klipper version: v0.13.0-656-g4cc47cf5
2026-05-17 15:19:27,825 [printer.py:log_counts()] - # Extruders: 1
2026-05-17 15:19:27,826 [printer.py:log_counts()] - # Temperature devices: 1
2026-05-17 15:19:27,826 [printer.py:log_counts()] - # Fans: 1
2026-05-17 15:19:27,826 [printer.py:log_counts()] - # Output pins: 0
2026-05-17 15:19:27,826 [printer.py:log_counts()] - # PWM tools: 0
2026-05-17 15:19:27,826 [printer.py:log_counts()] - # Leds: 0
2026-05-17 15:19:28,081 [printer.py:change_state()] - Changing state from 'disconnected' to 'startup'
2026-05-17 15:19:28,081 [printer.py:change_state()] - Adding callback for state: startup
2026-05-17 15:19:28,084 [KlippyWebsocket.py:object_subscription()] - Sending printer.objects.subscribe
2026-05-17 15:19:28,085 [files.py:set_gcodes_path()] - Gcodes path: /home/voron/printer_data/gcodes
2026-05-17 15:19:28,085 [screen.py:_finish_init()] - Printer initialized
2026-05-17 15:19:28,143 [screen.py:set_dpms_timeout()] - DPMS on :0 set to: 3600
2026-05-17 15:19:28,144 [screen.py:set_screenblanking_timeout()] - Blanking timeout: 3600
2026-05-17 15:19:28,158 [screen.py:printer_initializing()] - Klipper is attempting to start
2026-05-17 15:19:28,159 [screen.py:set_server_config()] - Temperature store size: 1200
2026-05-17 15:19:28,170 [printer.py:init_temp_store()] - Temp store: ['heater_bed', 'extruder']
2026-05-17 15:20:35,478 [printer.py:change_state()] - Changing state from 'startup' to 'ready'
2026-05-17 15:20:35,478 [printer.py:change_state()] - Adding callback for state: ready
2026-05-17 15:20:35,502 [screen.py:set_dpms_timeout()] - DPMS on :0 set to: 3600
2026-05-17 15:20:35,502 [screen.py:set_screenblanking_timeout()] - Blanking timeout: 3600
2026-05-17 15:20:35,503 [KlippyWebsocket.py:get_file_list()] - Sending server.files.list
2026-05-17 15:20:35,505 [screen.py:_remove_all_panels()] - Removing all panels
2026-05-17 15:20:35,579 [screen.py:show_panel()] - Reinitializing panel main_menu
2026-05-17 15:20:35,692 [main_menu.py:__init__()] - ### Making MainMenu
2026-05-17 15:20:35,705 [main_menu.py:add_device()] - Adding device: extruder
2026-05-17 15:20:35,711 [main_menu.py:add_device()] - Adding device: heater_bed
2026-05-17 15:20:35,746 [menu.py:arrangeMenuItems()] - X > gcodes
2026-05-17 15:20:35,758 [screen.py:attach_panel()] - Current panel hierarchy: main_menu
2026-05-17 15:20:37,735 [printer.py:change_state()] - Changing state from 'ready' to 'shutdown'
2026-05-17 15:20:37,735 [printer.py:change_state()] - Adding callback for state: shutdown
2026-05-17 15:20:37,786 [screen.py:set_dpms_timeout()] - DPMS on :0 set to: 3600
2026-05-17 15:20:37,787 [screen.py:set_screenblanking_timeout()] - Blanking timeout: 3600
2026-05-17 15:20:37,787 [screen.py:_remove_all_panels()] - Removing all panels
2026-05-17 15:20:37,862 [screen.py:show_panel()] - Reinitializing panel splash_screen
2026-05-17 15:20:37,904 [screen.py:attach_panel()] - Current panel hierarchy: splash_screen
2026-05-17 15:20:37,929 [screen.py:printer_initializing()] - Klipper has shutdown
MCU 'mcu' shutdown: ADC out of range
Sensor 'heater_bed' temperature -54.984 not in range 0.000:130.000
Sensor 'extruder' temperature -70.361 not in range 0.000:250.000
This generally occurs when a heater temperature exceeds
its configured min_temp or max_temp.
Once the underlying issue is corrected, use the
"FIRMWARE_RESTART" command to reset the firmware, reload the
config, and restart the host software.
Printer is shutdown

2026-05-17 15:23:25,526 [printer.py:change_state()] - Changing state from 'shutdown' to 'disconnected'
2026-05-17 15:23:25,526 [printer.py:change_state()] - Adding callback for state: disconnected
2026-05-17 15:23:25,550 [screen.py:set_dpms_timeout()] - DPMS on :0 set to: 3600
2026-05-17 15:23:25,550 [screen.py:set_screenblanking_timeout()] - Blanking timeout: 3600
2026-05-17 15:23:25,550 [screen.py:state_disconnected()] - ### Going to disconnected
2026-05-17 15:23:25,550 [screen.py:show_panel()] - Panel is already is in view
2026-05-17 15:23:25,560 [screen.py:printer_initializing()] - Klipper has disconnected
2026-05-17 15:23:29,711 [screen.py:printer_initializing()] - Initializing Klipper Connection
2026-05-17 15:23:29,825 [printer.py:log_counts()] - Klipper version: v0.13.0-656-g4cc47cf5
2026-05-17 15:23:29,825 [printer.py:log_counts()] - # Extruders: 1
2026-05-17 15:23:29,825 [printer.py:log_counts()] - # Temperature devices: 1
2026-05-17 15:23:29,825 [printer.py:log_counts()] - # Fans: 1
2026-05-17 15:23:29,826 [printer.py:log_counts()] - # Output pins: 0
2026-05-17 15:23:29,826 [printer.py:log_counts()] - # PWM tools: 0
2026-05-17 15:23:29,826 [printer.py:log_counts()] - # Leds: 0
2026-05-17 15:23:30,083 [printer.py:change_state()] - Changing state from 'disconnected' to 'startup'
2026-05-17 15:23:30,084 [printer.py:change_state()] - Adding callback for state: startup
2026-05-17 15:23:30,086 [KlippyWebsocket.py:object_subscription()] - Sending printer.objects.subscribe
2026-05-17 15:23:30,088 [files.py:set_gcodes_path()] - Gcodes path: /home/voron/printer_data/gcodes
2026-05-17 15:23:30,088 [screen.py:_finish_init()] - Printer initialized
2026-05-17 15:23:30,137 [screen.py:set_dpms_timeout()] - DPMS on :0 set to: 3600
2026-05-17 15:23:30,137 [screen.py:set_screenblanking_timeout()] - Blanking timeout: 3600
2026-05-17 15:23:30,170 [screen.py:printer_initializing()] - Klipper is attempting to start
2026-05-17 15:23:30,172 [screen.py:set_server_config()] - Temperature store size: 1200
2026-05-17 15:23:30,177 [printer.py:init_temp_store()] - Temp store: ['heater_bed', 'extruder']
2026-05-17 15:24:57,273 [printer.py:change_state()] - Changing state from 'startup' to 'error'
2026-05-17 15:24:57,273 [printer.py:change_state()] - Adding callback for state: error
2026-05-17 15:24:57,296 [screen.py:set_dpms_timeout()] - DPMS on :0 set to: 3600
2026-05-17 15:24:57,297 [screen.py:set_screenblanking_timeout()] - Blanking timeout: 3600
2026-05-17 15:24:57,297 [screen.py:show_panel()] - Panel is already is in view
2026-05-17 15:24:57,306 [screen.py:printer_initializing()] - Klipper has encountered an error.
A FIRMWARE_RESTART may fix the issue.
mcu 'mcu': Unable to connect
Once the underlying issue is corrected, use the
"FIRMWARE_RESTART" command to reset the firmware, reload the
config, and restart the host software.
Error configuring printer

2026-05-17 15:26:36,314 [printer.py:change_state()] - Changing state from 'error' to 'disconnected'
2026-05-17 15:26:36,314 [printer.py:change_state()] - Adding callback for state: disconnected
2026-05-17 15:26:36,343 [screen.py:set_dpms_timeout()] - DPMS on :0 set to: 3600
2026-05-17 15:26:36,343 [screen.py:set_screenblanking_timeout()] - Blanking timeout: 3600
2026-05-17 15:26:36,343 [screen.py:state_disconnected()] - ### Going to disconnected
2026-05-17 15:26:36,344 [screen.py:show_panel()] - Panel is already is in view
2026-05-17 15:26:36,354 [screen.py:printer_initializing()] - Klipper has disconnected
2026-05-17 15:26:40,711 [screen.py:printer_initializing()] - Initializing Klipper Connection
2026-05-17 15:26:40,788 [screen.py:printer_initializing()] - Unable to get printer info from moonraker
2026-05-17 15:26:44,714 [screen.py:printer_initializing()] - Initializing Klipper Connection
2026-05-17 15:26:44,807 [screen.py:printer_initializing()] - Unable to get printer info from moonraker
2026-05-17 15:26:48,711 [screen.py:printer_initializing()] - Initializing Klipper Connection
2026-05-17 15:26:48,820 [printer.py:log_counts()] - Klipper version: v0.13.0-656-g4cc47cf5
2026-05-17 15:26:48,821 [printer.py:log_counts()] - # Extruders: 1
2026-05-17 15:26:48,821 [printer.py:log_counts()] - # Temperature devices: 1
2026-05-17 15:26:48,821 [printer.py:log_counts()] - # Fans: 1
2026-05-17 15:26:48,821 [printer.py:log_counts()] - # Output pins: 0
2026-05-17 15:26:48,821 [printer.py:log_counts()] - # PWM tools: 0
2026-05-17 15:26:48,821 [printer.py:log_counts()] - # Leds: 0
2026-05-17 15:26:49,077 [printer.py:change_state()] - Changing state from 'disconnected' to 'startup'
2026-05-17 15:26:49,078 [printer.py:change_state()] - Adding callback for state: startup
2026-05-17 15:26:49,080 [KlippyWebsocket.py:object_subscription()] - Sending printer.objects.subscribe
2026-05-17 15:26:49,082 [files.py:set_gcodes_path()] - Gcodes path: /home/voron/printer_data/gcodes
2026-05-17 15:26:49,083 [screen.py:_finish_init()] - Printer initialized
2026-05-17 15:26:49,123 [screen.py:set_dpms_timeout()] - DPMS on :0 set to: 3600
2026-05-17 15:26:49,123 [screen.py:set_screenblanking_timeout()] - Blanking timeout: 3600
2026-05-17 15:26:49,165 [screen.py:printer_initializing()] - Klipper is attempting to start
2026-05-17 15:26:49,167 [screen.py:set_server_config()] - Temperature store size: 1200
2026-05-17 15:26:49,167 [printer.py:init_temp_store()] - Temp store: ['heater_bed', 'extruder']
2026-05-17 15:27:06,325 [printer.py:change_state()] - Changing state from 'startup' to 'disconnected'
2026-05-17 15:27:06,325 [printer.py:change_state()] - Adding callback for state: disconnected
2026-05-17 15:27:06,352 [screen.py:set_dpms_timeout()] - DPMS on :0 set to: 3600
2026-05-17 15:27:06,353 [screen.py:set_screenblanking_timeout()] - Blanking timeout: 3600
2026-05-17 15:27:06,353 [screen.py:state_disconnected()] - ### Going to disconnected
2026-05-17 15:27:06,354 [screen.py:show_panel()] - Panel is already is in view
2026-05-17 15:27:06,364 [screen.py:printer_initializing()] - Klipper has disconnected
2026-05-17 15:27:10,711 [screen.py:printer_initializing()] - Initializing Klipper Connection
2026-05-17 15:27:10,830 [printer.py:log_counts()] - Klipper version: v0.13.0-656-g4cc47cf5
2026-05-17 15:27:10,830 [printer.py:log_counts()] - # Extruders: 1
2026-05-17 15:27:10,830 [printer.py:log_counts()] - # Temperature devices: 1
2026-05-17 15:27:10,830 [printer.py:log_counts()] - # Fans: 1
2026-05-17 15:27:10,830 [printer.py:log_counts()] - # Output pins: 0
2026-05-17 15:27:10,831 [printer.py:log_counts()] - # PWM tools: 0
2026-05-17 15:27:10,831 [printer.py:log_counts()] - # Leds: 0
2026-05-17 15:27:11,084 [printer.py:change_state()] - Changing state from 'disconnected' to 'startup'
2026-05-17 15:27:11,085 [printer.py:change_state()] - Adding callback for state: startup
2026-05-17 15:27:11,087 [KlippyWebsocket.py:object_subscription()] - Sending printer.objects.subscribe
2026-05-17 15:27:11,088 [files.py:set_gcodes_path()] - Gcodes path: /home/voron/printer_data/gcodes
2026-05-17 15:27:11,089 [screen.py:_finish_init()] - Printer initialized
2026-05-17 15:27:11,147 [screen.py:set_dpms_timeout()] - DPMS on :0 set to: 3600
2026-05-17 15:27:11,147 [screen.py:set_screenblanking_timeout()] - Blanking timeout: 3600
2026-05-17 15:27:11,178 [screen.py:printer_initializing()] - Klipper is attempting to start
2026-05-17 15:27:11,179 [screen.py:set_server_config()] - Temperature store size: 1200
2026-05-17 15:27:11,179 [printer.py:init_temp_store()] - Temp store: ['heater_bed', 'extruder']
2026-05-17 15:27:27,458 [printer.py:change_state()] - Changing state from 'startup' to 'disconnected'
2026-05-17 15:27:27,459 [printer.py:change_state()] - Adding callback for state: disconnected
2026-05-17 15:27:27,487 [screen.py:set_dpms_timeout()] - DPMS on :0 set to: 3600
2026-05-17 15:27:27,488 [screen.py:set_screenblanking_timeout()] - Blanking timeout: 3600
2026-05-17 15:27:27,488 [screen.py:state_disconnected()] - ### Going to disconnected
2026-05-17 15:27:27,489 [screen.py:show_panel()] - Panel is already is in view
2026-05-17 15:27:27,500 [screen.py:printer_initializing()] - Klipper has disconnected
2026-05-17 15:27:31,711 [screen.py:printer_initializing()] - Initializing Klipper Connection
2026-05-17 15:27:31,822 [printer.py:log_counts()] - Klipper version: v0.13.0-656-g4cc47cf5
2026-05-17 15:27:31,823 [printer.py:log_counts()] - # Extruders: 1
2026-05-17 15:27:31,823 [printer.py:log_counts()] - # Temperature devices: 1
2026-05-17 15:27:31,823 [printer.py:log_counts()] - # Fans: 1
2026-05-17 15:27:31,823 [printer.py:log_counts()] - # Output pins: 0
2026-05-17 15:27:31,823 [printer.py:log_counts()] - # PWM tools: 0
2026-05-17 15:27:31,823 [printer.py:log_counts()] - # Leds: 0
2026-05-17 15:27:32,078 [printer.py:change_state()] - Changing state from 'disconnected' to 'startup'
2026-05-17 15:27:32,079 [printer.py:change_state()] - Adding callback for state: startup
2026-05-17 15:27:32,081 [KlippyWebsocket.py:object_subscription()] - Sending printer.objects.subscribe
2026-05-17 15:27:32,083 [files.py:set_gcodes_path()] - Gcodes path: /home/voron/printer_data/gcodes
2026-05-17 15:27:32,083 [screen.py:_finish_init()] - Printer initialized
2026-05-17 15:27:32,146 [screen.py:set_dpms_timeout()] - DPMS on :0 set to: 3600
2026-05-17 15:27:32,146 [screen.py:set_screenblanking_timeout()] - Blanking timeout: 3600
2026-05-17 15:27:32,173 [screen.py:printer_initializing()] - Klipper is attempting to start
2026-05-17 15:27:32,174 [screen.py:set_server_config()] - Temperature store size: 1200
2026-05-17 15:27:32,175 [printer.py:init_temp_store()] - Temp store: ['heater_bed', 'extruder']
2026-05-17 15:27:52,789 [printer.py:change_state()] - Changing state from 'startup' to 'disconnected'
2026-05-17 15:27:52,789 [printer.py:change_state()] - Adding callback for state: disconnected
2026-05-17 15:27:52,819 [screen.py:set_dpms_timeout()] - DPMS on :0 set to: 3600
2026-05-17 15:27:52,819 [screen.py:set_screenblanking_timeout()] - Blanking timeout: 3600
2026-05-17 15:27:52,820 [screen.py:state_disconnected()] - ### Going to disconnected
2026-05-17 15:27:52,821 [screen.py:show_panel()] - Panel is already is in view
2026-05-17 15:27:52,831 [screen.py:printer_initializing()] - Klipper has disconnected
2026-05-17 15:27:56,711 [screen.py:printer_initializing()] - Initializing Klipper Connection
2026-05-17 15:27:56,780 [screen.py:printer_initializing()] - Unable to get printer info from moonraker
2026-05-17 15:28:00,723 [screen.py:printer_initializing()] - Initializing Klipper Connection
2026-05-17 15:28:00,840 [screen.py:printer_initializing()] - Unable to get printer info from moonraker
2026-05-17 15:28:04,711 [screen.py:printer_initializing()] - Initializing Klipper Connection
2026-05-17 15:28:04,832 [printer.py:log_counts()] - Klipper version: v0.13.0-656-g4cc47cf5
2026-05-17 15:28:04,833 [printer.py:log_counts()] - # Extruders: 1
2026-05-17 15:28:04,833 [printer.py:log_counts()] - # Temperature devices: 1
2026-05-17 15:28:04,833 [printer.py:log_counts()] - # Fans: 1
2026-05-17 15:28:04,833 [printer.py:log_counts()] - # Output pins: 0
2026-05-17 15:28:04,833 [printer.py:log_counts()] - # PWM tools: 0
2026-05-17 15:28:04,834 [printer.py:log_counts()] - # Leds: 0
2026-05-17 15:28:05,088 [printer.py:change_state()] - Changing state from 'disconnected' to 'startup'
2026-05-17 15:28:05,089 [printer.py:change_state()] - Adding callback for state: startup
2026-05-17 15:28:05,091 [KlippyWebsocket.py:object_subscription()] - Sending printer.objects.subscribe
2026-05-17 15:28:05,093 [files.py:set_gcodes_path()] - Gcodes path: /home/voron/printer_data/gcodes
2026-05-17 15:28:05,093 [screen.py:_finish_init()] - Printer initialized
2026-05-17 15:28:05,151 [screen.py:set_dpms_timeout()] - DPMS on :0 set to: 3600
2026-05-17 15:28:05,151 [screen.py:set_screenblanking_timeout()] - Blanking timeout: 3600
2026-05-17 15:28:05,182 [screen.py:printer_initializing()] - Klipper is attempting to start
2026-05-17 15:28:05,183 [screen.py:set_server_config()] - Temperature store size: 1200
2026-05-17 15:28:05,183 [printer.py:init_temp_store()] - Temp store: ['heater_bed', 'extruder']
2026-05-17 15:29:16,915 [_logging.py:error()] - fin=1 opcode=8 data=b'\x03\xe9Server Shutdown' - goodbye
2026-05-17 15:29:16,916 [KlippyWebsocket.py:on_close()] - Moonraker Websocket Closed
2026-05-17 15:29:16,917 [screen.py:websocket_disconnected()] - ### websocket_disconnected
2026-05-17 15:29:16,917 [screen.py:show_panel()] - Panel is already is in view
2026-05-17 15:29:16,929 [screen.py:printer_initializing()] - Connecting to Printer
fin=1 opcode=8 data=b'\x03\xe9Server Shutdown'
Retrying #0
2026-05-17 15:29:20,703 [KlippyWebsocket.py:initial_connect()] - Starting connection
2026-05-17 15:29:20,703 [KlippyWebsocket.py:connect()] - Attempting to connect
2026-05-17 15:29:20,704 [KlippyWebsocket.py:connect()] - Starting websocket thread
2026-05-17 15:29:20,707 [_logging.py:error()] - [Errno 111] Connection refused - goodbye
2026-05-17 15:29:20,708 [KlippyWebsocket.py:on_close()] - Moonraker Websocket Closed
2026-05-17 15:29:20,710 [screen.py:websocket_disconnected()] - ### websocket_disconnected
2026-05-17 15:29:20,719 [screen.py:printer_initializing()] - Connecting to Printer
[Errno 111] Connection refused
Retrying #1
2026-05-17 15:29:24,703 [KlippyWebsocket.py:initial_connect()] - Starting connection
2026-05-17 15:29:24,703 [KlippyWebsocket.py:connect()] - Attempting to connect
2026-05-17 15:29:24,704 [KlippyWebsocket.py:connect()] - Starting websocket thread
2026-05-17 15:29:24,718 [_logging.py:info()] - Websocket connected
2026-05-17 15:29:24,719 [screen.py:websocket_connected()] - ### websocket_connected
2026-05-17 15:29:24,728 [screen.py:printer_initializing()] - Moonraker Connected
2026-05-17 15:29:24,784 [KlippyWebsocket.py:identify_client()] - Sending server.connection.identify
2026-05-17 15:29:24,847 [screen.py:printer_initializing()] - Initializing Klipper Connection
2026-05-17 15:29:24,849 [printer.py:configure_cameras()] - Cameras: []
2026-05-17 15:29:24,937 [printer.py:log_counts()] - Klipper version: v0.13.0-656-g4cc47cf5
2026-05-17 15:29:24,937 [printer.py:log_counts()] - # Extruders: 1
2026-05-17 15:29:24,938 [printer.py:log_counts()] - # Temperature devices: 1
2026-05-17 15:29:24,938 [printer.py:log_counts()] - # Fans: 1
2026-05-17 15:29:24,938 [printer.py:log_counts()] - # Output pins: 0
2026-05-17 15:29:24,938 [printer.py:log_counts()] - # PWM tools: 0
2026-05-17 15:29:24,938 [printer.py:log_counts()] - # Leds: 0
2026-05-17 15:29:25,193 [printer.py:change_state()] - Changing state from 'disconnected' to 'startup'
2026-05-17 15:29:25,193 [printer.py:change_state()] - Adding callback for state: startup
2026-05-17 15:29:25,196 [KlippyWebsocket.py:object_subscription()] - Sending printer.objects.subscribe
2026-05-17 15:29:25,197 [files.py:set_gcodes_path()] - Gcodes path: /home/voron/printer_data/gcodes
2026-05-17 15:29:25,198 [screen.py:_finish_init()] - Printer initialized
2026-05-17 15:29:25,234 [screen.py:set_dpms_timeout()] - DPMS on :0 set to: 3600
2026-05-17 15:29:25,234 [screen.py:set_screenblanking_timeout()] - Blanking timeout: 3600
2026-05-17 15:29:25,243 [screen.py:printer_initializing()] - Klipper is attempting to start
2026-05-17 15:29:25,244 [screen.py:set_server_config()] - Temperature store size: 1200
2026-05-17 15:29:25,245 [screen.py:set_tempstore()] - Moonraker tempstore not yet available
2026-05-17 15:29:25,246 [printer.py:init_temp_store()] - Temp store: ['extruder', 'heater_bed']
2026-05-17 15:29:32,670 [printer.py:change_state()] - Changing state from 'startup' to 'error'
2026-05-17 15:29:32,670 [printer.py:change_state()] - Adding callback for state: error
2026-05-17 15:29:32,694 [screen.py:set_dpms_timeout()] - DPMS on :0 set to: 3600
2026-05-17 15:29:32,694 [screen.py:set_screenblanking_timeout()] - Blanking timeout: 3600
2026-05-17 15:29:32,695 [screen.py:show_panel()] - Panel is already is in view
2026-05-17 15:29:32,704 [screen.py:printer_initializing()] - Klipper has encountered an error.
A FIRMWARE_RESTART may fix the issue.
mcu 'mcu': Unable to connect
Once the underlying issue is corrected, use the
"FIRMWARE_RESTART" command to reset the firmware, reload the
config, and restart the host software.
Error configuring printer

2026-05-17 17:15:00,071 [functions.py:log_start()] - --------------------KlipperScreen Log Start--------------------
2026-05-17 17:15:00,072 [functions.py:log_start()] - KlipperScreen Version: v0.4.7-15-g006f240
2026-05-17 17:15:00,072 [functions.py:log_start()] - Python version: 3.13
2026-05-17 17:15:00,317 [config.py:get_config_file_location()] - Passed config (-c): .
2026-05-17 17:15:00,318 [config.py:__init__()] - Config path location: /home/voron/printer_data/config/KlipperScreen.conf
2026-05-17 17:15:00,428 [config.py:log_config()] - ===== Config File =====

=======================
2026-05-17 17:15:00,431 [config.py:__init__()] - 
====== Saved ======




2026-05-17 17:15:00,432 [config.py:__init__()] - Configured printers: [
  {
    "Printer": {
      "moonraker_host": "127.0.0.1",
      "moonraker_port": "7125",
      "moonraker_path": "",
      "moonraker_ssl": null,
      "moonraker_api_key": ""
    }
  }
]
2026-05-17 17:15:00,645 [config.py:create_translations()] - Selected lang: system_lang OS lang: en_GB
2026-05-17 17:15:00,646 [config.py:install_language()] - Using lang en
2026-05-17 17:15:00,672 [screen.py:__init__()] - Display for xset: :0
2026-05-17 17:15:00,674 [screen.py:__init__()] - Screen 0: 2560x1080
2026-05-17 17:15:00,675 [screen.py:__init__()] - Monitors: 1 using number: 0
2026-05-17 17:15:00,675 [screen.py:__init__()] - Wayland: False Display name: :0
2026-05-17 17:15:00,679 [screen.py:__init__()] - Screen resolution: 2560x1080
2026-05-17 17:15:01,055 [KlippyGtk.py:__init__()] - Font size: 40.0 (medium)
2026-05-17 17:15:01,375 [base_panel.py:battery_percentage()] - Battery information not available.
2026-05-17 17:15:01,673 [screen.py:set_dpms_timeout()] - DPMS on :0 set to: 3600
2026-05-17 17:15:01,674 [screen.py:set_screenblanking_timeout()] - Blanking timeout: 3600
2026-05-17 17:15:01,675 [screen.py:initial_connection()] - Default printer: None
2026-05-17 17:15:01,675 [screen.py:_remove_all_panels()] - Removing all panels
2026-05-17 17:15:01,767 [screen.py:_load_panel()] - Loading panel: splash_screen
2026-05-17 17:15:01,879 [screen.py:attach_panel()] - Current panel hierarchy: splash_screen
2026-05-17 17:15:01,906 [screen.py:printer_initializing()] - Initializing KlipperScreen
2026-05-17 17:15:02,003 [screen.py:printer_initializing()] - Connecting to Printer
2026-05-17 17:15:02,029 [screen.py:set_dpms_timeout()] - DPMS on :0 set to: 3600
2026-05-17 17:15:02,029 [screen.py:set_screenblanking_timeout()] - Blanking timeout: 3600
2026-05-17 17:15:05,827 [KlippyWebsocket.py:initial_connect()] - Starting connection
2026-05-17 17:15:05,828 [KlippyWebsocket.py:connect()] - Attempting to connect
2026-05-17 17:15:05,828 [KlippyWebsocket.py:connect()] - Starting websocket thread
2026-05-17 17:15:05,849 [_logging.py:info()] - Websocket connected
2026-05-17 17:15:05,850 [screen.py:websocket_connected()] - ### websocket_connected
2026-05-17 17:15:05,866 [screen.py:printer_initializing()] - Moonraker Connected
2026-05-17 17:15:05,925 [KlippyWebsocket.py:identify_client()] - Sending server.connection.identify
2026-05-17 17:15:06,020 [screen.py:printer_initializing()] - Initializing Klipper Connection
2026-05-17 17:15:06,023 [printer.py:configure_cameras()] - Cameras: []
2026-05-17 17:15:06,130 [printer.py:log_counts()] - Klipper version: v0.13.0-656-g4cc47cf5
2026-05-17 17:15:06,131 [printer.py:log_counts()] - # Extruders: 1
2026-05-17 17:15:06,131 [printer.py:log_counts()] - # Temperature devices: 1
2026-05-17 17:15:06,131 [printer.py:log_counts()] - # Fans: 1
2026-05-17 17:15:06,131 [printer.py:log_counts()] - # Output pins: 0
2026-05-17 17:15:06,132 [printer.py:log_counts()] - # PWM tools: 0
2026-05-17 17:15:06,132 [printer.py:log_counts()] - # Leds: 0
2026-05-17 17:15:06,386 [printer.py:change_state()] - Changing state from 'disconnected' to 'startup'
2026-05-17 17:15:06,386 [printer.py:change_state()] - Adding callback for state: startup
2026-05-17 17:15:06,389 [KlippyWebsocket.py:object_subscription()] - Sending printer.objects.subscribe
2026-05-17 17:15:06,391 [files.py:set_gcodes_path()] - Gcodes path: /home/voron/printer_data/gcodes
2026-05-17 17:15:06,392 [screen.py:_finish_init()] - Printer initialized
2026-05-17 17:15:06,429 [screen.py:set_dpms_timeout()] - DPMS on :0 set to: 3600
2026-05-17 17:15:06,429 [screen.py:set_screenblanking_timeout()] - Blanking timeout: 3600
2026-05-17 17:15:06,439 [screen.py:printer_initializing()] - Klipper is attempting to start
2026-05-17 17:15:06,440 [screen.py:set_server_config()] - Temperature store size: 1200
2026-05-17 17:15:06,441 [screen.py:set_tempstore()] - Moonraker tempstore not yet available
2026-05-17 17:15:06,441 [printer.py:init_temp_store()] - Temp store: ['extruder', 'heater_bed']
2026-05-17 17:15:59,278 [screen.py:_go_to_submenu()] - #### Go to submenu 
2026-05-17 17:15:59,279 [screen.py:_go_to_submenu()] - #### Menu __splashscreen
2026-05-17 17:15:59,283 [screen.py:_load_panel()] - Loading panel: menu
2026-05-17 17:15:59,309 [menu.py:evaluate_enable()] - moonraker connected True
2026-05-17 17:15:59,312 [menu.py:evaluate_enable()] - moonraker connected True
2026-05-17 17:15:59,396 [screen.py:attach_panel()] - Current panel hierarchy: splash_screen > 
2026-05-17 17:15:59,403 [menu.py:arrangeMenuItems()] - X > power
2026-05-17 17:15:59,406 [menu.py:evaluate_enable()] - moonraker connected True
2026-05-17 17:15:59,409 [menu.py:evaluate_enable()] - moonraker connected True
2026-05-17 17:15:59,432 [screen.py:_go_to_submenu()] - menu, {{ gettext('Menu') }}, panel_name=, items=[{'power': {'name': "{{ gettext('Power') }}", 'icon': 'shutdown', 'panel': 'power', 'method': None, 'confirm': None, 'enable': '{{ moonraker.power_devices.count > 0 }}', 'params': '{}', 'style': None}}, {'network': {'name': "{{ gettext('Network') }}", 'icon': 'network', 'panel': 'network', 'method': None, 'confirm': None, 'enable': 'True', 'params': '{}', 'style': None}}, {'updater': {'name': "{{ gettext('Update') }}", 'icon': 'refresh', 'panel': 'updater', 'method': None, 'confirm': None, 'enable': '{{ moonraker_connected }}', 'params': '{}', 'style': None}}, {'settings': {'name': 'KlipperScreen', 'icon': 'settings', 'panel': 'settings', 'method': None, 'confirm': None, 'enable': 'True', 'params': '{}', 'style': None}}, {'system': {'name': "{{ gettext('System') }}", 'icon': 'info', 'panel': 'system', 'method': None, 'confirm': None, 'enable': '{{ moonraker_connected }}', 'params': '{}', 'style': None}}]
2026-05-17 17:16:01,594 [screen.py:_load_panel()] - Loading panel: system
2026-05-17 17:16:01,648 [screen.py:attach_panel()] - Current panel hierarchy: splash_screen >  > system
2026-05-17 17:16:01,965 [base_panel.py:battery_percentage()] - Battery information not available.
2026-05-17 17:16:09,224 [screen.py:_menu_go_back()] - #### Menu go home
2026-05-17 17:16:09,242 [screen.py:attach_panel()] - Current panel hierarchy: splash_screen
2026-05-17 17:16:11,252 [screen.py:_menu_go_back()] - #### Menu go home
2026-05-17 17:16:11,254 [screen.py:attach_panel()] - Current panel hierarchy: splash_screen
2026-05-17 17:16:17,275 [KlippyWebsocket.py:restart_firmware()] - Sending printer.firmware_restart
2026-05-17 17:16:18,366 [printer.py:change_state()] - Changing state from 'startup' to 'disconnected'
2026-05-17 17:16:18,367 [printer.py:change_state()] - Adding callback for state: disconnected
2026-05-17 17:16:18,396 [screen.py:set_dpms_timeout()] - DPMS on :0 set to: 3600
2026-05-17 17:16:18,397 [screen.py:set_screenblanking_timeout()] - Blanking timeout: 3600
2026-05-17 17:16:18,397 [screen.py:state_disconnected()] - ### Going to disconnected
2026-05-17 17:16:18,398 [screen.py:show_panel()] - Panel is already is in view
2026-05-17 17:16:18,409 [screen.py:printer_initializing()] - Klipper has disconnected
2026-05-17 17:16:22,409 [screen.py:_go_to_submenu()] - #### Go to submenu 
2026-05-17 17:16:22,409 [screen.py:_go_to_submenu()] - #### Menu __splashscreen
2026-05-17 17:16:22,432 [screen.py:attach_panel()] - Current panel hierarchy: splash_screen > 
2026-05-17 17:16:22,440 [menu.py:arrangeMenuItems()] - X > power
2026-05-17 17:16:22,443 [menu.py:evaluate_enable()] - moonraker connected True
2026-05-17 17:16:22,446 [menu.py:evaluate_enable()] - moonraker connected True
2026-05-17 17:16:22,460 [screen.py:_go_to_submenu()] - menu, {{ gettext('Menu') }}, panel_name=, items=[{'power': {'name': "{{ gettext('Power') }}", 'icon': 'shutdown', 'panel': 'power', 'method': None, 'confirm': None, 'enable': '{{ moonraker.power_devices.count > 0 }}', 'params': '{}', 'style': None}}, {'network': {'name': "{{ gettext('Network') }}", 'icon': 'network', 'panel': 'network', 'method': None, 'confirm': None, 'enable': 'True', 'params': '{}', 'style': None}}, {'updater': {'name': "{{ gettext('Update') }}", 'icon': 'refresh', 'panel': 'updater', 'method': None, 'confirm': None, 'enable': '{{ moonraker_connected }}', 'params': '{}', 'style': None}}, {'settings': {'name': 'KlipperScreen', 'icon': 'settings', 'panel': 'settings', 'method': None, 'confirm': None, 'enable': 'True', 'params': '{}', 'style': None}}, {'system': {'name': "{{ gettext('System') }}", 'icon': 'info', 'panel': 'system', 'method': None, 'confirm': None, 'enable': '{{ moonraker_connected }}', 'params': '{}', 'style': None}}]
2026-05-17 17:16:22,827 [screen.py:printer_initializing()] - Initializing Klipper Connection
2026-05-17 17:16:22,882 [printer.py:log_counts()] - Klipper version: v0.13.0-656-g4cc47cf5
2026-05-17 17:16:22,882 [printer.py:log_counts()] - # Extruders: 1
2026-05-17 17:16:22,883 [printer.py:log_counts()] - # Temperature devices: 1
2026-05-17 17:16:22,883 [printer.py:log_counts()] - # Fans: 1
2026-05-17 17:16:22,883 [printer.py:log_counts()] - # Output pins: 0
2026-05-17 17:16:22,883 [printer.py:log_counts()] - # PWM tools: 0
2026-05-17 17:16:22,883 [printer.py:log_counts()] - # Leds: 0
2026-05-17 17:16:23,139 [printer.py:change_state()] - Changing state from 'disconnected' to 'startup'
2026-05-17 17:16:23,139 [printer.py:change_state()] - Adding callback for state: startup
2026-05-17 17:16:23,142 [KlippyWebsocket.py:object_subscription()] - Sending printer.objects.subscribe
2026-05-17 17:16:23,144 [files.py:set_gcodes_path()] - Gcodes path: /home/voron/printer_data/gcodes
2026-05-17 17:16:23,144 [screen.py:_finish_init()] - Printer initialized
2026-05-17 17:16:23,181 [screen.py:set_dpms_timeout()] - DPMS on :0 set to: 3600
2026-05-17 17:16:23,181 [screen.py:set_screenblanking_timeout()] - Blanking timeout: 3600
2026-05-17 17:16:23,183 [screen.py:printer_initializing()] - Klipper is attempting to start
2026-05-17 17:16:23,184 [screen.py:set_server_config()] - Temperature store size: 1200
2026-05-17 17:16:23,184 [screen.py:set_tempstore()] - Moonraker tempstore not yet available
2026-05-17 17:16:23,185 [printer.py:init_temp_store()] - Temp store: ['extruder', 'heater_bed']
2026-05-17 17:16:28,170 [screen.py:_load_panel()] - Loading panel: settings
2026-05-17 17:16:28,432 [screen.py:attach_panel()] - Current panel hierarchy: splash_screen >  > settings
2026-05-17 17:16:38,154 [screen.py:_menu_go_back()] - #### Menu go home
2026-05-17 17:16:38,174 [screen.py:attach_panel()] - Current panel hierarchy: splash_screen
2026-05-17 17:16:47,094 [KlippyWebsocket.py:restart()] - Sending printer.restart
2026-05-17 17:16:47,127 [printer.py:change_state()] - Changing state from 'startup' to 'disconnected'
2026-05-17 17:16:47,127 [printer.py:change_state()] - Adding callback for state: disconnected
2026-05-17 17:16:47,153 [screen.py:set_dpms_timeout()] - DPMS on :0 set to: 3600
2026-05-17 17:16:47,154 [screen.py:set_screenblanking_timeout()] - Blanking timeout: 3600
2026-05-17 17:16:47,154 [screen.py:state_disconnected()] - ### Going to disconnected
2026-05-17 17:16:47,155 [screen.py:show_panel()] - Panel is already is in view
2026-05-17 17:16:47,164 [screen.py:printer_initializing()] - Klipper has disconnected
2026-05-17 17:16:49,107 [screen.py:_menu_go_back()] - #### Menu go home
2026-05-17 17:16:49,109 [screen.py:attach_panel()] - Current panel hierarchy: splash_screen
2026-05-17 17:16:51,143 [screen.py:_menu_go_back()] - #### Menu go home
2026-05-17 17:16:51,144 [screen.py:attach_panel()] - Current panel hierarchy: splash_screen
2026-05-17 17:16:51,834 [screen.py:printer_initializing()] - Initializing Klipper Connection
2026-05-17 17:16:51,968 [printer.py:log_counts()] - Klipper version: v0.13.0-656-g4cc47cf5
2026-05-17 17:16:51,969 [printer.py:log_counts()] - # Extruders: 1
2026-05-17 17:16:51,969 [printer.py:log_counts()] - # Temperature devices: 1
2026-05-17 17:16:51,969 [printer.py:log_counts()] - # Fans: 1
2026-05-17 17:16:51,969 [printer.py:log_counts()] - # Output pins: 0
2026-05-17 17:16:51,970 [printer.py:log_counts()] - # PWM tools: 0
2026-05-17 17:16:51,970 [printer.py:log_counts()] - # Leds: 0
2026-05-17 17:16:52,224 [printer.py:change_state()] - Changing state from 'disconnected' to 'startup'
2026-05-17 17:16:52,225 [printer.py:change_state()] - Adding callback for state: startup
2026-05-17 17:16:52,228 [KlippyWebsocket.py:object_subscription()] - Sending printer.objects.subscribe
2026-05-17 17:16:52,230 [files.py:set_gcodes_path()] - Gcodes path: /home/voron/printer_data/gcodes
2026-05-17 17:16:52,230 [screen.py:_finish_init()] - Printer initialized
2026-05-17 17:16:52,264 [screen.py:set_dpms_timeout()] - DPMS on :0 set to: 3600
2026-05-17 17:16:52,264 [screen.py:set_screenblanking_timeout()] - Blanking timeout: 3600
2026-05-17 17:16:52,274 [screen.py:printer_initializing()] - Klipper is attempting to start
2026-05-17 17:16:52,276 [screen.py:set_server_config()] - Temperature store size: 1200
2026-05-17 17:16:52,277 [screen.py:set_tempstore()] - Moonraker tempstore not yet available
2026-05-17 17:16:52,277 [printer.py:init_temp_store()] - Temp store: ['extruder', 'heater_bed']
2026-05-17 17:16:55,208 [screen.py:_menu_go_back()] - #### Menu go home
2026-05-17 17:16:55,210 [screen.py:attach_panel()] - Current panel hierarchy: splash_screen
2026-05-17 17:16:56,597 [KlippyWebsocket.py:restart_firmware()] - Sending printer.firmware_restart
2026-05-17 17:16:57,671 [printer.py:change_state()] - Changing state from 'startup' to 'disconnected'
2026-05-17 17:16:57,672 [printer.py:change_state()] - Adding callback for state: disconnected
2026-05-17 17:16:57,700 [screen.py:set_dpms_timeout()] - DPMS on :0 set to: 3600
2026-05-17 17:16:57,700 [screen.py:set_screenblanking_timeout()] - Blanking timeout: 3600
2026-05-17 17:16:57,701 [screen.py:state_disconnected()] - ### Going to disconnected
2026-05-17 17:16:57,701 [screen.py:show_panel()] - Panel is already is in view
2026-05-17 17:16:57,712 [screen.py:printer_initializing()] - Klipper has disconnected
2026-05-17 17:17:01,834 [screen.py:printer_initializing()] - Initializing Klipper Connection
2026-05-17 17:17:01,949 [printer.py:log_counts()] - Klipper version: v0.13.0-656-g4cc47cf5
2026-05-17 17:17:01,949 [printer.py:log_counts()] - # Extruders: 1
2026-05-17 17:17:01,949 [printer.py:log_counts()] - # Temperature devices: 1
2026-05-17 17:17:01,950 [printer.py:log_counts()] - # Fans: 1
2026-05-17 17:17:01,950 [printer.py:log_counts()] - # Output pins: 0
2026-05-17 17:17:01,950 [printer.py:log_counts()] - # PWM tools: 0
2026-05-17 17:17:01,950 [printer.py:log_counts()] - # Leds: 0
2026-05-17 17:17:02,284 [KlippyGtk.py:Dialog()] - Showing dialog Restart (width=2560, height=1080)
2026-05-17 17:17:02,288 [printer.py:change_state()] - Changing state from 'disconnected' to 'startup'
2026-05-17 17:17:02,289 [printer.py:change_state()] - Adding callback for state: startup
2026-05-17 17:17:02,292 [KlippyWebsocket.py:object_subscription()] - Sending printer.objects.subscribe
2026-05-17 17:17:02,294 [files.py:set_gcodes_path()] - Gcodes path: /home/voron/printer_data/gcodes
2026-05-17 17:17:02,294 [screen.py:_finish_init()] - Printer initialized
2026-05-17 17:17:02,367 [screen.py:set_server_config()] - Temperature store size: 1200
2026-05-17 17:17:02,369 [screen.py:set_tempstore()] - Moonraker tempstore not yet available
2026-05-17 17:17:02,369 [printer.py:init_temp_store()] - Temp store: ['extruder', 'heater_bed']
2026-05-17 17:17:02,404 [screen.py:set_dpms_timeout()] - DPMS on :0 set to: 3600
2026-05-17 17:17:02,405 [screen.py:set_screenblanking_timeout()] - Blanking timeout: 3600
2026-05-17 17:17:02,431 [screen.py:printer_initializing()] - Klipper is attempting to start
2026-05-17 17:17:08,161 [KlippyGtk.py:remove_dialog()] - Removing Dialog
2026-05-17 17:18:10,142 [functions.py:log_start()] - --------------------KlipperScreen Log Start--------------------
2026-05-17 17:18:10,142 [functions.py:log_start()] - KlipperScreen Version: v0.4.7-15-g006f240
2026-05-17 17:18:10,143 [functions.py:log_start()] - Python version: 3.13
2026-05-17 17:18:10,385 [config.py:get_config_file_location()] - Passed config (-c): .
2026-05-17 17:18:10,386 [config.py:__init__()] - Config path location: /home/voron/printer_data/config/KlipperScreen.conf
2026-05-17 17:18:10,497 [config.py:log_config()] - ===== Config File =====

=======================
2026-05-17 17:18:10,499 [config.py:__init__()] - 
====== Saved ======




2026-05-17 17:18:10,500 [config.py:__init__()] - Configured printers: [
  {
    "Printer": {
      "moonraker_host": "127.0.0.1",
      "moonraker_port": "7125",
      "moonraker_path": "",
      "moonraker_ssl": null,
      "moonraker_api_key": ""
    }
  }
]
2026-05-17 17:18:10,710 [config.py:create_translations()] - Selected lang: system_lang OS lang: en_GB
2026-05-17 17:18:10,710 [config.py:install_language()] - Using lang en
2026-05-17 17:18:10,736 [screen.py:__init__()] - Display for xset: :0
2026-05-17 17:18:10,738 [screen.py:__init__()] - Screen 0: 2560x1080
2026-05-17 17:18:10,738 [screen.py:__init__()] - Monitors: 1 using number: 0
2026-05-17 17:18:10,739 [screen.py:__init__()] - Wayland: False Display name: :0
2026-05-17 17:18:10,742 [screen.py:__init__()] - Screen resolution: 2560x1080
2026-05-17 17:18:11,117 [KlippyGtk.py:__init__()] - Font size: 40.0 (medium)
2026-05-17 17:18:11,436 [base_panel.py:battery_percentage()] - Battery information not available.
2026-05-17 17:18:11,735 [screen.py:set_dpms_timeout()] - DPMS on :0 set to: 3600
2026-05-17 17:18:11,736 [screen.py:set_screenblanking_timeout()] - Blanking timeout: 3600
2026-05-17 17:18:11,737 [screen.py:initial_connection()] - Default printer: None
2026-05-17 17:18:11,737 [screen.py:_remove_all_panels()] - Removing all panels
2026-05-17 17:18:11,829 [screen.py:_load_panel()] - Loading panel: splash_screen
2026-05-17 17:18:11,943 [screen.py:attach_panel()] - Current panel hierarchy: splash_screen
2026-05-17 17:18:11,970 [screen.py:printer_initializing()] - Initializing KlipperScreen
2026-05-17 17:18:12,064 [screen.py:printer_initializing()] - Connecting to Printer
2026-05-17 17:18:12,091 [screen.py:set_dpms_timeout()] - DPMS on :0 set to: 3600
2026-05-17 17:18:12,091 [screen.py:set_screenblanking_timeout()] - Blanking timeout: 3600
2026-05-17 17:18:16,309 [KlippyWebsocket.py:initial_connect()] - Starting connection
2026-05-17 17:18:16,309 [KlippyWebsocket.py:connect()] - Attempting to connect
2026-05-17 17:18:16,310 [KlippyWebsocket.py:connect()] - Starting websocket thread
2026-05-17 17:18:16,328 [_logging.py:info()] - Websocket connected
2026-05-17 17:18:16,329 [screen.py:websocket_connected()] - ### websocket_connected
2026-05-17 17:18:16,339 [screen.py:printer_initializing()] - Moonraker Connected
2026-05-17 17:18:16,397 [KlippyWebsocket.py:identify_client()] - Sending server.connection.identify
2026-05-17 17:18:16,495 [screen.py:printer_initializing()] - Initializing Klipper Connection
2026-05-17 17:18:16,497 [printer.py:configure_cameras()] - Cameras: []
2026-05-17 17:18:16,606 [printer.py:log_counts()] - Klipper version: v0.13.0-656-g4cc47cf5
2026-05-17 17:18:16,607 [printer.py:log_counts()] - # Extruders: 1
2026-05-17 17:18:16,607 [printer.py:log_counts()] - # Temperature devices: 1
2026-05-17 17:18:16,607 [printer.py:log_counts()] - # Fans: 1
2026-05-17 17:18:16,607 [printer.py:log_counts()] - # Output pins: 0
2026-05-17 17:18:16,607 [printer.py:log_counts()] - # PWM tools: 0
2026-05-17 17:18:16,608 [printer.py:log_counts()] - # Leds: 0
2026-05-17 17:18:16,861 [printer.py:change_state()] - Changing state from 'disconnected' to 'startup'
2026-05-17 17:18:16,862 [printer.py:change_state()] - Adding callback for state: startup
2026-05-17 17:18:16,864 [KlippyWebsocket.py:object_subscription()] - Sending printer.objects.subscribe
2026-05-17 17:18:16,866 [files.py:set_gcodes_path()] - Gcodes path: /home/voron/printer_data/gcodes
2026-05-17 17:18:16,867 [screen.py:_finish_init()] - Printer initialized
2026-05-17 17:18:16,904 [screen.py:set_dpms_timeout()] - DPMS on :0 set to: 3600
2026-05-17 17:18:16,904 [screen.py:set_screenblanking_timeout()] - Blanking timeout: 3600
2026-05-17 17:18:16,919 [screen.py:printer_initializing()] - Klipper is attempting to start
2026-05-17 17:18:16,920 [screen.py:set_server_config()] - Temperature store size: 1200
2026-05-17 17:18:16,920 [screen.py:set_tempstore()] - Moonraker tempstore not yet available
2026-05-17 17:18:16,921 [printer.py:init_temp_store()] - Temp store: ['extruder', 'heater_bed']
2026-05-17 17:19:12,306 [base_panel.py:battery_percentage()] - Battery information not available.
2026-05-17 17:19:29,674 [screen.py:_menu_go_back()] - #### Menu go home
2026-05-17 17:19:29,676 [screen.py:attach_panel()] - Current panel hierarchy: splash_screen
2026-05-17 17:19:34,820 [printer.py:change_state()] - Changing state from 'startup' to 'error'
2026-05-17 17:19:34,820 [printer.py:change_state()] - Adding callback for state: error
2026-05-17 17:19:34,846 [screen.py:set_dpms_timeout()] - DPMS on :0 set to: 3600
2026-05-17 17:19:34,847 [screen.py:set_screenblanking_timeout()] - Blanking timeout: 3600
2026-05-17 17:19:34,847 [screen.py:show_panel()] - Panel is already is in view
2026-05-17 17:19:34,857 [screen.py:printer_initializing()] - Klipper has encountered an error.
A FIRMWARE_RESTART may fix the issue.
mcu 'mcu': Unable to connect
Once the underlying issue is corrected, use the
"FIRMWARE_RESTART" command to reset the firmware, reload the
config, and restart the host software.
Error configuring printer

2026-05-17 17:19:51,093 [KlippyWebsocket.py:restart()] - Sending printer.restart
2026-05-17 17:19:51,128 [printer.py:change_state()] - Changing state from 'error' to 'disconnected'
2026-05-17 17:19:51,129 [printer.py:change_state()] - Adding callback for state: disconnected
2026-05-17 17:19:51,155 [screen.py:set_dpms_timeout()] - DPMS on :0 set to: 3600
2026-05-17 17:19:51,155 [screen.py:set_screenblanking_timeout()] - Blanking timeout: 3600
2026-05-17 17:19:51,156 [screen.py:state_disconnected()] - ### Going to disconnected
2026-05-17 17:19:51,157 [screen.py:show_panel()] - Panel is already is in view
2026-05-17 17:19:51,166 [screen.py:printer_initializing()] - Klipper has disconnected
2026-05-17 17:19:55,316 [screen.py:printer_initializing()] - Initializing Klipper Connection
2026-05-17 17:19:55,472 [printer.py:log_counts()] - Klipper version: v0.13.0-656-g4cc47cf5
2026-05-17 17:19:55,473 [printer.py:log_counts()] - # Extruders: 1
2026-05-17 17:19:55,473 [printer.py:log_counts()] - # Temperature devices: 1
2026-05-17 17:19:55,473 [printer.py:log_counts()] - # Fans: 1
2026-05-17 17:19:55,473 [printer.py:log_counts()] - # Output pins: 0
2026-05-17 17:19:55,474 [printer.py:log_counts()] - # PWM tools: 0
2026-05-17 17:19:55,474 [printer.py:log_counts()] - # Leds: 0
2026-05-17 17:19:55,726 [printer.py:change_state()] - Changing state from 'disconnected' to 'startup'
2026-05-17 17:19:55,727 [printer.py:change_state()] - Adding callback for state: startup
2026-05-17 17:19:55,730 [KlippyWebsocket.py:object_subscription()] - Sending printer.objects.subscribe
2026-05-17 17:19:55,732 [files.py:set_gcodes_path()] - Gcodes path: /home/voron/printer_data/gcodes
2026-05-17 17:19:55,732 [screen.py:_finish_init()] - Printer initialized
2026-05-17 17:19:55,767 [screen.py:set_dpms_timeout()] - DPMS on :0 set to: 3600
2026-05-17 17:19:55,768 [screen.py:set_screenblanking_timeout()] - Blanking timeout: 3600
2026-05-17 17:19:55,778 [screen.py:printer_initializing()] - Klipper is attempting to start
2026-05-17 17:19:55,780 [screen.py:set_server_config()] - Temperature store size: 1200
2026-05-17 17:19:55,781 [screen.py:set_tempstore()] - Moonraker tempstore not yet available
2026-05-17 17:19:55,782 [printer.py:init_temp_store()] - Temp store: ['extruder', 'heater_bed']
2026-05-17 17:20:01,008 [screen.py:_menu_go_back()] - #### Menu go home
2026-05-17 17:20:01,010 [screen.py:attach_panel()] - Current panel hierarchy: splash_screen
2026-05-17 17:20:03,673 [screen.py:_go_to_submenu()] - #### Go to submenu 
2026-05-17 17:20:03,673 [screen.py:_go_to_submenu()] - #### Menu __splashscreen
2026-05-17 17:20:03,676 [screen.py:_load_panel()] - Loading panel: menu
2026-05-17 17:20:03,703 [menu.py:evaluate_enable()] - moonraker connected True
2026-05-17 17:20:03,706 [menu.py:evaluate_enable()] - moonraker connected True
2026-05-17 17:20:03,792 [screen.py:attach_panel()] - Current panel hierarchy: splash_screen > 
2026-05-17 17:20:03,799 [menu.py:arrangeMenuItems()] - X > power
2026-05-17 17:20:03,802 [menu.py:evaluate_enable()] - moonraker connected True
2026-05-17 17:20:03,805 [menu.py:evaluate_enable()] - moonraker connected True
2026-05-17 17:20:03,828 [screen.py:_go_to_submenu()] - menu, {{ gettext('Menu') }}, panel_name=, items=[{'power': {'name': "{{ gettext('Power') }}", 'icon': 'shutdown', 'panel': 'power', 'method': None, 'confirm': None, 'enable': '{{ moonraker.power_devices.count > 0 }}', 'params': '{}', 'style': None}}, {'network': {'name': "{{ gettext('Network') }}", 'icon': 'network', 'panel': 'network', 'method': None, 'confirm': None, 'enable': 'True', 'params': '{}', 'style': None}}, {'updater': {'name': "{{ gettext('Update') }}", 'icon': 'refresh', 'panel': 'updater', 'method': None, 'confirm': None, 'enable': '{{ moonraker_connected }}', 'params': '{}', 'style': None}}, {'settings': {'name': 'KlipperScreen', 'icon': 'settings', 'panel': 'settings', 'method': None, 'confirm': None, 'enable': 'True', 'params': '{}', 'style': None}}, {'system': {'name': "{{ gettext('System') }}", 'icon': 'info', 'panel': 'system', 'method': None, 'confirm': None, 'enable': '{{ moonraker_connected }}', 'params': '{}', 'style': None}}]
2026-05-17 17:20:07,398 [screen.py:_load_panel()] - Loading panel: updater
2026-05-17 17:20:07,469 [screen.py:attach_panel()] - Current panel hierarchy: splash_screen >  > updater
2026-05-17 17:20:07,485 [updater.py:get_updates()] - {'jsonrpc': '2.0', 'result': {'github_rate_limit': None, 'github_requests_remaining': None, 'github_limit_reset_time': None, 'version_info': {'system': {'name': 'system', 'configured_type': 'system', 'package_count': 0, 'package_list': []}, 'moonraker': {'channel': 'dev', 'debug_enabled': False, 'channel_invalid': False, 'is_valid': True, 'configured_type': 'git_repo', 'info_tags': [], 'detected_type': 'git_repo', 'remote_alias': 'origin', 'branch': 'master', 'owner': 'Arksine', 'repo_name': 'moonraker', 'remote_url': 'https://github.com/Arksine/moonraker.git', 'recovery_url': 'https://github.com/Arksine/moonraker.git', 'version': 'v0.10.0-20', 'remote_version': 'v0.10.0-20', 'rollback_version': 'v0.10.0-19', 'current_hash': '9008485843740c93e0154ccbdac1fc2b02b03aaa', 'remote_hash': '9008485843740c93e0154ccbdac1fc2b02b03aaa', 'is_dirty': False, 'detached': False, 'commits_behind': [], 'commits_behind_count': 0, 'git_messages': [], 'full_version_string': 'v0.10.0-20-g90084858', 'pristine': False, 'corrupt': False, 'warnings': [], 'anomalies': ["Repo has untracked source files: ['moonraker/components/timelapse.py']"], 'name': 'moonraker'}, 'klipper': {'channel': 'dev', 'debug_enabled': False, 'channel_invalid': False, 'is_valid': True, 'configured_type': 'git_repo', 'info_tags': [], 'detected_type': 'git_repo', 'remote_alias': 'origin', 'branch': 'master', 'owner': 'Klipper3d', 'repo_name': 'klipper', 'remote_url': 'https://github.com/Klipper3d/klipper', 'recovery_url': 'https://github.com/Klipper3d/klipper', 'version': 'v0.13.0-656', 'remote_version': 'v0.13.0-656', 'rollback_version': 'v0.13.0-642', 'current_hash': '4cc47cf56542944fdaed633acd525f3b7b17c2bc', 'remote_hash': '4cc47cf56542944fdaed633acd525f3b7b17c2bc', 'is_dirty': False, 'detached': False, 'commits_behind': [], 'commits_behind_count': 0, 'git_messages': [], 'full_version_string': 'v0.13.0-656-g4cc47cf5', 'pristine': True, 'corrupt': False, 'warnings': [], 'anomalies': [], 'name': 'klipper'}, 'mainsail': {'channel': 'stable', 'debug_enabled': False, 'channel_invalid': False, 'is_valid': True, 'configured_type': 'web', 'info_tags': [], 'name': 'mainsail', 'repo_name': 'mainsail', 'owner': 'mainsail-crew', 'version': 'v2.17.0', 'remote_version': 'v2.17.0', 'rollback_version': 'v2.17.0', 'last_error': '', 'warnings': [], 'anomalies': []}, 'mainsail-config': {'channel': 'dev', 'debug_enabled': False, 'channel_invalid': False, 'is_valid': True, 'configured_type': 'git_repo', 'info_tags': [], 'detected_type': 'git_repo', 'remote_alias': 'origin', 'branch': 'master', 'owner': 'mainsail-crew', 'repo_name': 'mainsail-config', 'remote_url': 'https://github.com/mainsail-crew/mainsail-config.git', 'recovery_url': 'https://github.com/mainsail-crew/mainsail-config.git', 'version': 'v1.2.1-1', 'remote_version': 'v1.2.1-1', 'rollback_version': 'v1.2.1-1', 'current_hash': 'ff3869a621db17ce3ef660adbbd3fa321995ac42', 'remote_hash': 'ff3869a621db17ce3ef660adbbd3fa321995ac42', 'is_dirty': False, 'detached': False, 'commits_behind': [], 'commits_behind_count': 0, 'git_messages': [], 'full_version_string': 'v1.2.1-1-gff3869a6', 'pristine': True, 'corrupt': False, 'warnings': [], 'anomalies': [], 'name': 'mainsail-config'}, 'crowsnest': {'channel': 'dev', 'debug_enabled': False, 'channel_invalid': False, 'is_valid': True, 'configured_type': 'git_repo', 'info_tags': [], 'detected_type': 'git_repo', 'remote_alias': 'origin', 'branch': 'v5', 'owner': 'mainsail-crew', 'repo_name': 'crowsnest', 'remote_url': 'https://github.com/mainsail-crew/crowsnest.git', 'recovery_url': 'https://github.com/mainsail-crew/crowsnest.git', 'version': 'v5.0.6-0', 'remote_version': 'v5.0.6-0', 'rollback_version': 'v5.0.5-1', 'current_hash': 'f606c69fb7abb31f4523d88824e01009d6553477', 'remote_hash': 'f606c69fb7abb31f4523d88824e01009d6553477', 'is_dirty': False, 'detached': False, 'commits_behind': [], 'commits_behind_count': 0, 'git_messages': [], 'full_version_string': 'v5.0.6-0-gf606c69f', 'pristine': True, 'corrupt': False, 'warnings': [], 'anomalies': [], 'name': 'crowsnest'}, 'sonar': {'channel': 'dev', 'debug_enabled': False, 'channel_invalid': False, 'is_valid': True, 'configured_type': 'git_repo', 'info_tags': [], 'detected_type': 'git_repo', 'remote_alias': 'origin', 'branch': 'main', 'owner': 'mainsail-crew', 'repo_name': 'sonar', 'remote_url': 'https://github.com/mainsail-crew/sonar.git', 'recovery_url': 'https://github.com/mainsail-crew/sonar.git', 'version': 'v0.2.0-1', 'remote_version': 'v0.2.0-1', 'rollback_version': 'v0.2.0-1', 'current_hash': '0d1d7c89bbb97fb5f54c80f7814ef322c24d6e45', 'remote_hash': '0d1d7c89bbb97fb5f54c80f7814ef322c24d6e45', 'is_dirty': False, 'detached': False, 'commits_behind': [], 'commits_behind_count': 0, 'git_messages': [], 'full_version_string': 'v0.2.0-1-g0d1d7c89', 'pristine': True, 'corrupt': False, 'warnings': [], 'anomalies': [], 'name': 'sonar'}, 'KlipperScreen': {'channel': 'dev', 'debug_enabled': False, 'channel_invalid': False, 'is_valid': True, 'configured_type': 'git_repo', 'info_tags': [], 'detected_type': 'git_repo', 'remote_alias': 'origin', 'branch': 'master', 'owner': 'KlipperScreen', 'repo_name': 'KlipperScreen', 'remote_url': 'https://github.com/KlipperScreen/KlipperScreen.git', 'recovery_url': 'https://github.com/KlipperScreen/KlipperScreen.git', 'version': 'v0.4.7-15', 'remote_version': 'v0.4.7-15', 'rollback_version': 'v0.4.7-15', 'current_hash': '006f240363478d3ab74429cdf2d3e9f436ba06f5', 'remote_hash': '006f240363478d3ab74429cdf2d3e9f436ba06f5', 'is_dirty': False, 'detached': False, 'commits_behind': [], 'commits_behind_count': 0, 'git_messages': [], 'full_version_string': 'v0.4.7-15-g006f2403', 'pristine': True, 'corrupt': False, 'warnings': [], 'anomalies': [], 'name': 'KlipperScreen'}, 'fluidd': {'channel': 'stable', 'debug_enabled': False, 'channel_invalid': False, 'is_valid': True, 'configured_type': 'web', 'info_tags': [], 'name': 'fluidd', 'repo_name': 'fluidd', 'owner': 'fluidd-core', 'version': 'v1.37.0', 'remote_version': 'v1.37.0', 'rollback_version': 'v1.37.0', 'last_error': '', 'warnings': [], 'anomalies': []}}, 'busy': False}, 'id': 23}
2026-05-17 17:20:17,412 [screen.py:_menu_go_back()] - #### Menu go home
2026-05-17 17:20:17,429 [screen.py:attach_panel()] - Current panel hierarchy: splash_screen
2026-05-17 17:20:20,263 [screen.py:_menu_go_back()] - #### Menu go home
2026-05-17 17:20:20,265 [screen.py:attach_panel()] - Current panel hierarchy: splash_screen
2026-05-17 17:20:34,100 [screen.py:_go_to_submenu()] - #### Go to submenu 
2026-05-17 17:20:34,100 [screen.py:_go_to_submenu()] - #### Menu __splashscreen
2026-05-17 17:20:34,122 [screen.py:attach_panel()] - Current panel hierarchy: splash_screen > 
2026-05-17 17:20:34,131 [menu.py:arrangeMenuItems()] - X > power
2026-05-17 17:20:34,134 [menu.py:evaluate_enable()] - moonraker connected True
2026-05-17 17:20:34,137 [menu.py:evaluate_enable()] - moonraker connected True
2026-05-17 17:20:34,151 [screen.py:_go_to_submenu()] - menu, {{ gettext('Menu') }}, panel_name=, items=[{'power': {'name': "{{ gettext('Power') }}", 'icon': 'shutdown', 'panel': 'power', 'method': None, 'confirm': None, 'enable': '{{ moonraker.power_devices.count > 0 }}', 'params': '{}', 'style': None}}, {'network': {'name': "{{ gettext('Network') }}", 'icon': 'network', 'panel': 'network', 'method': None, 'confirm': None, 'enable': 'True', 'params': '{}', 'style': None}}, {'updater': {'name': "{{ gettext('Update') }}", 'icon': 'refresh', 'panel': 'updater', 'method': None, 'confirm': None, 'enable': '{{ moonraker_connected }}', 'params': '{}', 'style': None}}, {'settings': {'name': 'KlipperScreen', 'icon': 'settings', 'panel': 'settings', 'method': None, 'confirm': None, 'enable': 'True', 'params': '{}', 'style': None}}, {'system': {'name': "{{ gettext('System') }}", 'icon': 'info', 'panel': 'system', 'method': None, 'confirm': None, 'enable': '{{ moonraker_connected }}', 'params': '{}', 'style': None}}]
2026-05-17 17:20:35,655 [screen.py:_menu_go_back()] - #### Menu go home
2026-05-17 17:20:35,671 [screen.py:attach_panel()] - Current panel hierarchy: splash_screen
2026-05-17 17:20:38,142 [KlippyWebsocket.py:restart_firmware()] - Sending printer.firmware_restart
2026-05-17 17:20:39,222 [printer.py:change_state()] - Changing state from 'startup' to 'disconnected'
2026-05-17 17:20:39,222 [printer.py:change_state()] - Adding callback for state: disconnected
2026-05-17 17:20:39,252 [screen.py:set_dpms_timeout()] - DPMS on :0 set to: 3600
2026-05-17 17:20:39,252 [screen.py:set_screenblanking_timeout()] - Blanking timeout: 3600
2026-05-17 17:20:39,252 [screen.py:state_disconnected()] - ### Going to disconnected
2026-05-17 17:20:39,253 [screen.py:show_panel()] - Panel is already is in view
2026-05-17 17:20:39,264 [screen.py:printer_initializing()] - Klipper has disconnected
2026-05-17 17:20:41,105 [KlippyGtk.py:Dialog()] - Showing dialog Shutdown (width=2560, height=1080)
2026-05-17 17:20:43,317 [screen.py:printer_initializing()] - Initializing Klipper Connection
2026-05-17 17:20:43,426 [printer.py:log_counts()] - Klipper version: v0.13.0-656-g4cc47cf5
2026-05-17 17:20:43,427 [printer.py:log_counts()] - # Extruders: 1
2026-05-17 17:20:43,427 [printer.py:log_counts()] - # Temperature devices: 1
2026-05-17 17:20:43,427 [printer.py:log_counts()] - # Fans: 1
2026-05-17 17:20:43,427 [printer.py:log_counts()] - # Output pins: 0
2026-05-17 17:20:43,427 [printer.py:log_counts()] - # PWM tools: 0
2026-05-17 17:20:43,427 [printer.py:log_counts()] - # Leds: 0
2026-05-17 17:20:43,683 [printer.py:change_state()] - Changing state from 'disconnected' to 'startup'
2026-05-17 17:20:43,684 [printer.py:change_state()] - Adding callback for state: startup
2026-05-17 17:20:43,687 [KlippyWebsocket.py:object_subscription()] - Sending printer.objects.subscribe
2026-05-17 17:20:43,689 [files.py:set_gcodes_path()] - Gcodes path: /home/voron/printer_data/gcodes
2026-05-17 17:20:43,689 [screen.py:_finish_init()] - Printer initialized
2026-05-17 17:20:43,726 [screen.py:set_dpms_timeout()] - DPMS on :0 set to: 3600
2026-05-17 17:20:43,726 [screen.py:set_screenblanking_timeout()] - Blanking timeout: 3600
2026-05-17 17:20:43,736 [screen.py:printer_initializing()] - Klipper is attempting to start
2026-05-17 17:20:43,737 [screen.py:set_server_config()] - Temperature store size: 1200
2026-05-17 17:20:43,738 [screen.py:set_tempstore()] - Moonraker tempstore not yet available
2026-05-17 17:20:43,739 [printer.py:init_temp_store()] - Temp store: ['extruder', 'heater_bed']
2026-05-17 17:20:44,436 [KlippyGtk.py:remove_dialog()] - Removing Dialog
2026-05-17 17:25:26,057 [functions.py:log_start()] - --------------------KlipperScreen Log Start--------------------
2026-05-17 17:25:26,058 [functions.py:log_start()] - KlipperScreen Version: v0.4.7-15-g006f240
2026-05-17 17:25:26,058 [functions.py:log_start()] - Python version: 3.13
2026-05-17 17:25:26,291 [config.py:get_config_file_location()] - Passed config (-c): .
2026-05-17 17:25:26,292 [config.py:__init__()] - Config path location: /home/voron/printer_data/config/KlipperScreen.conf
2026-05-17 17:25:26,396 [config.py:log_config()] - ===== Config File =====

=======================
2026-05-17 17:25:26,399 [config.py:__init__()] - 
====== Saved ======




2026-05-17 17:25:26,399 [config.py:__init__()] - Configured printers: [
  {
    "Printer": {
      "moonraker_host": "127.0.0.1",
      "moonraker_port": "7125",
      "moonraker_path": "",
      "moonraker_ssl": null,
      "moonraker_api_key": ""
    }
  }
]
2026-05-17 17:25:26,601 [config.py:create_translations()] - Selected lang: system_lang OS lang: en_GB
2026-05-17 17:25:26,602 [config.py:install_language()] - Using lang en
2026-05-17 17:25:26,625 [screen.py:__init__()] - Display for xset: :0
2026-05-17 17:25:26,627 [screen.py:__init__()] - Screen 0: 1024x768
2026-05-17 17:25:26,627 [screen.py:__init__()] - Monitors: 1 using number: 0
2026-05-17 17:25:26,628 [screen.py:__init__()] - Wayland: False Display name: :0
2026-05-17 17:25:26,631 [screen.py:__init__()] - Screen resolution: 1024x768
2026-05-17 17:25:26,994 [KlippyGtk.py:__init__()] - Font size: 25.6 (medium)
2026-05-17 17:25:27,292 [base_panel.py:battery_percentage()] - Battery information not available.
2026-05-17 17:25:27,577 [screen.py:set_dpms_timeout()] - DPMS on :0 set to: 3600
2026-05-17 17:25:27,578 [screen.py:set_screenblanking_timeout()] - Blanking timeout: 3600
2026-05-17 17:25:27,578 [screen.py:initial_connection()] - Default printer: None
2026-05-17 17:25:27,579 [screen.py:_remove_all_panels()] - Removing all panels
2026-05-17 17:25:27,654 [screen.py:_load_panel()] - Loading panel: splash_screen
2026-05-17 17:25:27,735 [screen.py:attach_panel()] - Current panel hierarchy: splash_screen
2026-05-17 17:25:27,761 [screen.py:printer_initializing()] - Initializing KlipperScreen
2026-05-17 17:25:27,839 [screen.py:printer_initializing()] - Connecting to Printer
2026-05-17 17:25:27,863 [screen.py:set_dpms_timeout()] - DPMS on :0 set to: 3600
2026-05-17 17:25:27,863 [screen.py:set_screenblanking_timeout()] - Blanking timeout: 3600
2026-05-17 17:25:31,861 [KlippyWebsocket.py:initial_connect()] - Starting connection
2026-05-17 17:25:31,861 [KlippyWebsocket.py:connect()] - Attempting to connect
2026-05-17 17:25:31,861 [KlippyWebsocket.py:connect()] - Starting websocket thread
2026-05-17 17:25:31,882 [_logging.py:info()] - Websocket connected
2026-05-17 17:25:31,884 [screen.py:websocket_connected()] - ### websocket_connected
2026-05-17 17:25:31,893 [screen.py:printer_initializing()] - Moonraker Connected
2026-05-17 17:25:31,948 [KlippyWebsocket.py:identify_client()] - Sending server.connection.identify
2026-05-17 17:25:32,018 [screen.py:printer_initializing()] - Initializing Klipper Connection
2026-05-17 17:25:32,020 [printer.py:configure_cameras()] - Cameras: []
2026-05-17 17:25:32,104 [printer.py:log_counts()] - Klipper version: v0.13.0-656-g4cc47cf5
2026-05-17 17:25:32,105 [printer.py:log_counts()] - # Extruders: 1
2026-05-17 17:25:32,105 [printer.py:log_counts()] - # Temperature devices: 1
2026-05-17 17:25:32,105 [printer.py:log_counts()] - # Fans: 1
2026-05-17 17:25:32,105 [printer.py:log_counts()] - # Output pins: 0
2026-05-17 17:25:32,105 [printer.py:log_counts()] - # PWM tools: 0
2026-05-17 17:25:32,105 [printer.py:log_counts()] - # Leds: 0
2026-05-17 17:25:32,361 [printer.py:change_state()] - Changing state from 'disconnected' to 'startup'
2026-05-17 17:25:32,361 [printer.py:change_state()] - Adding callback for state: startup
2026-05-17 17:25:32,363 [KlippyWebsocket.py:object_subscription()] - Sending printer.objects.subscribe
2026-05-17 17:25:32,365 [files.py:set_gcodes_path()] - Gcodes path: /home/voron/printer_data/gcodes
2026-05-17 17:25:32,365 [screen.py:_finish_init()] - Printer initialized
2026-05-17 17:25:32,398 [screen.py:set_dpms_timeout()] - DPMS on :0 set to: 3600
2026-05-17 17:25:32,399 [screen.py:set_screenblanking_timeout()] - Blanking timeout: 3600
2026-05-17 17:25:32,408 [screen.py:printer_initializing()] - Klipper is attempting to start
2026-05-17 17:25:32,410 [screen.py:set_server_config()] - Temperature store size: 1200
2026-05-17 17:25:32,410 [screen.py:set_tempstore()] - Moonraker tempstore not yet available
2026-05-17 17:25:32,411 [printer.py:init_temp_store()] - Temp store: ['extruder', 'heater_bed']
2026-05-17 17:26:27,858 [base_panel.py:battery_percentage()] - Battery information not available.
2026-05-17 17:26:51,776 [printer.py:change_state()] - Changing state from 'startup' to 'error'
2026-05-17 17:26:51,776 [printer.py:change_state()] - Adding callback for state: error
2026-05-17 17:26:51,800 [screen.py:set_dpms_timeout()] - DPMS on :0 set to: 3600
2026-05-17 17:26:51,800 [screen.py:set_screenblanking_timeout()] - Blanking timeout: 3600
2026-05-17 17:26:51,801 [screen.py:show_panel()] - Panel is already is in view
2026-05-17 17:26:51,810 [screen.py:printer_initializing()] - Klipper has encountered an error.
A FIRMWARE_RESTART may fix the issue.
mcu 'mcu': Unable to connect
Once the underlying issue is corrected, use the
"FIRMWARE_RESTART" command to reset the firmware, reload the
config, and restart the host software.
Error configuring printer

2026-05-17 17:30:20,753 [functions.py:log_start()] - --------------------KlipperScreen Log Start--------------------
2026-05-17 17:30:20,754 [functions.py:log_start()] - KlipperScreen Version: v0.4.7-15-g006f240
2026-05-17 17:30:20,754 [functions.py:log_start()] - Python version: 3.13
2026-05-17 17:30:20,867 [config.py:get_config_file_location()] - Passed config (-c): .
2026-05-17 17:30:20,868 [config.py:__init__()] - Config path location: /home/voron/printer_data/config/KlipperScreen.conf
2026-05-17 17:30:20,916 [config.py:log_config()] - ===== Config File =====

=======================
2026-05-17 17:30:20,917 [config.py:__init__()] - 
====== Saved ======




2026-05-17 17:30:20,917 [config.py:__init__()] - Configured printers: [
  {
    "Printer": {
      "moonraker_host": "127.0.0.1",
      "moonraker_port": "7125",
      "moonraker_path": "",
      "moonraker_ssl": null,
      "moonraker_api_key": ""
    }
  }
]
2026-05-17 17:30:21,012 [config.py:create_translations()] - Selected lang: system_lang OS lang: en_GB
2026-05-17 17:30:21,012 [config.py:install_language()] - Using lang en
2026-05-17 17:30:21,024 [screen.py:__init__()] - Display for xset: :0
2026-05-17 17:30:21,025 [screen.py:__init__()] - Screen 0: 1024x768
2026-05-17 17:30:21,025 [screen.py:__init__()] - Monitors: 1 using number: 0
2026-05-17 17:30:21,025 [screen.py:__init__()] - Wayland: False Display name: :0
2026-05-17 17:30:21,026 [screen.py:__init__()] - Screen resolution: 1024x768
2026-05-17 17:30:21,180 [KlippyGtk.py:__init__()] - Font size: 25.6 (medium)
2026-05-17 17:30:21,367 [base_panel.py:battery_percentage()] - Battery information not available.
2026-05-17 17:30:21,527 [screen.py:set_dpms_timeout()] - DPMS on :0 set to: 3600
2026-05-17 17:30:21,527 [screen.py:set_screenblanking_timeout()] - Blanking timeout: 3600
2026-05-17 17:30:21,527 [screen.py:initial_connection()] - Default printer: None
2026-05-17 17:30:21,528 [screen.py:_remove_all_panels()] - Removing all panels
2026-05-17 17:30:21,572 [screen.py:_load_panel()] - Loading panel: splash_screen
2026-05-17 17:30:21,618 [screen.py:attach_panel()] - Current panel hierarchy: splash_screen
2026-05-17 17:30:21,631 [screen.py:printer_initializing()] - Initializing KlipperScreen
2026-05-17 17:30:21,684 [screen.py:printer_initializing()] - Connecting to Printer
2026-05-17 17:30:21,696 [screen.py:set_dpms_timeout()] - DPMS on :0 set to: 3600
2026-05-17 17:30:21,697 [screen.py:set_screenblanking_timeout()] - Blanking timeout: 3600
2026-05-17 17:30:26,049 [KlippyWebsocket.py:initial_connect()] - Starting connection
2026-05-17 17:30:26,050 [KlippyWebsocket.py:connect()] - Attempting to connect
2026-05-17 17:30:26,050 [KlippyWebsocket.py:connect()] - Starting websocket thread
2026-05-17 17:30:26,060 [_logging.py:info()] - Websocket connected
2026-05-17 17:30:26,060 [screen.py:websocket_connected()] - ### websocket_connected
2026-05-17 17:30:26,064 [screen.py:printer_initializing()] - Moonraker Connected
2026-05-17 17:30:26,088 [KlippyWebsocket.py:identify_client()] - Sending server.connection.identify
2026-05-17 17:30:26,122 [screen.py:printer_initializing()] - Initializing Klipper Connection
2026-05-17 17:30:26,123 [printer.py:configure_cameras()] - Cameras: []
2026-05-17 17:30:26,160 [printer.py:log_counts()] - Klipper version: v0.13.0-656-g4cc47cf5
2026-05-17 17:30:26,160 [printer.py:log_counts()] - # Extruders: 1
2026-05-17 17:30:26,160 [printer.py:log_counts()] - # Temperature devices: 1
2026-05-17 17:30:26,160 [printer.py:log_counts()] - # Fans: 1
2026-05-17 17:30:26,160 [printer.py:log_counts()] - # Output pins: 0
2026-05-17 17:30:26,160 [printer.py:log_counts()] - # PWM tools: 0
2026-05-17 17:30:26,160 [printer.py:log_counts()] - # Leds: 0
2026-05-17 17:30:26,413 [printer.py:change_state()] - Changing state from 'disconnected' to 'startup'
2026-05-17 17:30:26,414 [printer.py:change_state()] - Adding callback for state: startup
2026-05-17 17:30:26,415 [KlippyWebsocket.py:object_subscription()] - Sending printer.objects.subscribe
2026-05-17 17:30:26,416 [files.py:set_gcodes_path()] - Gcodes path: /home/voron/printer_data/gcodes
2026-05-17 17:30:26,416 [screen.py:_finish_init()] - Printer initialized
2026-05-17 17:30:26,434 [screen.py:set_dpms_timeout()] - DPMS on :0 set to: 3600
2026-05-17 17:30:26,435 [screen.py:set_screenblanking_timeout()] - Blanking timeout: 3600
2026-05-17 17:30:26,446 [screen.py:printer_initializing()] - Klipper is attempting to start
2026-05-17 17:30:26,446 [screen.py:set_server_config()] - Temperature store size: 1200
2026-05-17 17:30:26,446 [screen.py:set_tempstore()] - Moonraker tempstore not yet available
2026-05-17 17:30:26,446 [printer.py:init_temp_store()] - Temp store: ['extruder', 'heater_bed']
2026-05-17 17:31:22,048 [base_panel.py:battery_percentage()] - Battery information not available.
2026-05-17 17:34:28,097 [printer.py:change_state()] - Changing state from 'startup' to 'error'
2026-05-17 17:34:28,098 [printer.py:change_state()] - Adding callback for state: error
2026-05-17 17:34:28,118 [screen.py:set_dpms_timeout()] - DPMS on :0 set to: 3600
2026-05-17 17:34:28,119 [screen.py:set_screenblanking_timeout()] - Blanking timeout: 3600
2026-05-17 17:34:28,119 [screen.py:show_panel()] - Panel is already is in view
2026-05-17 17:34:28,127 [screen.py:printer_initializing()] - Klipper has encountered an error.
A FIRMWARE_RESTART may fix the issue.
mcu 'mcu': Unable to connect
Once the underlying issue is corrected, use the
"FIRMWARE_RESTART" command to reset the firmware, reload the
config, and restart the host software.
Error configuring printer

2026-05-17 17:35:44,211 [printer.py:change_state()] - Changing state from 'error' to 'disconnected'
2026-05-17 17:35:44,212 [printer.py:change_state()] - Adding callback for state: disconnected
2026-05-17 17:35:44,233 [screen.py:set_dpms_timeout()] - DPMS on :0 set to: 3600
2026-05-17 17:35:44,233 [screen.py:set_screenblanking_timeout()] - Blanking timeout: 3600
2026-05-17 17:35:44,234 [screen.py:state_disconnected()] - ### Going to disconnected
2026-05-17 17:35:44,234 [screen.py:show_panel()] - Panel is already is in view
2026-05-17 17:35:44,242 [screen.py:printer_initializing()] - Klipper has disconnected
2026-05-17 17:35:48,257 [screen.py:printer_initializing()] - Initializing Klipper Connection
2026-05-17 17:35:48,351 [printer.py:log_counts()] - Klipper version: v0.13.0-656-g4cc47cf5
2026-05-17 17:35:48,351 [printer.py:log_counts()] - # Extruders: 1
2026-05-17 17:35:48,351 [printer.py:log_counts()] - # Temperature devices: 1
2026-05-17 17:35:48,351 [printer.py:log_counts()] - # Fans: 1
2026-05-17 17:35:48,351 [printer.py:log_counts()] - # Output pins: 0
2026-05-17 17:35:48,351 [printer.py:log_counts()] - # PWM tools: 0
2026-05-17 17:35:48,351 [printer.py:log_counts()] - # Leds: 0
2026-05-17 17:35:48,603 [printer.py:change_state()] - Changing state from 'disconnected' to 'startup'
2026-05-17 17:35:48,603 [printer.py:change_state()] - Adding callback for state: startup
2026-05-17 17:35:48,604 [KlippyWebsocket.py:object_subscription()] - Sending printer.objects.subscribe
2026-05-17 17:35:48,605 [files.py:set_gcodes_path()] - Gcodes path: /home/voron/printer_data/gcodes
2026-05-17 17:35:48,606 [screen.py:_finish_init()] - Printer initialized
2026-05-17 17:35:48,623 [screen.py:set_dpms_timeout()] - DPMS on :0 set to: 3600
2026-05-17 17:35:48,623 [screen.py:set_screenblanking_timeout()] - Blanking timeout: 3600
2026-05-17 17:35:48,627 [screen.py:printer_initializing()] - Klipper is attempting to start
2026-05-17 17:35:48,628 [screen.py:set_server_config()] - Temperature store size: 1200
2026-05-17 17:35:48,628 [screen.py:set_tempstore()] - Moonraker tempstore not yet available
2026-05-17 17:35:48,628 [printer.py:init_temp_store()] - Temp store: ['extruder', 'heater_bed']
2026-05-17 17:35:52,212 [printer.py:change_state()] - Changing state from 'startup' to 'disconnected'
2026-05-17 17:35:52,212 [printer.py:change_state()] - Adding callback for state: disconnected
2026-05-17 17:35:52,238 [screen.py:set_dpms_timeout()] - DPMS on :0 set to: 3600
2026-05-17 17:35:52,238 [screen.py:set_screenblanking_timeout()] - Blanking timeout: 3600
2026-05-17 17:35:52,238 [screen.py:state_disconnected()] - ### Going to disconnected
2026-05-17 17:35:52,239 [screen.py:show_panel()] - Panel is already is in view
2026-05-17 17:35:52,249 [screen.py:printer_initializing()] - Klipper has disconnected
2026-05-17 17:35:56,257 [screen.py:printer_initializing()] - Initializing Klipper Connection
2026-05-17 17:35:56,339 [printer.py:log_counts()] - Klipper version: v0.13.0-656-g4cc47cf5
2026-05-17 17:35:56,340 [printer.py:log_counts()] - # Extruders: 1
2026-05-17 17:35:56,340 [printer.py:log_counts()] - # Temperature devices: 1
2026-05-17 17:35:56,340 [printer.py:log_counts()] - # Fans: 1
2026-05-17 17:35:56,340 [printer.py:log_counts()] - # Output pins: 0
2026-05-17 17:35:56,340 [printer.py:log_counts()] - # PWM tools: 0
2026-05-17 17:35:56,340 [printer.py:log_counts()] - # Leds: 0
2026-05-17 17:35:56,592 [printer.py:change_state()] - Changing state from 'disconnected' to 'startup'
2026-05-17 17:35:56,592 [printer.py:change_state()] - Adding callback for state: startup
2026-05-17 17:35:56,593 [KlippyWebsocket.py:object_subscription()] - Sending printer.objects.subscribe
2026-05-17 17:35:56,594 [files.py:set_gcodes_path()] - Gcodes path: /home/voron/printer_data/gcodes
2026-05-17 17:35:56,595 [screen.py:_finish_init()] - Printer initialized
2026-05-17 17:35:56,610 [screen.py:set_dpms_timeout()] - DPMS on :0 set to: 3600
2026-05-17 17:35:56,610 [screen.py:set_screenblanking_timeout()] - Blanking timeout: 3600
2026-05-17 17:35:56,614 [screen.py:printer_initializing()] - Klipper is attempting to start
2026-05-17 17:35:56,614 [screen.py:set_server_config()] - Temperature store size: 1200
2026-05-17 17:35:56,615 [screen.py:set_tempstore()] - Moonraker tempstore not yet available
2026-05-17 17:35:56,615 [printer.py:init_temp_store()] - Temp store: ['extruder', 'heater_bed']
2026-05-17 17:36:09,164 [functions.py:log_start()] - --------------------KlipperScreen Log Start--------------------
2026-05-17 17:36:09,164 [functions.py:log_start()] - KlipperScreen Version: v0.4.7-15-g006f240
2026-05-17 17:36:09,164 [functions.py:log_start()] - Python version: 3.13
2026-05-17 17:36:09,278 [config.py:get_config_file_location()] - Passed config (-c): .
2026-05-17 17:36:09,278 [config.py:__init__()] - Config path location: /home/voron/printer_data/config/KlipperScreen.conf
2026-05-17 17:36:09,326 [config.py:log_config()] - ===== Config File =====

=======================
2026-05-17 17:36:09,327 [config.py:__init__()] - 
====== Saved ======




2026-05-17 17:36:09,327 [config.py:__init__()] - Configured printers: [
  {
    "Printer": {
      "moonraker_host": "127.0.0.1",
      "moonraker_port": "7125",
      "moonraker_path": "",
      "moonraker_ssl": null,
      "moonraker_api_key": ""
    }
  }
]
2026-05-17 17:36:09,422 [config.py:create_translations()] - Selected lang: system_lang OS lang: en_GB
2026-05-17 17:36:09,422 [config.py:install_language()] - Using lang en
2026-05-17 17:36:09,433 [screen.py:__init__()] - Display for xset: :0
2026-05-17 17:36:09,434 [screen.py:__init__()] - Screen 0: 1024x768
2026-05-17 17:36:09,435 [screen.py:__init__()] - Monitors: 1 using number: 0
2026-05-17 17:36:09,435 [screen.py:__init__()] - Wayland: False Display name: :0
2026-05-17 17:36:09,436 [screen.py:__init__()] - Screen resolution: 1024x768
2026-05-17 17:36:09,589 [KlippyGtk.py:__init__()] - Font size: 25.6 (medium)
2026-05-17 17:36:09,776 [base_panel.py:battery_percentage()] - Battery information not available.
2026-05-17 17:36:09,935 [screen.py:set_dpms_timeout()] - DPMS on :0 set to: 3600
2026-05-17 17:36:09,935 [screen.py:set_screenblanking_timeout()] - Blanking timeout: 3600
2026-05-17 17:36:09,936 [screen.py:initial_connection()] - Default printer: None
2026-05-17 17:36:09,936 [screen.py:_remove_all_panels()] - Removing all panels
2026-05-17 17:36:09,980 [screen.py:_load_panel()] - Loading panel: splash_screen
2026-05-17 17:36:10,018 [screen.py:attach_panel()] - Current panel hierarchy: splash_screen
2026-05-17 17:36:10,029 [screen.py:printer_initializing()] - Initializing KlipperScreen
2026-05-17 17:36:10,081 [screen.py:printer_initializing()] - Connecting to Printer
2026-05-17 17:36:10,094 [screen.py:set_dpms_timeout()] - DPMS on :0 set to: 3600
2026-05-17 17:36:10,094 [screen.py:set_screenblanking_timeout()] - Blanking timeout: 3600
2026-05-17 17:36:14,460 [KlippyWebsocket.py:initial_connect()] - Starting connection
2026-05-17 17:36:14,460 [KlippyWebsocket.py:connect()] - Attempting to connect
2026-05-17 17:36:14,461 [KlippyWebsocket.py:connect()] - Starting websocket thread
2026-05-17 17:36:14,468 [_logging.py:info()] - Websocket connected
2026-05-17 17:36:14,469 [screen.py:websocket_connected()] - ### websocket_connected
2026-05-17 17:36:14,473 [screen.py:printer_initializing()] - Moonraker Connected
2026-05-17 17:36:14,497 [KlippyWebsocket.py:identify_client()] - Sending server.connection.identify
2026-05-17 17:36:14,530 [screen.py:printer_initializing()] - Initializing Klipper Connection
2026-05-17 17:36:14,531 [printer.py:configure_cameras()] - Cameras: []
2026-05-17 17:36:14,568 [printer.py:log_counts()] - Klipper version: v0.13.0-656-g4cc47cf5
2026-05-17 17:36:14,568 [printer.py:log_counts()] - # Extruders: 1
2026-05-17 17:36:14,568 [printer.py:log_counts()] - # Temperature devices: 1
2026-05-17 17:36:14,568 [printer.py:log_counts()] - # Fans: 1
2026-05-17 17:36:14,568 [printer.py:log_counts()] - # Output pins: 0
2026-05-17 17:36:14,569 [printer.py:log_counts()] - # PWM tools: 0
2026-05-17 17:36:14,569 [printer.py:log_counts()] - # Leds: 0
2026-05-17 17:36:14,822 [printer.py:change_state()] - Changing state from 'disconnected' to 'startup'
2026-05-17 17:36:14,822 [printer.py:change_state()] - Adding callback for state: startup
2026-05-17 17:36:14,823 [KlippyWebsocket.py:object_subscription()] - Sending printer.objects.subscribe
2026-05-17 17:36:14,824 [files.py:set_gcodes_path()] - Gcodes path: /home/voron/printer_data/gcodes
2026-05-17 17:36:14,824 [screen.py:_finish_init()] - Printer initialized
2026-05-17 17:36:14,840 [screen.py:set_dpms_timeout()] - DPMS on :0 set to: 3600
2026-05-17 17:36:14,840 [screen.py:set_screenblanking_timeout()] - Blanking timeout: 3600
2026-05-17 17:36:14,844 [screen.py:printer_initializing()] - Klipper is attempting to start
2026-05-17 17:36:14,844 [screen.py:set_server_config()] - Temperature store size: 1200
2026-05-17 17:36:14,845 [screen.py:set_tempstore()] - Moonraker tempstore not yet available
2026-05-17 17:36:14,845 [printer.py:init_temp_store()] - Temp store: ['extruder', 'heater_bed']
2026-05-20 20:32:35,169 [base_panel.py:battery_percentage()] - Battery information not available.
2026-05-20 20:33:01,267 [printer.py:change_state()] - Changing state from 'startup' to 'error'
2026-05-20 20:33:01,267 [printer.py:change_state()] - Adding callback for state: error
2026-05-20 20:33:01,290 [screen.py:set_dpms_timeout()] - DPMS on :0 set to: 3600
2026-05-20 20:33:01,290 [screen.py:set_screenblanking_timeout()] - Blanking timeout: 3600
2026-05-20 20:33:01,291 [screen.py:show_panel()] - Panel is already is in view
2026-05-20 20:33:01,300 [screen.py:printer_initializing()] - Klipper has encountered an error.
A FIRMWARE_RESTART may fix the issue.
mcu 'mcu': Unable to connect
Once the underlying issue is corrected, use the
"FIRMWARE_RESTART" command to reset the firmware, reload the
config, and restart the host software.
Error configuring printer

2026-05-20 20:36:03,917 [functions.py:log_start()] - --------------------KlipperScreen Log Start--------------------
2026-05-20 20:36:03,917 [functions.py:log_start()] - KlipperScreen Version: v0.4.7-15-g006f240
2026-05-20 20:36:03,917 [functions.py:log_start()] - Python version: 3.13
2026-05-20 20:36:04,031 [config.py:get_config_file_location()] - Passed config (-c): .
2026-05-20 20:36:04,032 [config.py:__init__()] - Config path location: /home/voron/printer_data/config/KlipperScreen.conf
2026-05-20 20:36:04,079 [config.py:log_config()] - ===== Config File =====

=======================
2026-05-20 20:36:04,081 [config.py:__init__()] - 
====== Saved ======




2026-05-20 20:36:04,081 [config.py:__init__()] - Configured printers: [
  {
    "Printer": {
      "moonraker_host": "127.0.0.1",
      "moonraker_port": "7125",
      "moonraker_path": "",
      "moonraker_ssl": null,
      "moonraker_api_key": ""
    }
  }
]
2026-05-20 20:36:04,175 [config.py:create_translations()] - Selected lang: system_lang OS lang: en_GB
2026-05-20 20:36:04,175 [config.py:install_language()] - Using lang en
2026-05-20 20:36:04,187 [screen.py:__init__()] - Display for xset: :0
2026-05-20 20:36:04,187 [screen.py:__init__()] - Screen 0: 1024x768
2026-05-20 20:36:04,188 [screen.py:__init__()] - Monitors: 1 using number: 0
2026-05-20 20:36:04,188 [screen.py:__init__()] - Wayland: False Display name: :0
2026-05-20 20:36:04,189 [screen.py:__init__()] - Screen resolution: 1024x768
2026-05-20 20:36:04,341 [KlippyGtk.py:__init__()] - Font size: 25.6 (medium)
2026-05-20 20:36:04,527 [base_panel.py:battery_percentage()] - Battery information not available.
2026-05-20 20:36:04,686 [screen.py:set_dpms_timeout()] - DPMS on :0 set to: 3600
2026-05-20 20:36:04,687 [screen.py:set_screenblanking_timeout()] - Blanking timeout: 3600
2026-05-20 20:36:04,687 [screen.py:initial_connection()] - Default printer: None
2026-05-20 20:36:04,687 [screen.py:_remove_all_panels()] - Removing all panels
2026-05-20 20:36:04,731 [screen.py:_load_panel()] - Loading panel: splash_screen
2026-05-20 20:36:04,769 [screen.py:attach_panel()] - Current panel hierarchy: splash_screen
2026-05-20 20:36:04,780 [screen.py:printer_initializing()] - Initializing KlipperScreen
2026-05-20 20:36:04,827 [screen.py:printer_initializing()] - Connecting to Printer
2026-05-20 20:36:04,839 [screen.py:set_dpms_timeout()] - DPMS on :0 set to: 3600
2026-05-20 20:36:04,840 [screen.py:set_screenblanking_timeout()] - Blanking timeout: 3600
2026-05-20 20:36:09,203 [KlippyWebsocket.py:initial_connect()] - Starting connection
2026-05-20 20:36:09,203 [KlippyWebsocket.py:connect()] - Attempting to connect
2026-05-20 20:36:09,204 [KlippyWebsocket.py:connect()] - Starting websocket thread
2026-05-20 20:36:09,211 [_logging.py:info()] - Websocket connected
2026-05-20 20:36:09,212 [screen.py:websocket_connected()] - ### websocket_connected
2026-05-20 20:36:09,216 [screen.py:printer_initializing()] - Moonraker Connected
2026-05-20 20:36:09,240 [KlippyWebsocket.py:identify_client()] - Sending server.connection.identify
2026-05-20 20:36:09,274 [screen.py:printer_initializing()] - Initializing Klipper Connection
2026-05-20 20:36:09,274 [printer.py:configure_cameras()] - Cameras: []
2026-05-20 20:36:09,311 [printer.py:log_counts()] - Klipper version: v0.13.0-656-g4cc47cf5
2026-05-20 20:36:09,311 [printer.py:log_counts()] - # Extruders: 1
2026-05-20 20:36:09,311 [printer.py:log_counts()] - # Temperature devices: 1
2026-05-20 20:36:09,312 [printer.py:log_counts()] - # Fans: 1
2026-05-20 20:36:09,312 [printer.py:log_counts()] - # Output pins: 0
2026-05-20 20:36:09,312 [printer.py:log_counts()] - # PWM tools: 0
2026-05-20 20:36:09,312 [printer.py:log_counts()] - # Leds: 0
2026-05-20 20:36:09,565 [printer.py:change_state()] - Changing state from 'disconnected' to 'startup'
2026-05-20 20:36:09,565 [printer.py:change_state()] - Adding callback for state: startup
2026-05-20 20:36:09,567 [KlippyWebsocket.py:object_subscription()] - Sending printer.objects.subscribe
2026-05-20 20:36:09,568 [files.py:set_gcodes_path()] - Gcodes path: /home/voron/printer_data/gcodes
2026-05-20 20:36:09,568 [screen.py:_finish_init()] - Printer initialized
2026-05-20 20:36:09,583 [screen.py:set_dpms_timeout()] - DPMS on :0 set to: 3600
2026-05-20 20:36:09,584 [screen.py:set_screenblanking_timeout()] - Blanking timeout: 3600
2026-05-20 20:36:09,587 [screen.py:printer_initializing()] - Klipper is attempting to start
2026-05-20 20:36:09,588 [screen.py:set_server_config()] - Temperature store size: 1200
2026-05-20 20:36:09,588 [screen.py:set_tempstore()] - Moonraker tempstore not yet available
2026-05-20 20:36:09,589 [printer.py:init_temp_store()] - Temp store: ['extruder', 'heater_bed']
2026-05-20 20:39:10,546 [base_panel.py:battery_percentage()] - Battery information not available.
2026-05-20 20:39:36,384 [printer.py:change_state()] - Changing state from 'startup' to 'error'
2026-05-20 20:39:36,384 [printer.py:change_state()] - Adding callback for state: error
2026-05-20 20:39:36,404 [screen.py:set_dpms_timeout()] - DPMS on :0 set to: 3600
2026-05-20 20:39:36,405 [screen.py:set_screenblanking_timeout()] - Blanking timeout: 3600
2026-05-20 20:39:36,405 [screen.py:show_panel()] - Panel is already is in view
2026-05-20 20:39:36,413 [screen.py:printer_initializing()] - Klipper has encountered an error.
A FIRMWARE_RESTART may fix the issue.
mcu 'mcu': Unable to connect
Once the underlying issue is corrected, use the
"FIRMWARE_RESTART" command to reset the firmware, reload the
config, and restart the host software.
Error configuring printer

2026-05-20 20:40:31,498 [functions.py:log_start()] - --------------------KlipperScreen Log Start--------------------
2026-05-20 20:40:31,499 [functions.py:log_start()] - KlipperScreen Version: v0.4.7-15-g006f240
2026-05-20 20:40:31,499 [functions.py:log_start()] - Python version: 3.13
2026-05-20 20:40:31,613 [config.py:get_config_file_location()] - Passed config (-c): .
2026-05-20 20:40:31,613 [config.py:__init__()] - Config path location: /home/voron/printer_data/config/KlipperScreen.conf
2026-05-20 20:40:31,661 [config.py:log_config()] - ===== Config File =====

=======================
2026-05-20 20:40:31,662 [config.py:__init__()] - 
====== Saved ======




2026-05-20 20:40:31,662 [config.py:__init__()] - Configured printers: [
  {
    "Printer": {
      "moonraker_host": "127.0.0.1",
      "moonraker_port": "7125",
      "moonraker_path": "",
      "moonraker_ssl": null,
      "moonraker_api_key": ""
    }
  }
]
2026-05-20 20:40:31,756 [config.py:create_translations()] - Selected lang: system_lang OS lang: en_GB
2026-05-20 20:40:31,756 [config.py:install_language()] - Using lang en
2026-05-20 20:40:31,767 [screen.py:__init__()] - Display for xset: :0
2026-05-20 20:40:31,768 [screen.py:__init__()] - Screen 0: 1024x768
2026-05-20 20:40:31,768 [screen.py:__init__()] - Monitors: 1 using number: 0
2026-05-20 20:40:31,768 [screen.py:__init__()] - Wayland: False Display name: :0
2026-05-20 20:40:31,770 [screen.py:__init__()] - Screen resolution: 1024x768
2026-05-20 20:40:31,922 [KlippyGtk.py:__init__()] - Font size: 25.6 (medium)
2026-05-20 20:40:32,107 [base_panel.py:battery_percentage()] - Battery information not available.
2026-05-20 20:40:32,267 [screen.py:set_dpms_timeout()] - DPMS on :0 set to: 3600
2026-05-20 20:40:32,267 [screen.py:set_screenblanking_timeout()] - Blanking timeout: 3600
2026-05-20 20:40:32,268 [screen.py:initial_connection()] - Default printer: None
2026-05-20 20:40:32,268 [screen.py:_remove_all_panels()] - Removing all panels
2026-05-20 20:40:32,313 [screen.py:_load_panel()] - Loading panel: splash_screen
2026-05-20 20:40:32,355 [screen.py:attach_panel()] - Current panel hierarchy: splash_screen
2026-05-20 20:40:32,367 [screen.py:printer_initializing()] - Initializing KlipperScreen
2026-05-20 20:40:32,417 [screen.py:printer_initializing()] - Connecting to Printer
2026-05-20 20:40:32,430 [screen.py:set_dpms_timeout()] - DPMS on :0 set to: 3600
2026-05-20 20:40:32,430 [screen.py:set_screenblanking_timeout()] - Blanking timeout: 3600
2026-05-20 20:40:36,808 [KlippyWebsocket.py:initial_connect()] - Starting connection
2026-05-20 20:40:36,808 [KlippyWebsocket.py:connect()] - Attempting to connect
2026-05-20 20:40:36,808 [KlippyWebsocket.py:connect()] - Starting websocket thread
2026-05-20 20:40:36,815 [_logging.py:info()] - Websocket connected
2026-05-20 20:40:36,815 [screen.py:websocket_connected()] - ### websocket_connected
2026-05-20 20:40:36,819 [screen.py:printer_initializing()] - Moonraker Connected
2026-05-20 20:40:36,843 [KlippyWebsocket.py:identify_client()] - Sending server.connection.identify
2026-05-20 20:40:36,880 [screen.py:printer_initializing()] - Initializing Klipper Connection
2026-05-20 20:40:36,881 [printer.py:configure_cameras()] - Cameras: []
2026-05-20 20:40:36,919 [printer.py:log_counts()] - Klipper version: v0.13.0-656-g4cc47cf5
2026-05-20 20:40:36,919 [printer.py:log_counts()] - # Extruders: 1
2026-05-20 20:40:36,920 [printer.py:log_counts()] - # Temperature devices: 1
2026-05-20 20:40:36,920 [printer.py:log_counts()] - # Fans: 1
2026-05-20 20:40:36,920 [printer.py:log_counts()] - # Output pins: 0
2026-05-20 20:40:36,920 [printer.py:log_counts()] - # PWM tools: 0
2026-05-20 20:40:36,920 [printer.py:log_counts()] - # Leds: 0
2026-05-20 20:40:37,171 [printer.py:change_state()] - Changing state from 'disconnected' to 'startup'
2026-05-20 20:40:37,171 [printer.py:change_state()] - Adding callback for state: startup
2026-05-20 20:40:37,173 [KlippyWebsocket.py:object_subscription()] - Sending printer.objects.subscribe
2026-05-20 20:40:37,174 [files.py:set_gcodes_path()] - Gcodes path: /home/voron/printer_data/gcodes
2026-05-20 20:40:37,174 [screen.py:_finish_init()] - Printer initialized
2026-05-20 20:40:37,188 [screen.py:set_dpms_timeout()] - DPMS on :0 set to: 3600
2026-05-20 20:40:37,188 [screen.py:set_screenblanking_timeout()] - Blanking timeout: 3600
2026-05-20 20:40:37,192 [screen.py:printer_initializing()] - Klipper is attempting to start
2026-05-20 20:40:37,193 [screen.py:set_server_config()] - Temperature store size: 1200
2026-05-20 20:40:37,193 [screen.py:set_tempstore()] - Moonraker tempstore not yet available
2026-05-20 20:40:37,193 [printer.py:init_temp_store()] - Temp store: ['extruder', 'heater_bed']
2026-05-20 20:45:43,527 [base_panel.py:battery_percentage()] - Battery information not available.
2026-05-20 20:46:09,599 [printer.py:change_state()] - Changing state from 'startup' to 'error'
2026-05-20 20:46:09,600 [printer.py:change_state()] - Adding callback for state: error
2026-05-20 20:46:09,623 [screen.py:set_dpms_timeout()] - DPMS on :0 set to: 3600
2026-05-20 20:46:09,624 [screen.py:set_screenblanking_timeout()] - Blanking timeout: 3600
2026-05-20 20:46:09,624 [screen.py:show_panel()] - Panel is already is in view
2026-05-20 20:46:09,633 [screen.py:printer_initializing()] - Klipper has encountered an error.
A FIRMWARE_RESTART may fix the issue.
mcu 'mcu': Unable to connect
Once the underlying issue is corrected, use the
"FIRMWARE_RESTART" command to reset the firmware, reload the
config, and restart the host software.
Error configuring printer

2026-05-20 20:48:16,065 [printer.py:change_state()] - Changing state from 'error' to 'disconnected'
2026-05-20 20:48:16,066 [printer.py:change_state()] - Adding callback for state: disconnected
2026-05-20 20:48:16,088 [screen.py:set_dpms_timeout()] - DPMS on :0 set to: 3600
2026-05-20 20:48:16,088 [screen.py:set_screenblanking_timeout()] - Blanking timeout: 3600
2026-05-20 20:48:16,089 [screen.py:state_disconnected()] - ### Going to disconnected
2026-05-20 20:48:16,089 [screen.py:show_panel()] - Panel is already is in view
2026-05-20 20:48:16,096 [screen.py:printer_initializing()] - Klipper has disconnected
2026-05-20 20:48:20,531 [screen.py:printer_initializing()] - Initializing Klipper Connection
2026-05-20 20:48:20,583 [printer.py:log_counts()] - Klipper version: v0.13.0-656-g4cc47cf5
2026-05-20 20:48:20,583 [printer.py:log_counts()] - # Extruders: 1
2026-05-20 20:48:20,583 [printer.py:log_counts()] - # Temperature devices: 1
2026-05-20 20:48:20,583 [printer.py:log_counts()] - # Fans: 1
2026-05-20 20:48:20,583 [printer.py:log_counts()] - # Output pins: 0
2026-05-20 20:48:20,583 [printer.py:log_counts()] - # PWM tools: 0
2026-05-20 20:48:20,583 [printer.py:log_counts()] - # Leds: 0
2026-05-20 20:48:20,835 [printer.py:change_state()] - Changing state from 'disconnected' to 'startup'
2026-05-20 20:48:20,835 [printer.py:change_state()] - Adding callback for state: startup
2026-05-20 20:48:20,836 [KlippyWebsocket.py:object_subscription()] - Sending printer.objects.subscribe
2026-05-20 20:48:20,837 [files.py:set_gcodes_path()] - Gcodes path: /home/voron/printer_data/gcodes
2026-05-20 20:48:20,838 [screen.py:_finish_init()] - Printer initialized
2026-05-20 20:48:20,855 [screen.py:set_dpms_timeout()] - DPMS on :0 set to: 3600
2026-05-20 20:48:20,855 [screen.py:set_screenblanking_timeout()] - Blanking timeout: 3600
2026-05-20 20:48:20,859 [screen.py:printer_initializing()] - Klipper is attempting to start
2026-05-20 20:48:20,860 [screen.py:set_server_config()] - Temperature store size: 1200
2026-05-20 20:48:20,860 [screen.py:set_tempstore()] - Moonraker tempstore not yet available
2026-05-20 20:48:20,860 [printer.py:init_temp_store()] - Temp store: ['extruder', 'heater_bed']
2026-05-20 20:49:47,568 [printer.py:change_state()] - Changing state from 'startup' to 'error'
2026-05-20 20:49:47,569 [printer.py:change_state()] - Adding callback for state: error
2026-05-20 20:49:47,592 [screen.py:set_dpms_timeout()] - DPMS on :0 set to: 3600
2026-05-20 20:49:47,592 [screen.py:set_screenblanking_timeout()] - Blanking timeout: 3600
2026-05-20 20:49:47,592 [screen.py:show_panel()] - Panel is already is in view
2026-05-20 20:49:47,601 [screen.py:printer_initializing()] - Klipper has encountered an error.
A FIRMWARE_RESTART may fix the issue.
mcu 'mcu': Unable to connect
Once the underlying issue is corrected, use the
"FIRMWARE_RESTART" command to reset the firmware, reload the
config, and restart the host software.
Error configuring printer

2026-05-20 20:50:33,938 [functions.py:log_start()] - --------------------KlipperScreen Log Start--------------------
2026-05-20 20:50:33,938 [functions.py:log_start()] - KlipperScreen Version: v0.4.7-15-g006f240
2026-05-20 20:50:33,938 [functions.py:log_start()] - Python version: 3.13
2026-05-20 20:50:34,052 [config.py:get_config_file_location()] - Passed config (-c): .
2026-05-20 20:50:34,052 [config.py:__init__()] - Config path location: /home/voron/printer_data/config/KlipperScreen.conf
2026-05-20 20:50:34,100 [config.py:log_config()] - ===== Config File =====

=======================
2026-05-20 20:50:34,101 [config.py:__init__()] - 
====== Saved ======




2026-05-20 20:50:34,102 [config.py:__init__()] - Configured printers: [
  {
    "Printer": {
      "moonraker_host": "127.0.0.1",
      "moonraker_port": "7125",
      "moonraker_path": "",
      "moonraker_ssl": null,
      "moonraker_api_key": ""
    }
  }
]
2026-05-20 20:50:34,197 [config.py:create_translations()] - Selected lang: system_lang OS lang: en_GB
2026-05-20 20:50:34,197 [config.py:install_language()] - Using lang en
2026-05-20 20:50:34,211 [screen.py:__init__()] - Display for xset: :0
2026-05-20 20:50:34,212 [screen.py:__init__()] - Screen 0: 1024x768
2026-05-20 20:50:34,212 [screen.py:__init__()] - Monitors: 1 using number: 0
2026-05-20 20:50:34,212 [screen.py:__init__()] - Wayland: False Display name: :0
2026-05-20 20:50:34,214 [screen.py:__init__()] - Screen resolution: 1024x768
2026-05-20 20:50:34,370 [KlippyGtk.py:__init__()] - Font size: 25.6 (medium)
2026-05-20 20:50:34,556 [base_panel.py:battery_percentage()] - Battery information not available.
2026-05-20 20:50:34,727 [screen.py:set_dpms_timeout()] - DPMS on :0 set to: 3600
2026-05-20 20:50:34,728 [screen.py:set_screenblanking_timeout()] - Blanking timeout: 3600
2026-05-20 20:50:34,728 [screen.py:initial_connection()] - Default printer: None
2026-05-20 20:50:34,728 [screen.py:_remove_all_panels()] - Removing all panels
2026-05-20 20:50:34,777 [screen.py:_load_panel()] - Loading panel: splash_screen
2026-05-20 20:50:34,826 [screen.py:attach_panel()] - Current panel hierarchy: splash_screen
2026-05-20 20:50:34,846 [screen.py:printer_initializing()] - Initializing KlipperScreen
2026-05-20 20:50:34,916 [screen.py:printer_initializing()] - Connecting to Printer
2026-05-20 20:50:34,936 [screen.py:set_dpms_timeout()] - DPMS on :0 set to: 3600
2026-05-20 20:50:34,936 [screen.py:set_screenblanking_timeout()] - Blanking timeout: 3600
2026-05-20 20:50:39,191 [KlippyWebsocket.py:initial_connect()] - Starting connection
2026-05-20 20:50:39,191 [KlippyWebsocket.py:connect()] - Attempting to connect
2026-05-20 20:50:39,191 [KlippyWebsocket.py:connect()] - Starting websocket thread
2026-05-20 20:50:39,199 [_logging.py:info()] - Websocket connected
2026-05-20 20:50:39,200 [screen.py:websocket_connected()] - ### websocket_connected
2026-05-20 20:50:39,204 [screen.py:printer_initializing()] - Moonraker Connected
2026-05-20 20:50:39,227 [KlippyWebsocket.py:identify_client()] - Sending server.connection.identify
2026-05-20 20:50:39,261 [screen.py:printer_initializing()] - Initializing Klipper Connection
2026-05-20 20:50:39,262 [printer.py:configure_cameras()] - Cameras: []
2026-05-20 20:50:39,299 [printer.py:log_counts()] - Klipper version: v0.13.0-656-g4cc47cf5
2026-05-20 20:50:39,300 [printer.py:log_counts()] - # Extruders: 1
2026-05-20 20:50:39,300 [printer.py:log_counts()] - # Temperature devices: 1
2026-05-20 20:50:39,300 [printer.py:log_counts()] - # Fans: 1
2026-05-20 20:50:39,300 [printer.py:log_counts()] - # Output pins: 0
2026-05-20 20:50:39,300 [printer.py:log_counts()] - # PWM tools: 0
2026-05-20 20:50:39,300 [printer.py:log_counts()] - # Leds: 0
2026-05-20 20:50:39,555 [printer.py:change_state()] - Changing state from 'disconnected' to 'startup'
2026-05-20 20:50:39,555 [printer.py:change_state()] - Adding callback for state: startup
2026-05-20 20:50:39,557 [KlippyWebsocket.py:object_subscription()] - Sending printer.objects.subscribe
2026-05-20 20:50:39,559 [files.py:set_gcodes_path()] - Gcodes path: /home/voron/printer_data/gcodes
2026-05-20 20:50:39,559 [screen.py:_finish_init()] - Printer initialized
2026-05-20 20:50:39,579 [screen.py:set_dpms_timeout()] - DPMS on :0 set to: 3600
2026-05-20 20:50:39,579 [screen.py:set_screenblanking_timeout()] - Blanking timeout: 3600
2026-05-20 20:50:39,584 [screen.py:printer_initializing()] - Klipper is attempting to start
2026-05-20 20:50:39,585 [screen.py:set_server_config()] - Temperature store size: 1200
2026-05-20 20:50:39,585 [screen.py:set_tempstore()] - Moonraker tempstore not yet available
2026-05-20 20:50:39,586 [printer.py:init_temp_store()] - Temp store: ['extruder', 'heater_bed']
2026-05-20 20:51:49,185 [base_panel.py:battery_percentage()] - Battery information not available.
2026-05-20 20:52:14,997 [printer.py:change_state()] - Changing state from 'startup' to 'error'
2026-05-20 20:52:14,997 [printer.py:change_state()] - Adding callback for state: error
2026-05-20 20:52:15,015 [screen.py:set_dpms_timeout()] - DPMS on :0 set to: 3600
2026-05-20 20:52:15,015 [screen.py:set_screenblanking_timeout()] - Blanking timeout: 3600
2026-05-20 20:52:15,016 [screen.py:show_panel()] - Panel is already is in view
2026-05-20 20:52:15,023 [screen.py:printer_initializing()] - Klipper has encountered an error.
A FIRMWARE_RESTART may fix the issue.
mcu 'mcu': Unable to connect
Once the underlying issue is corrected, use the
"FIRMWARE_RESTART" command to reset the firmware, reload the
config, and restart the host software.
Error configuring printer

2026-05-20 20:56:35,295 [printer.py:change_state()] - Changing state from 'error' to 'disconnected'
2026-05-20 20:56:35,295 [printer.py:change_state()] - Adding callback for state: disconnected
2026-05-20 20:56:35,318 [screen.py:set_dpms_timeout()] - DPMS on :0 set to: 3600
2026-05-20 20:56:35,318 [screen.py:set_screenblanking_timeout()] - Blanking timeout: 3600
2026-05-20 20:56:35,319 [screen.py:state_disconnected()] - ### Going to disconnected
2026-05-20 20:56:35,319 [screen.py:show_panel()] - Panel is already is in view
2026-05-20 20:56:35,329 [screen.py:printer_initializing()] - Klipper has disconnected
2026-05-20 20:56:39,189 [screen.py:printer_initializing()] - Initializing Klipper Connection
2026-05-20 20:56:39,241 [printer.py:log_counts()] - Klipper version: v0.13.0-656-g4cc47cf5
2026-05-20 20:56:39,241 [printer.py:log_counts()] - # Extruders: 1
2026-05-20 20:56:39,241 [printer.py:log_counts()] - # Temperature devices: 1
2026-05-20 20:56:39,241 [printer.py:log_counts()] - # Fans: 1
2026-05-20 20:56:39,241 [printer.py:log_counts()] - # Output pins: 0
2026-05-20 20:56:39,241 [printer.py:log_counts()] - # PWM tools: 0
2026-05-20 20:56:39,241 [printer.py:log_counts()] - # Leds: 0
2026-05-20 20:56:39,494 [printer.py:change_state()] - Changing state from 'disconnected' to 'startup'
2026-05-20 20:56:39,494 [printer.py:change_state()] - Adding callback for state: startup
2026-05-20 20:56:39,496 [KlippyWebsocket.py:object_subscription()] - Sending printer.objects.subscribe
2026-05-20 20:56:39,497 [files.py:set_gcodes_path()] - Gcodes path: /home/voron/printer_data/gcodes
2026-05-20 20:56:39,497 [screen.py:_finish_init()] - Printer initialized
2026-05-20 20:56:39,512 [screen.py:set_dpms_timeout()] - DPMS on :0 set to: 3600
2026-05-20 20:56:39,512 [screen.py:set_screenblanking_timeout()] - Blanking timeout: 3600
2026-05-20 20:56:39,516 [screen.py:printer_initializing()] - Klipper is attempting to start
2026-05-20 20:56:39,517 [screen.py:set_server_config()] - Temperature store size: 1200
2026-05-20 20:56:39,517 [screen.py:set_tempstore()] - Moonraker tempstore not yet available
2026-05-20 20:56:39,517 [printer.py:init_temp_store()] - Temp store: ['extruder', 'heater_bed']
2026-05-20 20:58:06,706 [printer.py:change_state()] - Changing state from 'startup' to 'error'
2026-05-20 20:58:06,706 [printer.py:change_state()] - Adding callback for state: error
2026-05-20 20:58:06,727 [screen.py:set_dpms_timeout()] - DPMS on :0 set to: 3600
2026-05-20 20:58:06,727 [screen.py:set_screenblanking_timeout()] - Blanking timeout: 3600
2026-05-20 20:58:06,728 [screen.py:show_panel()] - Panel is already is in view
2026-05-20 20:58:06,736 [screen.py:printer_initializing()] - Klipper has encountered an error.
A FIRMWARE_RESTART may fix the issue.
mcu 'mcu': Unable to connect
Once the underlying issue is corrected, use the
"FIRMWARE_RESTART" command to reset the firmware, reload the
config, and restart the host software.
Error configuring printer

2026-05-20 21:20:06,440 [functions.py:log_start()] - --------------------KlipperScreen Log Start--------------------
2026-05-20 21:20:06,440 [functions.py:log_start()] - KlipperScreen Version: v0.4.7-15-g006f240
2026-05-20 21:20:06,440 [functions.py:log_start()] - Python version: 3.13
2026-05-20 21:20:06,554 [config.py:get_config_file_location()] - Passed config (-c): .
2026-05-20 21:20:06,554 [config.py:__init__()] - Config path location: /home/voron/printer_data/config/KlipperScreen.conf
2026-05-20 21:20:06,602 [config.py:log_config()] - ===== Config File =====

=======================
2026-05-20 21:20:06,603 [config.py:__init__()] - 
====== Saved ======




2026-05-20 21:20:06,604 [config.py:__init__()] - Configured printers: [
  {
    "Printer": {
      "moonraker_host": "127.0.0.1",
      "moonraker_port": "7125",
      "moonraker_path": "",
      "moonraker_ssl": null,
      "moonraker_api_key": ""
    }
  }
]
2026-05-20 21:20:06,699 [config.py:create_translations()] - Selected lang: system_lang OS lang: en_GB
2026-05-20 21:20:06,699 [config.py:install_language()] - Using lang en
2026-05-20 21:20:06,710 [screen.py:__init__()] - Display for xset: :0
2026-05-20 21:20:06,711 [screen.py:__init__()] - Screen 0: 1024x768
2026-05-20 21:20:06,711 [screen.py:__init__()] - Monitors: 1 using number: 0
2026-05-20 21:20:06,711 [screen.py:__init__()] - Wayland: False Display name: :0
2026-05-20 21:20:06,713 [screen.py:__init__()] - Screen resolution: 1024x768
2026-05-20 21:20:06,865 [KlippyGtk.py:__init__()] - Font size: 25.6 (medium)
2026-05-20 21:20:07,051 [base_panel.py:battery_percentage()] - Battery information not available.
2026-05-20 21:20:07,212 [screen.py:set_dpms_timeout()] - DPMS on :0 set to: 3600
2026-05-20 21:20:07,212 [screen.py:set_screenblanking_timeout()] - Blanking timeout: 3600
2026-05-20 21:20:07,213 [screen.py:initial_connection()] - Default printer: None
2026-05-20 21:20:07,213 [screen.py:_remove_all_panels()] - Removing all panels
2026-05-20 21:20:07,264 [screen.py:_load_panel()] - Loading panel: splash_screen
2026-05-20 21:20:07,310 [screen.py:attach_panel()] - Current panel hierarchy: splash_screen
2026-05-20 21:20:07,322 [screen.py:printer_initializing()] - Initializing KlipperScreen
2026-05-20 21:20:07,372 [screen.py:printer_initializing()] - Connecting to Printer
2026-05-20 21:20:07,384 [screen.py:set_dpms_timeout()] - DPMS on :0 set to: 3600
2026-05-20 21:20:07,384 [screen.py:set_screenblanking_timeout()] - Blanking timeout: 3600
2026-05-20 21:20:11,724 [KlippyWebsocket.py:initial_connect()] - Starting connection
2026-05-20 21:20:11,724 [KlippyWebsocket.py:connect()] - Attempting to connect
2026-05-20 21:20:11,724 [KlippyWebsocket.py:connect()] - Starting websocket thread
2026-05-20 21:20:11,734 [_logging.py:info()] - Websocket connected
2026-05-20 21:20:11,735 [screen.py:websocket_connected()] - ### websocket_connected
2026-05-20 21:20:11,739 [screen.py:printer_initializing()] - Moonraker Connected
2026-05-20 21:20:11,762 [KlippyWebsocket.py:identify_client()] - Sending server.connection.identify
2026-05-20 21:20:11,796 [screen.py:printer_initializing()] - Initializing Klipper Connection
2026-05-20 21:20:11,797 [printer.py:configure_cameras()] - Cameras: []
2026-05-20 21:20:11,834 [printer.py:log_counts()] - Klipper version: v0.13.0-656-g4cc47cf5
2026-05-20 21:20:11,834 [printer.py:log_counts()] - # Extruders: 1
2026-05-20 21:20:11,834 [printer.py:log_counts()] - # Temperature devices: 1
2026-05-20 21:20:11,834 [printer.py:log_counts()] - # Fans: 1
2026-05-20 21:20:11,834 [printer.py:log_counts()] - # Output pins: 0
2026-05-20 21:20:11,834 [printer.py:log_counts()] - # PWM tools: 0
2026-05-20 21:20:11,834 [printer.py:log_counts()] - # Leds: 0
2026-05-20 21:20:12,087 [printer.py:change_state()] - Changing state from 'disconnected' to 'startup'
2026-05-20 21:20:12,087 [printer.py:change_state()] - Adding callback for state: startup
2026-05-20 21:20:12,089 [KlippyWebsocket.py:object_subscription()] - Sending printer.objects.subscribe
2026-05-20 21:20:12,090 [files.py:set_gcodes_path()] - Gcodes path: /home/voron/printer_data/gcodes
2026-05-20 21:20:12,090 [screen.py:_finish_init()] - Printer initialized
2026-05-20 21:20:12,108 [screen.py:set_dpms_timeout()] - DPMS on :0 set to: 3600
2026-05-20 21:20:12,108 [screen.py:set_screenblanking_timeout()] - Blanking timeout: 3600
2026-05-20 21:20:12,119 [screen.py:printer_initializing()] - Klipper is attempting to start
2026-05-20 21:20:12,120 [screen.py:set_server_config()] - Temperature store size: 1200
2026-05-20 21:20:12,120 [screen.py:set_tempstore()] - Moonraker tempstore not yet available
2026-05-20 21:20:12,120 [printer.py:init_temp_store()] - Temp store: ['extruder', 'heater_bed']
2026-05-20 21:40:56,189 [base_panel.py:battery_percentage()] - Battery information not available.
2026-05-20 21:41:22,036 [printer.py:change_state()] - Changing state from 'startup' to 'error'
2026-05-20 21:41:22,036 [printer.py:change_state()] - Adding callback for state: error
2026-05-20 21:41:22,054 [screen.py:set_dpms_timeout()] - DPMS on :0 set to: 3600
2026-05-20 21:41:22,054 [screen.py:set_screenblanking_timeout()] - Blanking timeout: 3600
2026-05-20 21:41:22,055 [screen.py:show_panel()] - Panel is already is in view
2026-05-20 21:41:22,062 [screen.py:printer_initializing()] - Klipper has encountered an error.
A FIRMWARE_RESTART may fix the issue.
mcu 'mcu': Unable to connect
Once the underlying issue is corrected, use the
"FIRMWARE_RESTART" command to reset the firmware, reload the
config, and restart the host software.
Error configuring printer

2026-05-20 21:43:12,742 [printer.py:change_state()] - Changing state from 'error' to 'disconnected'
2026-05-20 21:43:12,742 [printer.py:change_state()] - Adding callback for state: disconnected
2026-05-20 21:43:12,754 [screen.py:set_dpms_timeout()] - DPMS on :0 set to: 3600
2026-05-20 21:43:12,754 [screen.py:set_screenblanking_timeout()] - Blanking timeout: 3600
2026-05-20 21:43:12,754 [screen.py:state_disconnected()] - ### Going to disconnected
2026-05-20 21:43:12,755 [screen.py:show_panel()] - Panel is already is in view
2026-05-20 21:43:12,760 [screen.py:printer_initializing()] - Klipper has disconnected
2026-05-20 21:43:17,200 [screen.py:printer_initializing()] - Initializing Klipper Connection
2026-05-20 21:43:17,307 [printer.py:log_counts()] - Klipper version: v0.13.0-656-g4cc47cf5
2026-05-20 21:43:17,307 [printer.py:log_counts()] - # Extruders: 1
2026-05-20 21:43:17,307 [printer.py:log_counts()] - # Temperature devices: 1
2026-05-20 21:43:17,307 [printer.py:log_counts()] - # Fans: 1
2026-05-20 21:43:17,307 [printer.py:log_counts()] - # Output pins: 0
2026-05-20 21:43:17,307 [printer.py:log_counts()] - # PWM tools: 0
2026-05-20 21:43:17,307 [printer.py:log_counts()] - # Leds: 0
2026-05-20 21:43:17,570 [printer.py:change_state()] - Changing state from 'disconnected' to 'startup'
2026-05-20 21:43:17,570 [printer.py:change_state()] - Adding callback for state: startup
2026-05-20 21:43:17,572 [KlippyWebsocket.py:object_subscription()] - Sending printer.objects.subscribe
2026-05-20 21:43:17,574 [files.py:set_gcodes_path()] - Gcodes path: /home/voron/printer_data/gcodes
2026-05-20 21:43:17,574 [screen.py:_finish_init()] - Printer initialized
2026-05-20 21:43:17,607 [screen.py:set_dpms_timeout()] - DPMS on :0 set to: 3600
2026-05-20 21:43:17,607 [screen.py:set_screenblanking_timeout()] - Blanking timeout: 3600
2026-05-20 21:43:17,617 [screen.py:printer_initializing()] - Klipper is attempting to start
2026-05-20 21:43:17,618 [screen.py:set_server_config()] - Temperature store size: 1200
2026-05-20 21:43:17,618 [screen.py:set_tempstore()] - Moonraker tempstore not yet available
2026-05-20 21:43:17,619 [printer.py:init_temp_store()] - Temp store: ['extruder', 'heater_bed']
2026-05-20 21:44:17,991 [printer.py:change_state()] - Changing state from 'startup' to 'disconnected'
2026-05-20 21:44:17,991 [printer.py:change_state()] - Adding callback for state: disconnected
2026-05-20 21:44:18,014 [screen.py:set_dpms_timeout()] - DPMS on :0 set to: 3600
2026-05-20 21:44:18,014 [screen.py:set_screenblanking_timeout()] - Blanking timeout: 3600
2026-05-20 21:44:18,014 [screen.py:state_disconnected()] - ### Going to disconnected
2026-05-20 21:44:18,014 [screen.py:show_panel()] - Panel is already is in view
2026-05-20 21:44:18,019 [screen.py:printer_initializing()] - Klipper has disconnected
2026-05-20 21:44:22,193 [screen.py:printer_initializing()] - Initializing Klipper Connection
2026-05-20 21:44:22,228 [screen.py:printer_initializing()] - Unable to get printer info from moonraker
2026-05-20 21:44:26,193 [screen.py:printer_initializing()] - Initializing Klipper Connection
2026-05-20 21:44:26,271 [printer.py:log_counts()] - Klipper version: v0.13.0-656-g4cc47cf5
2026-05-20 21:44:26,271 [printer.py:log_counts()] - # Extruders: 1
2026-05-20 21:44:26,271 [printer.py:log_counts()] - # Temperature devices: 1
2026-05-20 21:44:26,271 [printer.py:log_counts()] - # Fans: 1
2026-05-20 21:44:26,271 [printer.py:log_counts()] - # Output pins: 0
2026-05-20 21:44:26,271 [printer.py:log_counts()] - # PWM tools: 0
2026-05-20 21:44:26,272 [printer.py:log_counts()] - # Leds: 0
2026-05-20 21:44:26,525 [printer.py:change_state()] - Changing state from 'disconnected' to 'startup'
2026-05-20 21:44:26,525 [printer.py:change_state()] - Adding callback for state: startup
2026-05-20 21:44:26,526 [KlippyWebsocket.py:object_subscription()] - Sending printer.objects.subscribe
2026-05-20 21:44:26,528 [files.py:set_gcodes_path()] - Gcodes path: /home/voron/printer_data/gcodes
2026-05-20 21:44:26,528 [screen.py:_finish_init()] - Printer initialized
2026-05-20 21:44:26,551 [screen.py:set_dpms_timeout()] - DPMS on :0 set to: 3600
2026-05-20 21:44:26,551 [screen.py:set_screenblanking_timeout()] - Blanking timeout: 3600
2026-05-20 21:44:26,559 [screen.py:printer_initializing()] - Klipper is attempting to start
2026-05-20 21:44:26,560 [screen.py:set_server_config()] - Temperature store size: 1200
2026-05-20 21:44:26,561 [screen.py:set_tempstore()] - Moonraker tempstore not yet available
2026-05-20 21:44:26,561 [printer.py:init_temp_store()] - Temp store: ['extruder', 'heater_bed']
2026-05-20 21:44:27,511 [printer.py:change_state()] - Changing state from 'startup' to 'ready'
2026-05-20 21:44:27,511 [printer.py:change_state()] - Adding callback for state: ready
2026-05-20 21:44:27,524 [screen.py:set_dpms_timeout()] - DPMS on :0 set to: 3600
2026-05-20 21:44:27,524 [screen.py:set_screenblanking_timeout()] - Blanking timeout: 3600
2026-05-20 21:44:27,524 [KlippyWebsocket.py:get_file_list()] - Sending server.files.list
2026-05-20 21:44:27,525 [screen.py:_remove_all_panels()] - Removing all panels
2026-05-20 21:44:27,568 [screen.py:_load_panel()] - Loading panel: main_menu
2026-05-20 21:44:27,646 [main_menu.py:__init__()] - ### Making MainMenu
2026-05-20 21:44:27,652 [main_menu.py:add_device()] - Adding device: extruder
2026-05-20 21:44:27,658 [main_menu.py:add_device()] - Adding device: heater_bed
2026-05-20 21:44:27,676 [menu.py:arrangeMenuItems()] - X > gcodes
2026-05-20 21:44:27,681 [screen.py:attach_panel()] - Current panel hierarchy: main_menu
2026-05-20 21:48:26,998 [KlippyGtk.py:Dialog()] - Showing dialog Updating (width=1024, height=768)
2026-05-20 21:49:01,056 [printer.py:change_state()] - Changing state from 'ready' to 'disconnected'
2026-05-20 21:49:01,057 [printer.py:change_state()] - Adding callback for state: disconnected
2026-05-20 21:49:01,107 [screen.py:set_dpms_timeout()] - DPMS on :0 set to: 3600
2026-05-20 21:49:01,107 [screen.py:set_screenblanking_timeout()] - Blanking timeout: 3600
2026-05-20 21:49:01,107 [screen.py:state_disconnected()] - ### Going to disconnected
2026-05-20 21:49:01,107 [screen.py:_remove_all_panels()] - Removing all panels
2026-05-20 21:49:01,158 [screen.py:show_panel()] - Reinitializing panel splash_screen
2026-05-20 21:49:01,182 [screen.py:attach_panel()] - Current panel hierarchy: splash_screen
2026-05-20 21:49:01,193 [screen.py:printer_initializing()] - Klipper has disconnected
2026-05-20 21:49:02,093 [base_panel.py:process_update()] - Update complete
2026-05-20 21:49:03,369 [screen.py:printer_initializing()] - Initializing Klipper Connection
2026-05-20 21:49:03,649 [printer.py:log_counts()] - Klipper version: v0.13.0-660-g616242d4
2026-05-20 21:49:03,649 [printer.py:log_counts()] - # Extruders: 1
2026-05-20 21:49:03,649 [printer.py:log_counts()] - # Temperature devices: 1
2026-05-20 21:49:03,649 [printer.py:log_counts()] - # Fans: 1
2026-05-20 21:49:03,649 [printer.py:log_counts()] - # Output pins: 0
2026-05-20 21:49:03,649 [printer.py:log_counts()] - # PWM tools: 0
2026-05-20 21:49:03,650 [printer.py:log_counts()] - # Leds: 0
2026-05-20 21:49:03,915 [printer.py:change_state()] - Changing state from 'disconnected' to 'ready'
2026-05-20 21:49:03,915 [printer.py:change_state()] - Adding callback for state: ready
2026-05-20 21:49:03,917 [KlippyWebsocket.py:object_subscription()] - Sending printer.objects.subscribe
2026-05-20 21:49:03,919 [files.py:set_gcodes_path()] - Gcodes path: /home/voron/printer_data/gcodes
2026-05-20 21:49:03,920 [screen.py:_finish_init()] - Printer initialized
2026-05-20 21:49:03,943 [screen.py:set_dpms_timeout()] - DPMS on :0 set to: 3600
2026-05-20 21:49:03,943 [screen.py:set_screenblanking_timeout()] - Blanking timeout: 3600
2026-05-20 21:49:03,944 [KlippyWebsocket.py:get_file_list()] - Sending server.files.list
2026-05-20 21:49:03,945 [screen.py:_remove_all_panels()] - Removing all panels
2026-05-20 21:49:03,989 [screen.py:show_panel()] - Reinitializing panel main_menu
2026-05-20 21:49:04,040 [main_menu.py:__init__()] - ### Making MainMenu
2026-05-20 21:49:04,046 [main_menu.py:add_device()] - Adding device: extruder
2026-05-20 21:49:04,049 [main_menu.py:add_device()] - Adding device: heater_bed
2026-05-20 21:49:04,063 [menu.py:arrangeMenuItems()] - X > gcodes
2026-05-20 21:49:04,069 [screen.py:attach_panel()] - Current panel hierarchy: main_menu
2026-05-20 21:49:04,082 [screen.py:set_server_config()] - Temperature store size: 1200
2026-05-20 21:49:04,090 [printer.py:init_temp_store()] - Temp store: ['heater_bed', 'extruder']
2026-05-20 21:49:05,190 [screen.py:printer_initializing()] - Initializing Klipper Connection
2026-05-20 21:49:05,377 [printer.py:log_counts()] - Klipper version: v0.13.0-660-g616242d4
2026-05-20 21:49:05,377 [printer.py:log_counts()] - # Extruders: 1
2026-05-20 21:49:05,377 [printer.py:log_counts()] - # Temperature devices: 1
2026-05-20 21:49:05,377 [printer.py:log_counts()] - # Fans: 1
2026-05-20 21:49:05,377 [printer.py:log_counts()] - # Output pins: 0
2026-05-20 21:49:05,377 [printer.py:log_counts()] - # PWM tools: 0
2026-05-20 21:49:05,377 [printer.py:log_counts()] - # Leds: 0
2026-05-20 21:49:05,633 [KlippyWebsocket.py:object_subscription()] - Sending printer.objects.subscribe
2026-05-20 21:49:05,634 [files.py:set_gcodes_path()] - Gcodes path: /home/voron/printer_data/gcodes
2026-05-20 21:49:05,634 [screen.py:_finish_init()] - Printer initialized
2026-05-20 21:49:05,642 [screen.py:set_server_config()] - Temperature store size: 1200
2026-05-20 21:49:05,656 [printer.py:init_temp_store()] - Temp store: ['heater_bed', 'extruder']
                                                                                                                                                                                                                                                                                                                                                                                                                                                                                                                                                                                                                                                                                                                                                                                                                                                                                                                                                                                                                                                                                                                                                                                                                                                                                                                                                                                                                                                                         2026-05-20 21:51:08,084 [functions.py:log_start()] - --------------------KlipperScreen Log Start--------------------
2026-05-20 21:51:08,084 [functions.py:log_start()] - KlipperScreen Version: v0.4.7-15-g006f240
2026-05-20 21:51:08,084 [functions.py:log_start()] - Python version: 3.13
2026-05-20 21:51:08,199 [config.py:get_config_file_location()] - Passed config (-c): .
2026-05-20 21:51:08,199 [config.py:__init__()] - Config path location: /home/voron/printer_data/config/KlipperScreen.conf
2026-05-20 21:51:08,251 [config.py:log_config()] - ===== Config File =====

=======================
2026-05-20 21:51:08,252 [config.py:__init__()] - 
====== Saved ======




2026-05-20 21:51:08,252 [config.py:__init__()] - Configured printers: [
  {
    "Printer": {
      "moonraker_host": "127.0.0.1",
      "moonraker_port": "7125",
      "moonraker_path": "",
      "moonraker_ssl": null,
      "moonraker_api_key": ""
    }
  }
]
2026-05-20 21:51:08,350 [config.py:create_translations()] - Selected lang: system_lang OS lang: en_GB
2026-05-20 21:51:08,350 [config.py:install_language()] - Using lang en
2026-05-20 21:51:08,362 [screen.py:__init__()] - Display for xset: :0
2026-05-20 21:51:08,363 [screen.py:__init__()] - Screen 0: 1024x768
2026-05-20 21:51:08,364 [screen.py:__init__()] - Monitors: 1 using number: 0
2026-05-20 21:51:08,364 [screen.py:__init__()] - Wayland: False Display name: :0
2026-05-20 21:51:08,365 [screen.py:__init__()] - Screen resolution: 1024x768
2026-05-20 21:51:08,522 [KlippyGtk.py:__init__()] - Font size: 25.6 (medium)
2026-05-20 21:51:08,715 [base_panel.py:battery_percentage()] - Battery information not available.
2026-05-20 21:51:08,888 [screen.py:set_dpms_timeout()] - DPMS on :0 set to: 3600
2026-05-20 21:51:08,889 [screen.py:set_screenblanking_timeout()] - Blanking timeout: 3600
2026-05-20 21:51:08,889 [screen.py:initial_connection()] - Default printer: None
2026-05-20 21:51:08,889 [screen.py:_remove_all_panels()] - Removing all panels
2026-05-20 21:51:08,936 [screen.py:_load_panel()] - Loading panel: splash_screen
2026-05-20 21:51:08,979 [screen.py:attach_panel()] - Current panel hierarchy: splash_screen
2026-05-20 21:51:08,992 [screen.py:printer_initializing()] - Initializing KlipperScreen
2026-05-20 21:51:09,041 [screen.py:printer_initializing()] - Connecting to Printer
2026-05-20 21:51:09,054 [screen.py:set_dpms_timeout()] - DPMS on :0 set to: 3600
2026-05-20 21:51:09,054 [screen.py:set_screenblanking_timeout()] - Blanking timeout: 3600
2026-05-20 21:51:13,381 [KlippyWebsocket.py:initial_connect()] - Starting connection
2026-05-20 21:51:13,381 [KlippyWebsocket.py:connect()] - Attempting to connect
2026-05-20 21:51:13,381 [KlippyWebsocket.py:connect()] - Starting websocket thread
2026-05-20 21:51:13,387 [_logging.py:info()] - Websocket connected
2026-05-20 21:51:13,388 [screen.py:websocket_connected()] - ### websocket_connected
2026-05-20 21:51:13,392 [screen.py:printer_initializing()] - Moonraker Connected
2026-05-20 21:51:13,416 [KlippyWebsocket.py:identify_client()] - Sending server.connection.identify
2026-05-20 21:51:13,450 [screen.py:printer_initializing()] - Initializing Klipper Connection
2026-05-20 21:51:13,450 [printer.py:configure_cameras()] - Cameras: []
2026-05-20 21:51:13,638 [printer.py:log_counts()] - Klipper version: v0.13.0-660-g616242d4
2026-05-20 21:51:13,639 [printer.py:log_counts()] - # Extruders: 1
2026-05-20 21:51:13,639 [printer.py:log_counts()] - # Temperature devices: 1
2026-05-20 21:51:13,639 [printer.py:log_counts()] - # Fans: 1
2026-05-20 21:51:13,639 [printer.py:log_counts()] - # Output pins: 0
2026-05-20 21:51:13,639 [printer.py:log_counts()] - # PWM tools: 0
2026-05-20 21:51:13,639 [printer.py:log_counts()] - # Leds: 0
2026-05-20 21:51:13,895 [printer.py:change_state()] - Changing state from 'disconnected' to 'ready'
2026-05-20 21:51:13,895 [printer.py:change_state()] - Adding callback for state: ready
2026-05-20 21:51:13,896 [KlippyWebsocket.py:object_subscription()] - Sending printer.objects.subscribe
2026-05-20 21:51:13,897 [files.py:set_gcodes_path()] - Gcodes path: /home/voron/printer_data/gcodes
2026-05-20 21:51:13,897 [screen.py:_finish_init()] - Printer initialized
2026-05-20 21:51:13,913 [screen.py:set_dpms_timeout()] - DPMS on :0 set to: 3600
2026-05-20 21:51:13,913 [screen.py:set_screenblanking_timeout()] - Blanking timeout: 3600
2026-05-20 21:51:13,913 [KlippyWebsocket.py:get_file_list()] - Sending server.files.list
2026-05-20 21:51:13,914 [screen.py:_remove_all_panels()] - Removing all panels
2026-05-20 21:51:13,957 [screen.py:_load_panel()] - Loading panel: main_menu
2026-05-20 21:51:14,036 [main_menu.py:__init__()] - ### Making MainMenu
2026-05-20 21:51:14,042 [main_menu.py:add_device()] - Adding device: extruder
2026-05-20 21:51:14,048 [main_menu.py:add_device()] - Adding device: heater_bed
2026-05-20 21:51:14,066 [menu.py:arrangeMenuItems()] - X > gcodes
2026-05-20 21:51:14,071 [screen.py:attach_panel()] - Current panel hierarchy: main_menu
2026-05-20 21:51:14,084 [screen.py:set_server_config()] - Temperature store size: 1200
2026-05-20 21:51:14,093 [printer.py:init_temp_store()] - Temp store: ['heater_bed', 'extruder']
2026-05-20 21:52:44,659 [screen.py:show_popup_message()] - error: Must home axis first: -1.000 0.000 0.000 [0.000]
2026-05-20 21:52:53,441 [screen.py:show_popup_message()] - error: Must home axis first: 0.000 -1.000 0.000 [0.000]
2026-05-20 21:52:58,979 [screen.py:show_popup_message()] - error: Endstop stepper_x still triggered after retract
2026-05-20 21:53:11,494 [base_panel.py:battery_percentage()] - Battery information not available.
2026-05-20 21:53:13,267 [functions.py:log_start()] - --------------------KlipperScreen Log Start--------------------
2026-05-20 21:53:13,267 [functions.py:log_start()] - KlipperScreen Version: v0.4.7-15-g006f240
2026-05-20 21:53:13,267 [functions.py:log_start()] - Python version: 3.13
2026-05-20 21:53:13,381 [config.py:get_config_file_location()] - Passed config (-c): .
2026-05-20 21:53:13,381 [config.py:__init__()] - Config path location: /home/voron/printer_data/config/KlipperScreen.conf
2026-05-20 21:53:13,429 [config.py:log_config()] - ===== Config File =====

=======================
2026-05-20 21:53:13,430 [config.py:__init__()] - 
====== Saved ======




2026-05-20 21:53:13,430 [config.py:__init__()] - Configured printers: [
  {
    "Printer": {
      "moonraker_host": "127.0.0.1",
      "moonraker_port": "7125",
      "moonraker_path": "",
      "moonraker_ssl": null,
      "moonraker_api_key": ""
    }
  }
]
2026-05-20 21:53:13,527 [config.py:create_translations()] - Selected lang: system_lang OS lang: en_GB
2026-05-20 21:53:13,527 [config.py:install_language()] - Using lang en
2026-05-20 21:53:13,538 [screen.py:__init__()] - Display for xset: :0
2026-05-20 21:53:13,539 [screen.py:__init__()] - Screen 0: 1024x768
2026-05-20 21:53:13,539 [screen.py:__init__()] - Monitors: 1 using number: 0
2026-05-20 21:53:13,539 [screen.py:__init__()] - Wayland: False Display name: :0
2026-05-20 21:53:13,541 [screen.py:__init__()] - Screen resolution: 1024x768
2026-05-20 21:53:13,693 [KlippyGtk.py:__init__()] - Font size: 25.6 (medium)
2026-05-20 21:53:13,879 [base_panel.py:battery_percentage()] - Battery information not available.
2026-05-20 21:53:14,039 [screen.py:set_dpms_timeout()] - DPMS on :0 set to: 3600
2026-05-20 21:53:14,040 [screen.py:set_screenblanking_timeout()] - Blanking timeout: 3600
2026-05-20 21:53:14,040 [screen.py:initial_connection()] - Default printer: None
2026-05-20 21:53:14,040 [screen.py:_remove_all_panels()] - Removing all panels
2026-05-20 21:53:14,092 [screen.py:_load_panel()] - Loading panel: splash_screen
2026-05-20 21:53:14,136 [screen.py:attach_panel()] - Current panel hierarchy: splash_screen
2026-05-20 21:53:14,147 [screen.py:printer_initializing()] - Initializing KlipperScreen
2026-05-20 21:53:14,196 [screen.py:printer_initializing()] - Connecting to Printer
2026-05-20 21:53:14,209 [screen.py:set_dpms_timeout()] - DPMS on :0 set to: 3600
2026-05-20 21:53:14,209 [screen.py:set_screenblanking_timeout()] - Blanking timeout: 3600
2026-05-20 21:53:18,529 [KlippyWebsocket.py:initial_connect()] - Starting connection
2026-05-20 21:53:18,529 [KlippyWebsocket.py:connect()] - Attempting to connect
2026-05-20 21:53:18,529 [KlippyWebsocket.py:connect()] - Starting websocket thread
2026-05-20 21:53:18,539 [_logging.py:info()] - Websocket connected
2026-05-20 21:53:18,540 [screen.py:websocket_connected()] - ### websocket_connected
2026-05-20 21:53:18,544 [screen.py:printer_initializing()] - Moonraker Connected
2026-05-20 21:53:18,568 [KlippyWebsocket.py:identify_client()] - Sending server.connection.identify
2026-05-20 21:53:18,601 [screen.py:printer_initializing()] - Initializing Klipper Connection
2026-05-20 21:53:18,602 [printer.py:configure_cameras()] - Cameras: []
2026-05-20 21:53:18,726 [printer.py:log_counts()] - Klipper version: v0.13.0-660-g616242d4
2026-05-20 21:53:18,726 [printer.py:log_counts()] - # Extruders: 1
2026-05-20 21:53:18,726 [printer.py:log_counts()] - # Temperature devices: 1
2026-05-20 21:53:18,726 [printer.py:log_counts()] - # Fans: 1
2026-05-20 21:53:18,726 [printer.py:log_counts()] - # Output pins: 0
2026-05-20 21:53:18,726 [printer.py:log_counts()] - # PWM tools: 0
2026-05-20 21:53:18,726 [printer.py:log_counts()] - # Leds: 0
2026-05-20 21:53:18,984 [printer.py:change_state()] - Changing state from 'disconnected' to 'ready'
2026-05-20 21:53:18,984 [printer.py:change_state()] - Adding callback for state: ready
2026-05-20 21:53:18,985 [KlippyWebsocket.py:object_subscription()] - Sending printer.objects.subscribe
2026-05-20 21:53:18,988 [files.py:set_gcodes_path()] - Gcodes path: /home/voron/printer_data/gcodes
2026-05-20 21:53:18,989 [screen.py:_finish_init()] - Printer initialized
2026-05-20 21:53:19,010 [screen.py:set_dpms_timeout()] - DPMS on :0 set to: 3600
2026-05-20 21:53:19,010 [screen.py:set_screenblanking_timeout()] - Blanking timeout: 3600
2026-05-20 21:53:19,010 [KlippyWebsocket.py:get_file_list()] - Sending server.files.list
2026-05-20 21:53:19,012 [screen.py:_remove_all_panels()] - Removing all panels
2026-05-20 21:53:19,057 [screen.py:_load_panel()] - Loading panel: main_menu
2026-05-20 21:53:19,136 [main_menu.py:__init__()] - ### Making MainMenu
2026-05-20 21:53:19,141 [main_menu.py:add_device()] - Adding device: extruder
2026-05-20 21:53:19,148 [main_menu.py:add_device()] - Adding device: heater_bed
2026-05-20 21:53:19,166 [menu.py:arrangeMenuItems()] - X > gcodes
2026-05-20 21:53:19,171 [screen.py:attach_panel()] - Current panel hierarchy: main_menu
2026-05-20 21:53:19,184 [screen.py:set_server_config()] - Temperature store size: 1200
2026-05-20 21:53:19,193 [printer.py:init_temp_store()] - Temp store: ['heater_bed', 'extruder']
2026-05-20 21:53:35,797 [screen.py:show_popup_message()] - error: Must home axis first: -1.000 0.000 0.000 [0.000]
2026-05-20 21:53:37,262 [screen.py:show_popup_message()] - error: Must home axis first: 0.000 -1.000 0.000 [0.000]
2026-05-20 21:53:40,098 [screen.py:show_popup_message()] - error: Endstop stepper_x still triggered after retract
2026-05-20 21:53:16,113 [functions.py:log_start()] - --------------------KlipperScreen Log Start--------------------
2026-05-20 21:53:16,114 [functions.py:log_start()] - KlipperScreen Version: v0.4.7-15-g006f240
2026-05-20 21:53:16,114 [functions.py:log_start()] - Python version: 3.13
2026-05-20 21:53:16,227 [config.py:get_config_file_location()] - Passed config (-c): .
2026-05-20 21:53:16,228 [config.py:__init__()] - Config path location: /home/voron/printer_data/config/KlipperScreen.conf
2026-05-20 21:53:16,280 [config.py:log_config()] - ===== Config File =====

=======================
2026-05-20 21:53:16,281 [config.py:__init__()] - 
====== Saved ======




2026-05-20 21:53:16,282 [config.py:__init__()] - Configured printers: [
  {
    "Printer": {
      "moonraker_host": "127.0.0.1",
      "moonraker_port": "7125",
      "moonraker_path": "",
      "moonraker_ssl": null,
      "moonraker_api_key": ""
    }
  }
]
2026-05-20 21:53:16,381 [config.py:create_translations()] - Selected lang: system_lang OS lang: en_GB
2026-05-20 21:53:16,381 [config.py:install_language()] - Using lang en
2026-05-20 21:53:16,393 [screen.py:__init__()] - Display for xset: :0
2026-05-20 21:53:16,394 [screen.py:__init__()] - Screen 0: 1024x768
2026-05-20 21:53:16,394 [screen.py:__init__()] - Monitors: 1 using number: 0
2026-05-20 21:53:16,394 [screen.py:__init__()] - Wayland: False Display name: :0
2026-05-20 21:53:16,396 [screen.py:__init__()] - Screen resolution: 1024x768
2026-05-20 21:53:16,553 [KlippyGtk.py:__init__()] - Font size: 25.6 (medium)
2026-05-20 21:53:16,746 [base_panel.py:battery_percentage()] - Battery information not available.
2026-05-20 21:53:16,919 [screen.py:set_dpms_timeout()] - DPMS on :0 set to: 3600
2026-05-20 21:53:16,919 [screen.py:set_screenblanking_timeout()] - Blanking timeout: 3600
2026-05-20 21:53:16,919 [screen.py:initial_connection()] - Default printer: None
2026-05-20 21:53:16,919 [screen.py:_remove_all_panels()] - Removing all panels
2026-05-20 21:53:16,972 [screen.py:_load_panel()] - Loading panel: splash_screen
2026-05-20 21:53:17,021 [screen.py:attach_panel()] - Current panel hierarchy: splash_screen
2026-05-20 21:53:17,034 [screen.py:printer_initializing()] - Initializing KlipperScreen
2026-05-20 21:53:17,096 [screen.py:printer_initializing()] - Connecting to Printer
2026-05-20 21:53:17,113 [screen.py:set_dpms_timeout()] - DPMS on :0 set to: 3600
2026-05-20 21:53:17,113 [screen.py:set_screenblanking_timeout()] - Blanking timeout: 3600
2026-05-20 21:53:21,425 [KlippyWebsocket.py:initial_connect()] - Starting connection
2026-05-20 21:53:21,426 [KlippyWebsocket.py:connect()] - Attempting to connect
2026-05-20 21:53:21,426 [KlippyWebsocket.py:connect()] - Starting websocket thread
2026-05-20 21:53:21,432 [_logging.py:info()] - Websocket connected
2026-05-20 21:53:21,432 [screen.py:websocket_connected()] - ### websocket_connected
2026-05-20 21:53:21,437 [screen.py:printer_initializing()] - Moonraker Connected
2026-05-20 21:53:21,460 [KlippyWebsocket.py:identify_client()] - Sending server.connection.identify
2026-05-20 21:53:21,495 [screen.py:printer_initializing()] - Initializing Klipper Connection
2026-05-20 21:53:21,496 [printer.py:configure_cameras()] - Cameras: []
2026-05-20 21:53:21,690 [printer.py:log_counts()] - Klipper version: v0.13.0-660-g616242d4
2026-05-20 21:53:21,690 [printer.py:log_counts()] - # Extruders: 1
2026-05-20 21:53:21,690 [printer.py:log_counts()] - # Temperature devices: 1
2026-05-20 21:53:21,690 [printer.py:log_counts()] - # Fans: 1
2026-05-20 21:53:21,690 [printer.py:log_counts()] - # Output pins: 0
2026-05-20 21:53:21,691 [printer.py:log_counts()] - # PWM tools: 0
2026-05-20 21:53:21,691 [printer.py:log_counts()] - # Leds: 0
2026-05-20 21:53:21,946 [printer.py:change_state()] - Changing state from 'disconnected' to 'ready'
2026-05-20 21:53:21,946 [printer.py:change_state()] - Adding callback for state: ready
2026-05-20 21:53:21,948 [KlippyWebsocket.py:object_subscription()] - Sending printer.objects.subscribe
2026-05-20 21:53:21,949 [files.py:set_gcodes_path()] - Gcodes path: /home/voron/printer_data/gcodes
2026-05-20 21:53:21,949 [screen.py:_finish_init()] - Printer initialized
2026-05-20 21:53:21,964 [screen.py:set_dpms_timeout()] - DPMS on :0 set to: 3600
2026-05-20 21:53:21,965 [screen.py:set_screenblanking_timeout()] - Blanking timeout: 3600
2026-05-20 21:53:21,965 [KlippyWebsocket.py:get_file_list()] - Sending server.files.list
2026-05-20 21:53:21,966 [screen.py:_remove_all_panels()] - Removing all panels
2026-05-20 21:53:22,008 [screen.py:_load_panel()] - Loading panel: main_menu
2026-05-20 21:53:22,087 [main_menu.py:__init__()] - ### Making MainMenu
2026-05-20 21:53:22,093 [main_menu.py:add_device()] - Adding device: extruder
2026-05-20 21:53:22,099 [main_menu.py:add_device()] - Adding device: heater_bed
2026-05-20 21:53:22,117 [menu.py:arrangeMenuItems()] - X > gcodes
2026-05-20 21:53:22,122 [screen.py:attach_panel()] - Current panel hierarchy: main_menu
2026-05-20 21:53:22,136 [screen.py:set_server_config()] - Temperature store size: 1200
2026-05-20 21:53:22,144 [printer.py:init_temp_store()] - Temp store: ['heater_bed', 'extruder']
2026-05-20 21:53:25,679 [screen.py:show_popup_message()] - error: Must home axis first: -1.000 0.000 0.000 [0.000]
2026-05-20 21:53:35,681 [screen.py:show_popup_message()] - error: No trigger on stepper_x after full movement
2026-05-20 22:13:25,487 [screen.py:show_popup_message()] - error: Endstop stepper_x still triggered after retract
2026-05-20 22:13:46,343 [screen.py:show_popup_message()] - error: Endstop stepper_x still triggered after retract
2026-05-20 22:13:46,595 [base_panel.py:battery_percentage()] - Battery information not available.
2026-05-20 22:14:00,245 [screen.py:show_popup_message()] - error: Endstop stepper_x still triggered after retract
2026-05-20 22:14:15,803 [screen.py:show_popup_message()] - error: Must home axis first: 0.000 -1.000 0.000 [0.000]
2026-05-20 22:14:17,480 [screen.py:show_popup_message()] - error: Must home axis first: 0.000 0.000 -0.100 [0.000]
2026-05-20 22:14:03,034 [functions.py:log_start()] - --------------------KlipperScreen Log Start--------------------
2026-05-20 22:14:03,034 [functions.py:log_start()] - KlipperScreen Version: v0.4.7-15-g006f240
2026-05-20 22:14:03,035 [functions.py:log_start()] - Python version: 3.13
2026-05-20 22:14:03,149 [config.py:get_config_file_location()] - Passed config (-c): .
2026-05-20 22:14:03,149 [config.py:__init__()] - Config path location: /home/voron/printer_data/config/KlipperScreen.conf
2026-05-20 22:14:03,197 [config.py:log_config()] - ===== Config File =====

=======================
2026-05-20 22:14:03,198 [config.py:__init__()] - 
====== Saved ======




2026-05-20 22:14:03,198 [config.py:__init__()] - Configured printers: [
  {
    "Printer": {
      "moonraker_host": "127.0.0.1",
      "moonraker_port": "7125",
      "moonraker_path": "",
      "moonraker_ssl": null,
      "moonraker_api_key": ""
    }
  }
]
2026-05-20 22:14:03,292 [config.py:create_translations()] - Selected lang: system_lang OS lang: en_GB
2026-05-20 22:14:03,292 [config.py:install_language()] - Using lang en
2026-05-20 22:14:03,304 [screen.py:__init__()] - Display for xset: :0
2026-05-20 22:14:03,305 [screen.py:__init__()] - Screen 0: 1024x768
2026-05-20 22:14:03,305 [screen.py:__init__()] - Monitors: 1 using number: 0
2026-05-20 22:14:03,305 [screen.py:__init__()] - Wayland: False Display name: :0
2026-05-20 22:14:03,306 [screen.py:__init__()] - Screen resolution: 1024x768
2026-05-20 22:14:03,459 [KlippyGtk.py:__init__()] - Font size: 25.6 (medium)
2026-05-20 22:14:03,644 [base_panel.py:battery_percentage()] - Battery information not available.
2026-05-20 22:14:03,804 [screen.py:set_dpms_timeout()] - DPMS on :0 set to: 3600
2026-05-20 22:14:03,805 [screen.py:set_screenblanking_timeout()] - Blanking timeout: 3600
2026-05-20 22:14:03,805 [screen.py:initial_connection()] - Default printer: None
2026-05-20 22:14:03,805 [screen.py:_remove_all_panels()] - Removing all panels
2026-05-20 22:14:03,855 [screen.py:_load_panel()] - Loading panel: splash_screen
2026-05-20 22:14:03,898 [screen.py:attach_panel()] - Current panel hierarchy: splash_screen
2026-05-20 22:14:03,910 [screen.py:printer_initializing()] - Initializing KlipperScreen
2026-05-20 22:14:03,959 [screen.py:printer_initializing()] - Connecting to Printer
2026-05-20 22:14:03,971 [screen.py:set_dpms_timeout()] - DPMS on :0 set to: 3600
2026-05-20 22:14:03,972 [screen.py:set_screenblanking_timeout()] - Blanking timeout: 3600
2026-05-20 22:14:08,310 [KlippyWebsocket.py:initial_connect()] - Starting connection
2026-05-20 22:14:08,310 [KlippyWebsocket.py:connect()] - Attempting to connect
2026-05-20 22:14:08,310 [KlippyWebsocket.py:connect()] - Starting websocket thread
2026-05-20 22:14:08,318 [_logging.py:info()] - Websocket connected
2026-05-20 22:14:08,318 [screen.py:websocket_connected()] - ### websocket_connected
2026-05-20 22:14:08,322 [screen.py:printer_initializing()] - Moonraker Connected
2026-05-20 22:14:08,346 [KlippyWebsocket.py:identify_client()] - Sending server.connection.identify
2026-05-20 22:14:08,380 [screen.py:printer_initializing()] - Initializing Klipper Connection
2026-05-20 22:14:08,381 [printer.py:configure_cameras()] - Cameras: []
2026-05-20 22:14:08,625 [printer.py:log_counts()] - Klipper version: v0.13.0-660-g616242d4
2026-05-20 22:14:08,626 [printer.py:log_counts()] - # Extruders: 1
2026-05-20 22:14:08,626 [printer.py:log_counts()] - # Temperature devices: 1
2026-05-20 22:14:08,626 [printer.py:log_counts()] - # Fans: 1
2026-05-20 22:14:08,626 [printer.py:log_counts()] - # Output pins: 0
2026-05-20 22:14:08,626 [printer.py:log_counts()] - # PWM tools: 0
2026-05-20 22:14:08,626 [printer.py:log_counts()] - # Leds: 0
2026-05-20 22:14:08,883 [printer.py:change_state()] - Changing state from 'disconnected' to 'ready'
2026-05-20 22:14:08,883 [printer.py:change_state()] - Adding callback for state: ready
2026-05-20 22:14:08,885 [KlippyWebsocket.py:object_subscription()] - Sending printer.objects.subscribe
2026-05-20 22:14:08,886 [files.py:set_gcodes_path()] - Gcodes path: /home/voron/printer_data/gcodes
2026-05-20 22:14:08,886 [screen.py:_finish_init()] - Printer initialized
2026-05-20 22:14:08,901 [screen.py:set_dpms_timeout()] - DPMS on :0 set to: 3600
2026-05-20 22:14:08,902 [screen.py:set_screenblanking_timeout()] - Blanking timeout: 3600
2026-05-20 22:14:08,902 [KlippyWebsocket.py:get_file_list()] - Sending server.files.list
2026-05-20 22:14:08,903 [screen.py:_remove_all_panels()] - Removing all panels
2026-05-20 22:14:08,945 [screen.py:_load_panel()] - Loading panel: main_menu
2026-05-20 22:14:09,024 [main_menu.py:__init__()] - ### Making MainMenu
2026-05-20 22:14:09,030 [main_menu.py:add_device()] - Adding device: extruder
2026-05-20 22:14:09,036 [main_menu.py:add_device()] - Adding device: heater_bed
2026-05-20 22:14:09,054 [menu.py:arrangeMenuItems()] - X > gcodes
2026-05-20 22:14:09,059 [screen.py:attach_panel()] - Current panel hierarchy: main_menu
2026-05-20 22:14:09,072 [screen.py:set_server_config()] - Temperature store size: 1200
2026-05-20 22:14:09,081 [printer.py:init_temp_store()] - Temp store: ['heater_bed', 'extruder']
2026-05-20 22:16:13,287 [screen.py:show_popup_message()] - error: No trigger on stepper_x after full movement
2026-05-20 22:16:23,891 [screen.py:show_popup_message()] - error: Endstop stepper_y still triggered after retract
2026-05-20 22:16:30,349 [screen.py:show_popup_message()] - error: Endstop stepper_x still triggered after retract
2026-05-20 22:16:32,852 [base_panel.py:battery_percentage()] - Battery information not available.
2026-05-20 22:16:40,288 [screen.py:show_popup_message()] - error: Endstop stepper_x still triggered after retract
2026-05-20 22:16:49,142 [screen.py:show_popup_message()] - error: Endstop stepper_x still triggered after retract
2026-05-20 22:38:07,817 [printer.py:change_state()] - Changing state from 'ready' to 'disconnected'
2026-05-20 22:38:07,817 [printer.py:change_state()] - Adding callback for state: disconnected
2026-05-20 22:38:07,900 [screen.py:set_dpms_timeout()] - DPMS on :0 set to: 3600
2026-05-20 22:38:07,900 [screen.py:set_screenblanking_timeout()] - Blanking timeout: 3600
2026-05-20 22:38:07,900 [screen.py:state_disconnected()] - ### Going to disconnected
2026-05-20 22:38:07,900 [screen.py:_remove_all_panels()] - Removing all panels
2026-05-20 22:38:07,944 [screen.py:show_panel()] - Reinitializing panel splash_screen
2026-05-20 22:38:07,962 [screen.py:attach_panel()] - Current panel hierarchy: splash_screen
2026-05-20 22:38:07,971 [screen.py:printer_initializing()] - Klipper has disconnected
2026-05-20 22:38:11,818 [screen.py:printer_initializing()] - Initializing Klipper Connection
2026-05-20 22:38:11,875 [printer.py:log_counts()] - Klipper version: v0.13.0-660-g616242d4
2026-05-20 22:38:11,875 [printer.py:log_counts()] - # Extruders: 1
2026-05-20 22:38:11,876 [printer.py:log_counts()] - # Temperature devices: 1
2026-05-20 22:38:11,876 [printer.py:log_counts()] - # Fans: 1
2026-05-20 22:38:11,876 [printer.py:log_counts()] - # Output pins: 0
2026-05-20 22:38:11,876 [printer.py:log_counts()] - # PWM tools: 0
2026-05-20 22:38:11,876 [printer.py:log_counts()] - # Leds: 0
2026-05-20 22:38:12,126 [printer.py:change_state()] - Changing state from 'disconnected' to 'error'
2026-05-20 22:38:12,126 [printer.py:change_state()] - Adding callback for state: error
2026-05-20 22:38:12,128 [KlippyWebsocket.py:object_subscription()] - Sending printer.objects.subscribe
2026-05-20 22:38:12,129 [files.py:set_gcodes_path()] - Gcodes path: /home/voron/printer_data/gcodes
2026-05-20 22:38:12,129 [screen.py:_finish_init()] - Printer initialized
2026-05-20 22:38:12,165 [screen.py:set_dpms_timeout()] - DPMS on :0 set to: 3600
2026-05-20 22:38:12,165 [screen.py:set_screenblanking_timeout()] - Blanking timeout: 3600
2026-05-20 22:38:12,165 [screen.py:show_panel()] - Panel is already is in view
2026-05-20 22:38:12,169 [screen.py:printer_initializing()] - Klipper has encountered an error.
Unknown pin chip name 'z'
Once the underlying issue is corrected, use the "RESTART"
command to reload the config and restart the host software.
Printer is halted

2026-05-20 22:38:12,169 [screen.py:set_server_config()] - Temperature store size: 1200
2026-05-20 22:38:12,170 [printer.py:init_temp_store()] - Temp store: ['heater_bed', 'extruder']
2026-05-20 22:38:40,978 [printer.py:change_state()] - Changing state from 'error' to 'disconnected'
2026-05-20 22:38:40,979 [printer.py:change_state()] - Adding callback for state: disconnected
2026-05-20 22:38:40,999 [screen.py:set_dpms_timeout()] - DPMS on :0 set to: 3600
2026-05-20 22:38:40,999 [screen.py:set_screenblanking_timeout()] - Blanking timeout: 3600
2026-05-20 22:38:40,999 [screen.py:state_disconnected()] - ### Going to disconnected
2026-05-20 22:38:41,000 [screen.py:show_panel()] - Panel is already is in view
2026-05-20 22:38:41,008 [screen.py:printer_initializing()] - Klipper has disconnected
2026-05-20 22:38:43,758 [screen.py:printer_initializing()] - Initializing Klipper Connection
2026-05-20 22:38:44,023 [printer.py:log_counts()] - Klipper version: v0.13.0-660-g616242d4
2026-05-20 22:38:44,023 [printer.py:log_counts()] - # Extruders: 1
2026-05-20 22:38:44,023 [printer.py:log_counts()] - # Temperature devices: 1
2026-05-20 22:38:44,023 [printer.py:log_counts()] - # Fans: 1
2026-05-20 22:38:44,023 [printer.py:log_counts()] - # Output pins: 0
2026-05-20 22:38:44,023 [printer.py:log_counts()] - # PWM tools: 0
2026-05-20 22:38:44,023 [printer.py:log_counts()] - # Leds: 0
2026-05-20 22:38:44,279 [printer.py:change_state()] - Changing state from 'disconnected' to 'ready'
2026-05-20 22:38:44,279 [printer.py:change_state()] - Adding callback for state: ready
2026-05-20 22:38:44,280 [KlippyWebsocket.py:object_subscription()] - Sending printer.objects.subscribe
2026-05-20 22:38:44,281 [files.py:set_gcodes_path()] - Gcodes path: /home/voron/printer_data/gcodes
2026-05-20 22:38:44,281 [screen.py:_finish_init()] - Printer initialized
2026-05-20 22:38:44,318 [screen.py:set_dpms_timeout()] - DPMS on :0 set to: 3600
2026-05-20 22:38:44,318 [screen.py:set_screenblanking_timeout()] - Blanking timeout: 3600
2026-05-20 22:38:44,318 [KlippyWebsocket.py:get_file_list()] - Sending server.files.list
2026-05-20 22:38:44,319 [screen.py:_remove_all_panels()] - Removing all panels
2026-05-20 22:38:44,363 [screen.py:show_panel()] - Reinitializing panel main_menu
2026-05-20 22:38:44,414 [main_menu.py:__init__()] - ### Making MainMenu
2026-05-20 22:38:44,420 [main_menu.py:add_device()] - Adding device: extruder
2026-05-20 22:38:44,423 [main_menu.py:add_device()] - Adding device: heater_bed
2026-05-20 22:38:44,437 [menu.py:arrangeMenuItems()] - X > gcodes
2026-05-20 22:38:44,443 [screen.py:attach_panel()] - Current panel hierarchy: main_menu
2026-05-20 22:38:44,456 [screen.py:set_server_config()] - Temperature store size: 1200
2026-05-20 22:38:44,456 [printer.py:init_temp_store()] - Temp store: ['heater_bed', 'extruder']
2026-05-20 22:38:44,815 [screen.py:printer_initializing()] - Initializing Klipper Connection
2026-05-20 22:38:45,057 [printer.py:log_counts()] - Klipper version: v0.13.0-660-g616242d4
2026-05-20 22:38:45,058 [printer.py:log_counts()] - # Extruders: 1
2026-05-20 22:38:45,058 [printer.py:log_counts()] - # Temperature devices: 1
2026-05-20 22:38:45,058 [printer.py:log_counts()] - # Fans: 1
2026-05-20 22:38:45,058 [printer.py:log_counts()] - # Output pins: 0
2026-05-20 22:38:45,058 [printer.py:log_counts()] - # PWM tools: 0
2026-05-20 22:38:45,058 [printer.py:log_counts()] - # Leds: 0
2026-05-20 22:38:45,264 [heatergraph.py:draw_graph()] - Tempstore not initialized!
2026-05-20 22:38:45,287 [KlippyWebsocket.py:object_subscription()] - Sending printer.objects.subscribe
2026-05-20 22:38:45,288 [files.py:set_gcodes_path()] - Gcodes path: /home/voron/printer_data/gcodes
2026-05-20 22:38:45,288 [screen.py:_finish_init()] - Printer initialized
2026-05-20 22:38:45,297 [screen.py:set_server_config()] - Temperature store size: 1200
2026-05-20 22:38:45,321 [printer.py:init_temp_store()] - Temp store: ['heater_bed', 'extruder']
2026-05-20 22:40:32,787 [printer.py:change_state()] - Changing state from 'ready' to 'disconnected'
2026-05-20 22:40:32,787 [printer.py:change_state()] - Adding callback for state: disconnected
2026-05-20 22:40:32,811 [screen.py:set_dpms_timeout()] - DPMS on :0 set to: 3600
2026-05-20 22:40:32,811 [screen.py:set_screenblanking_timeout()] - Blanking timeout: 3600
2026-05-20 22:40:32,811 [screen.py:state_disconnected()] - ### Going to disconnected
2026-05-20 22:40:32,812 [screen.py:_remove_all_panels()] - Removing all panels
2026-05-20 22:40:32,880 [screen.py:show_panel()] - Reinitializing panel splash_screen
2026-05-20 22:40:32,900 [screen.py:attach_panel()] - Current panel hierarchy: splash_screen
2026-05-20 22:40:32,910 [screen.py:printer_initializing()] - Klipper has disconnected
2026-05-20 22:40:35,943 [screen.py:printer_initializing()] - Initializing Klipper Connection
2026-05-20 22:40:36,208 [printer.py:log_counts()] - Klipper version: v0.13.0-660-g616242d4
2026-05-20 22:40:36,208 [printer.py:log_counts()] - # Extruders: 1
2026-05-20 22:40:36,208 [printer.py:log_counts()] - # Temperature devices: 1
2026-05-20 22:40:36,208 [printer.py:log_counts()] - # Fans: 1
2026-05-20 22:40:36,208 [printer.py:log_counts()] - # Output pins: 0
2026-05-20 22:40:36,208 [printer.py:log_counts()] - # PWM tools: 0
2026-05-20 22:40:36,208 [printer.py:log_counts()] - # Leds: 1
2026-05-20 22:40:36,463 [printer.py:change_state()] - Changing state from 'disconnected' to 'ready'
2026-05-20 22:40:36,463 [printer.py:change_state()] - Adding callback for state: ready
2026-05-20 22:40:36,464 [KlippyWebsocket.py:object_subscription()] - Sending printer.objects.subscribe
2026-05-20 22:40:36,465 [files.py:set_gcodes_path()] - Gcodes path: /home/voron/printer_data/gcodes
2026-05-20 22:40:36,466 [screen.py:_finish_init()] - Printer initialized
2026-05-20 22:40:36,502 [screen.py:set_dpms_timeout()] - DPMS on :0 set to: 3600
2026-05-20 22:40:36,503 [screen.py:set_screenblanking_timeout()] - Blanking timeout: 3600
2026-05-20 22:40:36,503 [KlippyWebsocket.py:get_file_list()] - Sending server.files.list
2026-05-20 22:40:36,504 [screen.py:_remove_all_panels()] - Removing all panels
2026-05-20 22:40:36,547 [screen.py:show_panel()] - Reinitializing panel main_menu
2026-05-20 22:40:36,599 [main_menu.py:__init__()] - ### Making MainMenu
2026-05-20 22:40:36,604 [main_menu.py:add_device()] - Adding device: extruder
2026-05-20 22:40:36,607 [main_menu.py:add_device()] - Adding device: heater_bed
2026-05-20 22:40:36,622 [menu.py:arrangeMenuItems()] - X > gcodes
2026-05-20 22:40:36,627 [screen.py:attach_panel()] - Current panel hierarchy: main_menu
2026-05-20 22:40:36,641 [screen.py:set_server_config()] - Temperature store size: 1200
2026-05-20 22:40:36,641 [printer.py:init_temp_store()] - Temp store: ['heater_bed', 'extruder']
2026-05-20 22:40:36,814 [screen.py:printer_initializing()] - Initializing Klipper Connection
2026-05-20 22:40:36,968 [printer.py:log_counts()] - Klipper version: v0.13.0-660-g616242d4
2026-05-20 22:40:36,968 [printer.py:log_counts()] - # Extruders: 1
2026-05-20 22:40:36,968 [printer.py:log_counts()] - # Temperature devices: 1
2026-05-20 22:40:36,968 [printer.py:log_counts()] - # Fans: 1
2026-05-20 22:40:36,968 [printer.py:log_counts()] - # Output pins: 0
2026-05-20 22:40:36,968 [printer.py:log_counts()] - # PWM tools: 0
2026-05-20 22:40:36,968 [printer.py:log_counts()] - # Leds: 1
2026-05-20 22:40:37,196 [heatergraph.py:draw_graph()] - Tempstore not initialized!
2026-05-20 22:40:37,221 [KlippyWebsocket.py:object_subscription()] - Sending printer.objects.subscribe
2026-05-20 22:40:37,222 [files.py:set_gcodes_path()] - Gcodes path: /home/voron/printer_data/gcodes
2026-05-20 22:40:37,222 [screen.py:_finish_init()] - Printer initialized
2026-05-20 22:40:37,230 [screen.py:set_server_config()] - Temperature store size: 1200
2026-05-20 22:40:37,254 [printer.py:init_temp_store()] - Temp store: ['heater_bed', 'extruder']
2026-05-20 22:43:56,967 [printer.py:change_state()] - Changing state from 'ready' to 'disconnected'
2026-05-20 22:43:56,967 [printer.py:change_state()] - Adding callback for state: disconnected
2026-05-20 22:43:56,987 [screen.py:set_dpms_timeout()] - DPMS on :0 set to: 3600
2026-05-20 22:43:56,987 [screen.py:set_screenblanking_timeout()] - Blanking timeout: 3600
2026-05-20 22:43:56,988 [screen.py:state_disconnected()] - ### Going to disconnected
2026-05-20 22:43:56,988 [screen.py:_remove_all_panels()] - Removing all panels
2026-05-20 22:43:57,057 [screen.py:show_panel()] - Reinitializing panel splash_screen
2026-05-20 22:43:57,075 [screen.py:attach_panel()] - Current panel hierarchy: splash_screen
2026-05-20 22:43:57,084 [screen.py:printer_initializing()] - Klipper has disconnected
2026-05-20 22:43:59,741 [screen.py:printer_initializing()] - Initializing Klipper Connection
2026-05-20 22:44:00,006 [printer.py:log_counts()] - Klipper version: v0.13.0-660-g616242d4
2026-05-20 22:44:00,006 [printer.py:log_counts()] - # Extruders: 1
2026-05-20 22:44:00,006 [printer.py:log_counts()] - # Temperature devices: 1
2026-05-20 22:44:00,006 [printer.py:log_counts()] - # Fans: 1
2026-05-20 22:44:00,006 [printer.py:log_counts()] - # Output pins: 0
2026-05-20 22:44:00,006 [printer.py:log_counts()] - # PWM tools: 0
2026-05-20 22:44:00,006 [printer.py:log_counts()] - # Leds: 0
2026-05-20 22:44:00,262 [printer.py:change_state()] - Changing state from 'disconnected' to 'ready'
2026-05-20 22:44:00,262 [printer.py:change_state()] - Adding callback for state: ready
2026-05-20 22:44:00,263 [KlippyWebsocket.py:object_subscription()] - Sending printer.objects.subscribe
2026-05-20 22:44:00,264 [files.py:set_gcodes_path()] - Gcodes path: /home/voron/printer_data/gcodes
2026-05-20 22:44:00,265 [screen.py:_finish_init()] - Printer initialized
2026-05-20 22:44:00,300 [screen.py:set_dpms_timeout()] - DPMS on :0 set to: 3600
2026-05-20 22:44:00,300 [screen.py:set_screenblanking_timeout()] - Blanking timeout: 3600
2026-05-20 22:44:00,301 [KlippyWebsocket.py:get_file_list()] - Sending server.files.list
2026-05-20 22:44:00,302 [screen.py:_remove_all_panels()] - Removing all panels
2026-05-20 22:44:00,345 [screen.py:show_panel()] - Reinitializing panel main_menu
2026-05-20 22:44:00,397 [main_menu.py:__init__()] - ### Making MainMenu
2026-05-20 22:44:00,403 [main_menu.py:add_device()] - Adding device: extruder
2026-05-20 22:44:00,405 [main_menu.py:add_device()] - Adding device: heater_bed
2026-05-20 22:44:00,420 [menu.py:arrangeMenuItems()] - X > gcodes
2026-05-20 22:44:00,425 [screen.py:attach_panel()] - Current panel hierarchy: main_menu
2026-05-20 22:44:00,439 [screen.py:set_server_config()] - Temperature store size: 1200
2026-05-20 22:44:00,439 [printer.py:init_temp_store()] - Temp store: ['heater_bed', 'extruder']
2026-05-20 22:44:01,814 [screen.py:printer_initializing()] - Initializing Klipper Connection
2026-05-20 22:44:02,041 [printer.py:log_counts()] - Klipper version: v0.13.0-660-g616242d4
2026-05-20 22:44:02,041 [printer.py:log_counts()] - # Extruders: 1
2026-05-20 22:44:02,041 [printer.py:log_counts()] - # Temperature devices: 1
2026-05-20 22:44:02,041 [printer.py:log_counts()] - # Fans: 1
2026-05-20 22:44:02,042 [printer.py:log_counts()] - # Output pins: 0
2026-05-20 22:44:02,042 [printer.py:log_counts()] - # PWM tools: 0
2026-05-20 22:44:02,042 [printer.py:log_counts()] - # Leds: 0
2026-05-20 22:44:02,254 [heatergraph.py:draw_graph()] - Tempstore not initialized!
2026-05-20 22:44:02,306 [KlippyWebsocket.py:object_subscription()] - Sending printer.objects.subscribe
2026-05-20 22:44:02,308 [files.py:set_gcodes_path()] - Gcodes path: /home/voron/printer_data/gcodes
2026-05-20 22:44:02,309 [screen.py:_finish_init()] - Printer initialized
2026-05-20 22:44:02,329 [screen.py:set_server_config()] - Temperature store size: 1200
2026-05-20 22:44:02,369 [printer.py:init_temp_store()] - Temp store: ['heater_bed', 'extruder']
                                                                                                                                                                                                                                                                                                                                                                                                                                                                                                                                                                                                                                                                                                                                                                                                                                                                                                                                                                                                                                                                                                                                                                                                                                                                                                                                                                                                                                                                                                                                                                                                                                                                                                                                                                                                                                                                                                                                                                                                                                                                                                                                                                                                                                                                                                                                                                                                                                                                                                                                                                                                                                                                                                                                                                                                                                                                                                                                                                                                                                                                                                                                                                                                                                                                                                                                                                                                                                                                                                                                                                                                                                                                                                                                                                                                2026-05-20 22:43:13,099 [functions.py:log_start()] - --------------------KlipperScreen Log Start--------------------
2026-05-20 22:43:13,099 [functions.py:log_start()] - KlipperScreen Version: v0.4.7-15-g006f240
2026-05-20 22:43:13,099 [functions.py:log_start()] - Python version: 3.13
2026-05-20 22:43:13,212 [config.py:get_config_file_location()] - Passed config (-c): .
2026-05-20 22:43:13,213 [config.py:__init__()] - Config path location: /home/voron/printer_data/config/KlipperScreen.conf
2026-05-20 22:43:13,261 [config.py:log_config()] - ===== Config File =====

=======================
2026-05-20 22:43:13,262 [config.py:__init__()] - 
====== Saved ======




2026-05-20 22:43:13,262 [config.py:__init__()] - Configured printers: [
  {
    "Printer": {
      "moonraker_host": "127.0.0.1",
      "moonraker_port": "7125",
      "moonraker_path": "",
      "moonraker_ssl": null,
      "moonraker_api_key": ""
    }
  }
]
2026-05-20 22:43:13,359 [config.py:create_translations()] - Selected lang: system_lang OS lang: en_GB
2026-05-20 22:43:13,359 [config.py:install_language()] - Using lang en
2026-05-20 22:43:13,370 [screen.py:__init__()] - Display for xset: :0
2026-05-20 22:43:13,371 [screen.py:__init__()] - Screen 0: 1024x768
2026-05-20 22:43:13,371 [screen.py:__init__()] - Monitors: 1 using number: 0
2026-05-20 22:43:13,372 [screen.py:__init__()] - Wayland: False Display name: :0
2026-05-20 22:43:13,373 [screen.py:__init__()] - Screen resolution: 1024x768
2026-05-20 22:43:13,525 [KlippyGtk.py:__init__()] - Font size: 25.6 (medium)
2026-05-20 22:43:13,712 [base_panel.py:battery_percentage()] - Battery information not available.
2026-05-20 22:43:13,890 [screen.py:set_dpms_timeout()] - DPMS on :0 set to: 3600
2026-05-20 22:43:13,890 [screen.py:set_screenblanking_timeout()] - Blanking timeout: 3600
2026-05-20 22:43:13,891 [screen.py:initial_connection()] - Default printer: None
2026-05-20 22:43:13,891 [screen.py:_remove_all_panels()] - Removing all panels
2026-05-20 22:43:13,939 [screen.py:_load_panel()] - Loading panel: splash_screen
2026-05-20 22:43:14,001 [screen.py:attach_panel()] - Current panel hierarchy: splash_screen
2026-05-20 22:43:14,017 [screen.py:printer_initializing()] - Initializing KlipperScreen
2026-05-20 22:43:14,072 [screen.py:printer_initializing()] - Connecting to Printer
2026-05-20 22:43:14,084 [screen.py:set_dpms_timeout()] - DPMS on :0 set to: 3600
2026-05-20 22:43:14,084 [screen.py:set_screenblanking_timeout()] - Blanking timeout: 3600
2026-05-20 22:43:18,250 [KlippyWebsocket.py:initial_connect()] - Starting connection
2026-05-20 22:43:18,250 [KlippyWebsocket.py:connect()] - Attempting to connect
2026-05-20 22:43:18,251 [KlippyWebsocket.py:connect()] - Starting websocket thread
2026-05-20 22:43:18,257 [_logging.py:info()] - Websocket connected
2026-05-20 22:43:18,257 [screen.py:websocket_connected()] - ### websocket_connected
2026-05-20 22:43:18,262 [screen.py:printer_initializing()] - Moonraker Connected
2026-05-20 22:43:18,285 [KlippyWebsocket.py:identify_client()] - Sending server.connection.identify
2026-05-20 22:43:18,320 [screen.py:printer_initializing()] - Initializing Klipper Connection
2026-05-20 22:43:18,320 [printer.py:configure_cameras()] - Cameras: []
2026-05-20 22:43:18,569 [printer.py:log_counts()] - Klipper version: v0.13.0-660-g616242d4
2026-05-20 22:43:18,569 [printer.py:log_counts()] - # Extruders: 1
2026-05-20 22:43:18,569 [printer.py:log_counts()] - # Temperature devices: 1
2026-05-20 22:43:18,570 [printer.py:log_counts()] - # Fans: 1
2026-05-20 22:43:18,570 [printer.py:log_counts()] - # Output pins: 0
2026-05-20 22:43:18,570 [printer.py:log_counts()] - # PWM tools: 0
2026-05-20 22:43:18,570 [printer.py:log_counts()] - # Leds: 0
2026-05-20 22:43:18,825 [printer.py:change_state()] - Changing state from 'disconnected' to 'ready'
2026-05-20 22:43:18,825 [printer.py:change_state()] - Adding callback for state: ready
2026-05-20 22:43:18,827 [KlippyWebsocket.py:object_subscription()] - Sending printer.objects.subscribe
2026-05-20 22:43:18,828 [files.py:set_gcodes_path()] - Gcodes path: /home/voron/printer_data/gcodes
2026-05-20 22:43:18,828 [screen.py:_finish_init()] - Printer initialized
2026-05-20 22:43:18,843 [screen.py:set_dpms_timeout()] - DPMS on :0 set to: 3600
2026-05-20 22:43:18,843 [screen.py:set_screenblanking_timeout()] - Blanking timeout: 3600
2026-05-20 22:43:18,843 [KlippyWebsocket.py:get_file_list()] - Sending server.files.list
2026-05-20 22:43:18,845 [screen.py:_remove_all_panels()] - Removing all panels
2026-05-20 22:43:18,888 [screen.py:_load_panel()] - Loading panel: main_menu
2026-05-20 22:43:18,966 [main_menu.py:__init__()] - ### Making MainMenu
2026-05-20 22:43:18,972 [main_menu.py:add_device()] - Adding device: extruder
2026-05-20 22:43:18,978 [main_menu.py:add_device()] - Adding device: heater_bed
2026-05-20 22:43:18,997 [menu.py:arrangeMenuItems()] - X > gcodes
2026-05-20 22:43:19,002 [screen.py:attach_panel()] - Current panel hierarchy: main_menu
2026-05-20 22:43:19,015 [screen.py:set_server_config()] - Temperature store size: 1200
2026-05-20 22:43:19,024 [printer.py:init_temp_store()] - Temp store: ['heater_bed', 'extruder']
2026-05-20 22:47:21,262 [base_panel.py:battery_percentage()] - Battery information not available.
2026-05-20 22:48:42,714 [functions.py:log_start()] - --------------------KlipperScreen Log Start--------------------
2026-05-20 22:48:42,714 [functions.py:log_start()] - KlipperScreen Version: v0.4.7-15-g006f240
2026-05-20 22:48:42,715 [functions.py:log_start()] - Python version: 3.13
2026-05-20 22:48:42,830 [config.py:get_config_file_location()] - Passed config (-c): .
2026-05-20 22:48:42,830 [config.py:__init__()] - Config path location: /home/voron/printer_data/config/KlipperScreen.conf
2026-05-20 22:48:42,879 [config.py:log_config()] - ===== Config File =====

=======================
2026-05-20 22:48:42,880 [config.py:__init__()] - 
====== Saved ======




2026-05-20 22:48:42,880 [config.py:__init__()] - Configured printers: [
  {
    "Printer": {
      "moonraker_host": "127.0.0.1",
      "moonraker_port": "7125",
      "moonraker_path": "",
      "moonraker_ssl": null,
      "moonraker_api_key": ""
    }
  }
]
2026-05-20 22:48:42,975 [config.py:create_translations()] - Selected lang: system_lang OS lang: en_GB
2026-05-20 22:48:42,975 [config.py:install_language()] - Using lang en
2026-05-20 22:48:42,986 [screen.py:__init__()] - Display for xset: :0
2026-05-20 22:48:42,987 [screen.py:__init__()] - Screen 0: 1024x768
2026-05-20 22:48:42,987 [screen.py:__init__()] - Monitors: 1 using number: 0
2026-05-20 22:48:42,988 [screen.py:__init__()] - Wayland: False Display name: :0
2026-05-20 22:48:42,989 [screen.py:__init__()] - Screen resolution: 1024x768
2026-05-20 22:48:43,141 [KlippyGtk.py:__init__()] - Font size: 25.6 (medium)
2026-05-20 22:48:43,333 [base_panel.py:battery_percentage()] - Battery information not available.
2026-05-20 22:48:43,492 [screen.py:set_dpms_timeout()] - DPMS on :0 set to: 3600
2026-05-20 22:48:43,493 [screen.py:set_screenblanking_timeout()] - Blanking timeout: 3600
2026-05-20 22:48:43,493 [screen.py:initial_connection()] - Default printer: None
2026-05-20 22:48:43,493 [screen.py:_remove_all_panels()] - Removing all panels
2026-05-20 22:48:43,537 [screen.py:_load_panel()] - Loading panel: splash_screen
2026-05-20 22:48:43,581 [screen.py:attach_panel()] - Current panel hierarchy: splash_screen
2026-05-20 22:48:43,594 [screen.py:printer_initializing()] - Initializing KlipperScreen
2026-05-20 22:48:43,643 [screen.py:printer_initializing()] - Connecting to Printer
2026-05-20 22:48:43,656 [screen.py:set_dpms_timeout()] - DPMS on :0 set to: 3600
2026-05-20 22:48:43,656 [screen.py:set_screenblanking_timeout()] - Blanking timeout: 3600
2026-05-20 22:48:47,953 [KlippyWebsocket.py:initial_connect()] - Starting connection
2026-05-20 22:48:47,954 [KlippyWebsocket.py:connect()] - Attempting to connect
2026-05-20 22:48:47,954 [KlippyWebsocket.py:connect()] - Starting websocket thread
2026-05-20 22:48:47,960 [_logging.py:info()] - Websocket connected
2026-05-20 22:48:47,961 [screen.py:websocket_connected()] - ### websocket_connected
2026-05-20 22:48:47,965 [screen.py:printer_initializing()] - Moonraker Connected
2026-05-20 22:48:47,989 [KlippyWebsocket.py:identify_client()] - Sending server.connection.identify
2026-05-20 22:48:48,022 [screen.py:printer_initializing()] - Initializing Klipper Connection
2026-05-20 22:48:48,023 [printer.py:configure_cameras()] - Cameras: []
2026-05-20 22:48:48,235 [printer.py:log_counts()] - Klipper version: v0.13.0-660-g616242d4
2026-05-20 22:48:48,235 [printer.py:log_counts()] - # Extruders: 1
2026-05-20 22:48:48,235 [printer.py:log_counts()] - # Temperature devices: 1
2026-05-20 22:48:48,236 [printer.py:log_counts()] - # Fans: 1
2026-05-20 22:48:48,236 [printer.py:log_counts()] - # Output pins: 0
2026-05-20 22:48:48,236 [printer.py:log_counts()] - # PWM tools: 0
2026-05-20 22:48:48,236 [printer.py:log_counts()] - # Leds: 0
2026-05-20 22:48:48,504 [printer.py:change_state()] - Changing state from 'disconnected' to 'ready'
2026-05-20 22:48:48,504 [printer.py:change_state()] - Adding callback for state: ready
2026-05-20 22:48:48,505 [KlippyWebsocket.py:object_subscription()] - Sending printer.objects.subscribe
2026-05-20 22:48:48,507 [files.py:set_gcodes_path()] - Gcodes path: /home/voron/printer_data/gcodes
2026-05-20 22:48:48,507 [screen.py:_finish_init()] - Printer initialized
2026-05-20 22:48:48,522 [screen.py:set_dpms_timeout()] - DPMS on :0 set to: 3600
2026-05-20 22:48:48,523 [screen.py:set_screenblanking_timeout()] - Blanking timeout: 3600
2026-05-20 22:48:48,523 [KlippyWebsocket.py:get_file_list()] - Sending server.files.list
2026-05-20 22:48:48,524 [screen.py:_remove_all_panels()] - Removing all panels
2026-05-20 22:48:48,567 [screen.py:_load_panel()] - Loading panel: main_menu
2026-05-20 22:48:48,647 [main_menu.py:__init__()] - ### Making MainMenu
2026-05-20 22:48:48,653 [main_menu.py:add_device()] - Adding device: extruder
2026-05-20 22:48:48,659 [main_menu.py:add_device()] - Adding device: heater_bed
2026-05-20 22:48:48,677 [menu.py:arrangeMenuItems()] - X > gcodes
2026-05-20 22:48:48,682 [screen.py:attach_panel()] - Current panel hierarchy: main_menu
2026-05-20 22:48:48,696 [screen.py:set_server_config()] - Temperature store size: 1200
2026-05-20 22:48:48,704 [printer.py:init_temp_store()] - Temp store: ['heater_bed', 'extruder']
2026-05-20 22:51:43,713 [base_panel.py:battery_percentage()] - Battery information not available.
2026-06-03 22:10:15,347 [functions.py:log_start()] - --------------------KlipperScreen Log Start--------------------
2026-06-03 22:10:15,347 [functions.py:log_start()] - KlipperScreen Version: v0.4.7-53-g60ab1c6
2026-06-03 22:10:15,347 [functions.py:log_start()] - Python version: 3.13
2026-06-03 22:10:15,461 [config.py:get_config_file_location()] - Passed config (-c): .
2026-06-03 22:10:15,461 [config.py:__init__()] - Config path location: /home/voron/printer_data/config/KlipperScreen.conf
2026-06-03 22:10:15,509 [config.py:log_config()] - ===== Config File =====

=======================
2026-06-03 22:10:15,510 [config.py:__init__()] - 
====== Saved ======




2026-06-03 22:10:15,511 [config.py:__init__()] - Configured printers: [
  {
    "Printer": {
      "moonraker_host": "127.0.0.1",
      "moonraker_port": "7125",
      "moonraker_path": "",
      "moonraker_ssl": null,
      "moonraker_api_key": ""
    }
  }
]
2026-06-03 22:10:15,614 [config.py:create_translations()] - Selected lang: system_lang OS lang: en_GB
2026-06-03 22:10:15,614 [config.py:install_language()] - Using lang en
2026-06-03 22:10:15,623 [screen.py:__init__()] - Display for xset: :0
2026-06-03 22:10:15,624 [screen.py:__init__()] - Screen 0: 800x480
2026-06-03 22:10:15,624 [screen.py:__init__()] - Monitors: 1 using number: 0
2026-06-03 22:10:15,624 [screen.py:__init__()] - Wayland: False Display name: :0
2026-06-03 22:10:15,626 [screen.py:__init__()] - Screen resolution: 800x480
2026-06-03 22:10:15,780 [KlippyGtk.py:update_layout()] - Font size: 17.8 (medium)
2026-06-03 22:10:15,995 [base_panel.py:battery_percentage()] - Battery information not available.
2026-06-03 22:10:16,202 [screen.py:set_dpms_timeout()] - DPMS on :0 set to: 3600
2026-06-03 22:10:16,202 [screen.py:set_screenblanking_timeout()] - Blanking timeout: 3600
2026-06-03 22:10:16,202 [screen.py:initial_connection()] - Default printer: None
2026-06-03 22:10:16,203 [screen.py:_remove_all_panels()] - Removing all panels
2026-06-03 22:10:16,247 [screen.py:_load_panel()] - Loading panel: splash_screen
2026-06-03 22:10:16,290 [screen.py:attach_panel()] - Current panel hierarchy: splash_screen
2026-06-03 22:10:16,296 [screen.py:set_titlebar_items()] - set_titlebar_items
2026-06-03 22:10:16,300 [screen.py:printer_initializing()] - Initializing KlipperScreen
2026-06-03 22:10:16,346 [screen.py:printer_initializing()] - Connecting to Printer
2026-06-03 22:10:16,357 [screen.py:set_dpms_timeout()] - DPMS on :0 set to: 3600
2026-06-03 22:10:16,358 [screen.py:set_screenblanking_timeout()] - Blanking timeout: 3600
2026-06-03 22:10:20,324 [KlippyWebsocket.py:initial_connect()] - Starting connection
2026-06-03 22:10:20,324 [KlippyWebsocket.py:connect()] - Attempting to connect
2026-06-03 22:10:20,325 [KlippyWebsocket.py:connect()] - Starting websocket thread
2026-06-03 22:10:20,333 [_logging.py:info()] - Websocket connected
2026-06-03 22:10:20,333 [screen.py:websocket_connected()] - ### websocket_connected
2026-06-03 22:10:20,337 [screen.py:printer_initializing()] - Moonraker Connected
2026-06-03 22:10:20,362 [KlippyWebsocket.py:identify_client()] - Sending server.connection.identify
2026-06-03 22:10:20,396 [screen.py:printer_initializing()] - Initializing Klipper Connection
2026-06-03 22:10:20,396 [printer.py:configure_cameras()] - Cameras: []
2026-06-03 22:10:20,562 [printer.py:log_counts()] - Klipper version: v0.13.0-689-g2fb3d54e-dirty
2026-06-03 22:10:20,562 [printer.py:log_counts()] - # Extruders: 0
2026-06-03 22:10:20,562 [printer.py:log_counts()] - # Temperature devices: 1
2026-06-03 22:10:20,562 [printer.py:log_counts()] - # Fans: 0
2026-06-03 22:10:20,562 [printer.py:log_counts()] - # Output pins: 0
2026-06-03 22:10:20,562 [printer.py:log_counts()] - # PWM tools: 0
2026-06-03 22:10:20,562 [printer.py:log_counts()] - # Leds: 0
2026-06-03 22:10:20,815 [printer.py:change_state()] - Changing state from 'disconnected' to 'error'
2026-06-03 22:10:20,815 [printer.py:change_state()] - Adding callback for state: error
2026-06-03 22:10:20,816 [KlippyWebsocket.py:object_subscription()] - Sending printer.objects.subscribe
2026-06-03 22:10:20,818 [files.py:set_gcodes_path()] - Gcodes path: /home/voron/printer_data/gcodes
2026-06-03 22:10:20,818 [screen.py:_finish_init()] - Printer initialized
2026-06-03 22:10:20,833 [screen.py:set_dpms_timeout()] - DPMS on :0 set to: 3600
2026-06-03 22:10:20,833 [screen.py:set_screenblanking_timeout()] - Blanking timeout: 3600
2026-06-03 22:10:20,833 [screen.py:show_panel()] - Panel is already is in view
2026-06-03 22:10:20,837 [screen.py:printer_initializing()] - Klipper has encountered an error.
Unknown pin chip name 'EBBCan'
Once the underlying issue is corrected, use the "RESTART"
command to reload the config and restart the host software.
Printer is halted

2026-06-03 22:10:20,838 [screen.py:set_server_config()] - Temperature store size: 1200
2026-06-03 22:10:20,838 [screen.py:set_tempstore()] - Moonraker tempstore not yet available
2026-06-03 22:10:20,839 [printer.py:init_temp_store()] - Temp store: ['heater_bed']
2026-06-03 22:11:16,323 [base_panel.py:battery_percentage()] - Battery information not available.
2026-06-03 22:12:10,505 [screen.py:_load_panel()] - Loading panel: shutdown
2026-06-03 22:12:10,557 [screen.py:attach_panel()] - Current panel hierarchy: splash_screen > shutdown
2026-06-03 22:12:11,583 [screen.py:_menu_go_back()] - #### Menu go back
2026-06-03 22:12:11,589 [screen.py:attach_panel()] - Current panel hierarchy: splash_screen
2026-06-03 22:12:12,795 [screen.py:_go_to_submenu()] - #### Go to submenu 
2026-06-03 22:12:12,795 [screen.py:_go_to_submenu()] - #### Menu __splashscreen
2026-06-03 22:12:12,797 [screen.py:_load_panel()] - Loading panel: menu
2026-06-03 22:12:12,810 [menu.py:evaluate_enable()] - moonraker connected True
2026-06-03 22:12:12,812 [menu.py:evaluate_enable()] - moonraker connected True
2026-06-03 22:12:12,847 [screen.py:attach_panel()] - Current panel hierarchy: splash_screen > 
2026-06-03 22:12:12,850 [menu.py:arrangeMenuItems()] - X > power
2026-06-03 22:12:12,851 [menu.py:evaluate_enable()] - moonraker connected True
2026-06-03 22:12:12,852 [menu.py:evaluate_enable()] - moonraker connected True
2026-06-03 22:12:12,861 [screen.py:_go_to_submenu()] - menu, {{ gettext('Menu') }}, panel_name=, items=[{'power': {'name': "{{ gettext('Power') }}", 'icon': 'shutdown', 'panel': 'power', 'method': None, 'confirm': None, 'enable': '{{ moonraker.power_devices.count > 0 }}', 'params': '{}', 'style': None}}, {'network': {'name': "{{ gettext('Network') }}", 'icon': 'network', 'panel': 'network', 'method': None, 'confirm': None, 'enable': 'True', 'params': '{}', 'style': None}}, {'updater': {'name': "{{ gettext('Update') }}", 'icon': 'refresh', 'panel': 'updater', 'method': None, 'confirm': None, 'enable': '{{ moonraker_connected }}', 'params': '{}', 'style': None}}, {'settings': {'name': 'KlipperScreen', 'icon': 'settings', 'panel': 'settings', 'method': None, 'confirm': None, 'enable': 'True', 'params': '{}', 'style': None}}, {'system': {'name': "{{ gettext('System') }}", 'icon': 'info', 'panel': 'system', 'method': None, 'confirm': None, 'enable': '{{ moonraker_connected }}', 'params': '{}', 'style': None}}]
2026-06-03 22:12:13,839 [screen.py:_menu_go_back()] - #### Menu go back
2026-06-03 22:12:13,845 [screen.py:attach_panel()] - Current panel hierarchy: splash_screen
2026-06-03 22:20:16,126 [printer.py:change_state()] - Changing state from 'error' to 'disconnected'
2026-06-03 22:20:16,127 [printer.py:change_state()] - Adding callback for state: disconnected
2026-06-03 22:20:16,148 [screen.py:set_dpms_timeout()] - DPMS on :0 set to: 3600
2026-06-03 22:20:16,148 [screen.py:set_screenblanking_timeout()] - Blanking timeout: 3600
2026-06-03 22:20:16,148 [screen.py:state_disconnected()] - ### Going to disconnected
2026-06-03 22:20:16,148 [screen.py:show_panel()] - Panel is already is in view
2026-06-03 22:20:16,152 [screen.py:printer_initializing()] - Klipper has disconnected
2026-06-03 22:20:20,328 [screen.py:printer_initializing()] - Initializing Klipper Connection
2026-06-03 22:20:20,361 [screen.py:printer_initializing()] - Unable to get printer info from moonraker
2026-06-03 22:20:24,334 [screen.py:printer_initializing()] - Initializing Klipper Connection
2026-06-03 22:20:24,403 [screen.py:printer_initializing()] - Unable to get printer info from moonraker
2026-06-03 22:20:28,334 [screen.py:printer_initializing()] - Initializing Klipper Connection
2026-06-03 22:20:28,403 [screen.py:printer_initializing()] - Unable to get printer info from moonraker
2026-06-03 22:20:32,328 [screen.py:printer_initializing()] - Initializing Klipper Connection
2026-06-03 22:20:32,380 [printer.py:log_counts()] - Klipper version: v0.13.0-689-g2fb3d54e-dirty
2026-06-03 22:20:32,380 [printer.py:log_counts()] - # Extruders: 1
2026-06-03 22:20:32,380 [printer.py:log_counts()] - # Temperature devices: 1
2026-06-03 22:20:32,381 [printer.py:log_counts()] - # Fans: 2
2026-06-03 22:20:32,381 [printer.py:log_counts()] - # Output pins: 0
2026-06-03 22:20:32,381 [printer.py:log_counts()] - # PWM tools: 0
2026-06-03 22:20:32,381 [printer.py:log_counts()] - # Leds: 0
2026-06-03 22:20:32,636 [printer.py:change_state()] - Changing state from 'disconnected' to 'error'
2026-06-03 22:20:32,637 [printer.py:change_state()] - Adding callback for state: error
2026-06-03 22:20:32,638 [KlippyWebsocket.py:object_subscription()] - Sending printer.objects.subscribe
2026-06-03 22:20:32,639 [files.py:set_gcodes_path()] - Gcodes path: /home/voron/printer_data/gcodes
2026-06-03 22:20:32,639 [screen.py:_finish_init()] - Printer initialized
2026-06-03 22:20:32,654 [screen.py:set_dpms_timeout()] - DPMS on :0 set to: 3600
2026-06-03 22:20:32,655 [screen.py:set_screenblanking_timeout()] - Blanking timeout: 3600
2026-06-03 22:20:32,655 [screen.py:show_panel()] - Panel is already is in view
2026-06-03 22:20:32,659 [screen.py:printer_initializing()] - Klipper has encountered an error.
A FIRMWARE_RESTART may fix the issue.
Can not update MCU 'mcu' config as it is shutdown
Once the underlying issue is corrected, use the
"FIRMWARE_RESTART" command to reset the firmware, reload the
config, and restart the host software.
Error configuring printer

2026-06-03 22:20:32,660 [screen.py:set_server_config()] - Temperature store size: 1200
2026-06-03 22:20:32,660 [screen.py:set_tempstore()] - Moonraker tempstore not yet available
2026-06-03 22:20:32,660 [printer.py:init_temp_store()] - Temp store: ['extruder', 'heater_bed']
2026-06-03 22:20:49,505 [printer.py:change_state()] - Changing state from 'error' to 'disconnected'
2026-06-03 22:20:49,505 [printer.py:change_state()] - Adding callback for state: disconnected
2026-06-03 22:20:49,521 [screen.py:set_dpms_timeout()] - DPMS on :0 set to: 3600
2026-06-03 22:20:49,521 [screen.py:set_screenblanking_timeout()] - Blanking timeout: 3600
2026-06-03 22:20:49,521 [screen.py:state_disconnected()] - ### Going to disconnected
2026-06-03 22:20:49,522 [screen.py:show_panel()] - Panel is already is in view
2026-06-03 22:20:49,527 [screen.py:printer_initializing()] - Klipper has disconnected
2026-06-03 22:20:53,328 [screen.py:printer_initializing()] - Initializing Klipper Connection
2026-06-03 22:20:53,571 [printer.py:log_counts()] - Klipper version: v0.13.0-689-g2fb3d54e-dirty
2026-06-03 22:20:53,571 [printer.py:log_counts()] - # Extruders: 0
2026-06-03 22:20:53,571 [printer.py:log_counts()] - # Temperature devices: 1
2026-06-03 22:20:53,571 [printer.py:log_counts()] - # Fans: 0
2026-06-03 22:20:53,571 [printer.py:log_counts()] - # Output pins: 0
2026-06-03 22:20:53,571 [printer.py:log_counts()] - # PWM tools: 0
2026-06-03 22:20:53,571 [printer.py:log_counts()] - # Leds: 0
2026-06-03 22:20:53,823 [printer.py:change_state()] - Changing state from 'disconnected' to 'error'
2026-06-03 22:20:53,823 [printer.py:change_state()] - Adding callback for state: error
2026-06-03 22:20:53,824 [KlippyWebsocket.py:object_subscription()] - Sending printer.objects.subscribe
2026-06-03 22:20:53,825 [files.py:set_gcodes_path()] - Gcodes path: /home/voron/printer_data/gcodes
2026-06-03 22:20:53,825 [screen.py:_finish_init()] - Printer initialized
2026-06-03 22:20:53,841 [screen.py:set_dpms_timeout()] - DPMS on :0 set to: 3600
2026-06-03 22:20:53,841 [screen.py:set_screenblanking_timeout()] - Blanking timeout: 3600
2026-06-03 22:20:53,841 [screen.py:show_panel()] - Panel is already is in view
2026-06-03 22:20:53,845 [screen.py:printer_initializing()] - Klipper has encountered an error.
Unknown pin chip name 'EBBCan'
Once the underlying issue is corrected, use the "RESTART"
command to reload the config and restart the host software.
Printer is halted

2026-06-03 22:20:53,846 [screen.py:set_server_config()] - Temperature store size: 1200
2026-06-03 22:20:53,846 [screen.py:set_tempstore()] - Moonraker tempstore not yet available
2026-06-03 22:20:53,846 [printer.py:init_temp_store()] - Temp store: ['heater_bed']
2026-06-03 22:22:19,370 [printer.py:change_state()] - Changing state from 'error' to 'disconnected'
2026-06-03 22:22:19,370 [printer.py:change_state()] - Adding callback for state: disconnected
2026-06-03 22:22:19,390 [screen.py:set_dpms_timeout()] - DPMS on :0 set to: 3600
2026-06-03 22:22:19,390 [screen.py:set_screenblanking_timeout()] - Blanking timeout: 3600
2026-06-03 22:22:19,391 [screen.py:state_disconnected()] - ### Going to disconnected
2026-06-03 22:22:19,391 [screen.py:show_panel()] - Panel is already is in view
2026-06-03 22:22:19,395 [screen.py:printer_initializing()] - Klipper has disconnected
2026-06-03 22:22:23,328 [screen.py:printer_initializing()] - Initializing Klipper Connection
2026-06-03 22:22:23,361 [screen.py:printer_initializing()] - Unable to get printer info from moonraker
2026-06-03 22:22:27,334 [screen.py:printer_initializing()] - Initializing Klipper Connection
2026-06-03 22:22:27,403 [screen.py:printer_initializing()] - Unable to get printer info from moonraker
2026-06-03 22:22:31,328 [screen.py:printer_initializing()] - Initializing Klipper Connection
2026-06-03 22:22:31,360 [screen.py:printer_initializing()] - Unable to get printer info from moonraker
2026-06-03 22:22:35,328 [screen.py:printer_initializing()] - Initializing Klipper Connection
2026-06-03 22:22:35,458 [printer.py:log_counts()] - Klipper version: v0.13.0-689-g2fb3d54e-dirty
2026-06-03 22:22:35,458 [printer.py:log_counts()] - # Extruders: 1
2026-06-03 22:22:35,459 [printer.py:log_counts()] - # Temperature devices: 1
2026-06-03 22:22:35,459 [printer.py:log_counts()] - # Fans: 2
2026-06-03 22:22:35,459 [printer.py:log_counts()] - # Output pins: 0
2026-06-03 22:22:35,459 [printer.py:log_counts()] - # PWM tools: 0
2026-06-03 22:22:35,459 [printer.py:log_counts()] - # Leds: 0
2026-06-03 22:22:35,713 [printer.py:change_state()] - Changing state from 'disconnected' to 'error'
2026-06-03 22:22:35,713 [printer.py:change_state()] - Adding callback for state: error
2026-06-03 22:22:35,715 [KlippyWebsocket.py:object_subscription()] - Sending printer.objects.subscribe
2026-06-03 22:22:35,716 [files.py:set_gcodes_path()] - Gcodes path: /home/voron/printer_data/gcodes
2026-06-03 22:22:35,716 [screen.py:_finish_init()] - Printer initialized
2026-06-03 22:22:35,732 [screen.py:set_dpms_timeout()] - DPMS on :0 set to: 3600
2026-06-03 22:22:35,732 [screen.py:set_screenblanking_timeout()] - Blanking timeout: 3600
2026-06-03 22:22:35,732 [screen.py:show_panel()] - Panel is already is in view
2026-06-03 22:22:35,736 [screen.py:printer_initializing()] - Klipper has encountered an error.
A FIRMWARE_RESTART may fix the issue.
Can not update MCU 'mcu' config as it is shutdown
Once the underlying issue is corrected, use the
"FIRMWARE_RESTART" command to reset the firmware, reload the
config, and restart the host software.
Error configuring printer

2026-06-03 22:22:35,737 [screen.py:set_server_config()] - Temperature store size: 1200
2026-06-03 22:22:35,737 [screen.py:set_tempstore()] - Moonraker tempstore not yet available
2026-06-03 22:22:35,737 [printer.py:init_temp_store()] - Temp store: ['extruder', 'heater_bed']
2026-06-03 22:22:58,078 [printer.py:change_state()] - Changing state from 'error' to 'disconnected'
2026-06-03 22:22:58,078 [printer.py:change_state()] - Adding callback for state: disconnected
2026-06-03 22:22:58,095 [screen.py:set_dpms_timeout()] - DPMS on :0 set to: 3600
2026-06-03 22:22:58,095 [screen.py:set_screenblanking_timeout()] - Blanking timeout: 3600
2026-06-03 22:22:58,095 [screen.py:state_disconnected()] - ### Going to disconnected
2026-06-03 22:22:58,096 [screen.py:show_panel()] - Panel is already is in view
2026-06-03 22:22:58,102 [screen.py:printer_initializing()] - Klipper has disconnected
2026-06-03 22:23:02,328 [screen.py:printer_initializing()] - Initializing Klipper Connection
2026-06-03 22:23:02,426 [printer.py:log_counts()] - Klipper version: v0.13.0-689-g2fb3d54e-dirty
2026-06-03 22:23:02,427 [printer.py:log_counts()] - # Extruders: 0
2026-06-03 22:23:02,427 [printer.py:log_counts()] - # Temperature devices: 1
2026-06-03 22:23:02,427 [printer.py:log_counts()] - # Fans: 0
2026-06-03 22:23:02,427 [printer.py:log_counts()] - # Output pins: 0
2026-06-03 22:23:02,427 [printer.py:log_counts()] - # PWM tools: 0
2026-06-03 22:23:02,427 [printer.py:log_counts()] - # Leds: 0
2026-06-03 22:23:02,679 [printer.py:change_state()] - Changing state from 'disconnected' to 'error'
2026-06-03 22:23:02,679 [printer.py:change_state()] - Adding callback for state: error
2026-06-03 22:23:02,680 [KlippyWebsocket.py:object_subscription()] - Sending printer.objects.subscribe
2026-06-03 22:23:02,682 [files.py:set_gcodes_path()] - Gcodes path: /home/voron/printer_data/gcodes
2026-06-03 22:23:02,682 [screen.py:_finish_init()] - Printer initialized
2026-06-03 22:23:02,699 [screen.py:set_dpms_timeout()] - DPMS on :0 set to: 3600
2026-06-03 22:23:02,699 [screen.py:set_screenblanking_timeout()] - Blanking timeout: 3600
2026-06-03 22:23:02,700 [screen.py:show_panel()] - Panel is already is in view
2026-06-03 22:23:02,704 [screen.py:printer_initializing()] - Klipper has encountered an error.
Unknown pin chip name 'EBBCan'
Once the underlying issue is corrected, use the "RESTART"
command to reload the config and restart the host software.
Printer is halted

2026-06-03 22:23:02,705 [screen.py:set_server_config()] - Temperature store size: 1200
2026-06-03 22:23:02,706 [screen.py:set_tempstore()] - Moonraker tempstore not yet available
2026-06-03 22:23:02,706 [printer.py:init_temp_store()] - Temp store: ['heater_bed']
2026-06-03 22:32:01,649 [printer.py:change_state()] - Changing state from 'error' to 'disconnected'
2026-06-03 22:32:01,649 [printer.py:change_state()] - Adding callback for state: disconnected
2026-06-03 22:32:01,668 [screen.py:set_dpms_timeout()] - DPMS on :0 set to: 3600
2026-06-03 22:32:01,668 [screen.py:set_screenblanking_timeout()] - Blanking timeout: 3600
2026-06-03 22:32:01,668 [screen.py:state_disconnected()] - ### Going to disconnected
2026-06-03 22:32:01,669 [screen.py:show_panel()] - Panel is already is in view
2026-06-03 22:32:01,676 [screen.py:printer_initializing()] - Klipper has disconnected
2026-06-03 22:32:06,327 [screen.py:printer_initializing()] - Initializing Klipper Connection
2026-06-03 22:32:06,471 [printer.py:log_counts()] - Klipper version: v0.13.0-689-g2fb3d54e-dirty
2026-06-03 22:32:06,472 [printer.py:log_counts()] - # Extruders: 0
2026-06-03 22:32:06,472 [printer.py:log_counts()] - # Temperature devices: 1
2026-06-03 22:32:06,472 [printer.py:log_counts()] - # Fans: 0
2026-06-03 22:32:06,472 [printer.py:log_counts()] - # Output pins: 0
2026-06-03 22:32:06,472 [printer.py:log_counts()] - # PWM tools: 0
2026-06-03 22:32:06,472 [printer.py:log_counts()] - # Leds: 0
2026-06-03 22:32:06,724 [printer.py:change_state()] - Changing state from 'disconnected' to 'error'
2026-06-03 22:32:06,725 [printer.py:change_state()] - Adding callback for state: error
2026-06-03 22:32:06,726 [KlippyWebsocket.py:object_subscription()] - Sending printer.objects.subscribe
2026-06-03 22:32:06,727 [files.py:set_gcodes_path()] - Gcodes path: /home/voron/printer_data/gcodes
2026-06-03 22:32:06,727 [screen.py:_finish_init()] - Printer initialized
2026-06-03 22:32:06,743 [screen.py:set_dpms_timeout()] - DPMS on :0 set to: 3600
2026-06-03 22:32:06,743 [screen.py:set_screenblanking_timeout()] - Blanking timeout: 3600
2026-06-03 22:32:06,743 [screen.py:show_panel()] - Panel is already is in view
2026-06-03 22:32:06,748 [screen.py:printer_initializing()] - Klipper has encountered an error.
Unknown pin chip name 'EBBCan'
Once the underlying issue is corrected, use the "RESTART"
command to reload the config and restart the host software.
Printer is halted

2026-06-03 22:32:06,748 [screen.py:set_server_config()] - Temperature store size: 1200
2026-06-03 22:32:06,748 [screen.py:set_tempstore()] - Moonraker tempstore not yet available
2026-06-03 22:32:06,749 [printer.py:init_temp_store()] - Temp store: ['heater_bed']
2026-06-03 22:32:17,013 [printer.py:change_state()] - Changing state from 'error' to 'disconnected'
2026-06-03 22:32:17,013 [printer.py:change_state()] - Adding callback for state: disconnected
2026-06-03 22:32:17,038 [screen.py:set_dpms_timeout()] - DPMS on :0 set to: 3600
2026-06-03 22:32:17,038 [screen.py:set_screenblanking_timeout()] - Blanking timeout: 3600
2026-06-03 22:32:17,038 [screen.py:state_disconnected()] - ### Going to disconnected
2026-06-03 22:32:17,039 [screen.py:show_panel()] - Panel is already is in view
2026-06-03 22:32:17,051 [screen.py:printer_initializing()] - Klipper has disconnected
2026-06-03 22:32:21,327 [screen.py:printer_initializing()] - Initializing Klipper Connection
2026-06-03 22:32:21,579 [printer.py:log_counts()] - Klipper version: v0.13.0-689-g2fb3d54e-dirty
2026-06-03 22:32:21,579 [printer.py:log_counts()] - # Extruders: 1
2026-06-03 22:32:21,579 [printer.py:log_counts()] - # Temperature devices: 1
2026-06-03 22:32:21,579 [printer.py:log_counts()] - # Fans: 2
2026-06-03 22:32:21,580 [printer.py:log_counts()] - # Output pins: 0
2026-06-03 22:32:21,580 [printer.py:log_counts()] - # PWM tools: 0
2026-06-03 22:32:21,580 [printer.py:log_counts()] - # Leds: 0
2026-06-03 22:32:21,833 [printer.py:change_state()] - Changing state from 'disconnected' to 'error'
2026-06-03 22:32:21,833 [printer.py:change_state()] - Adding callback for state: error
2026-06-03 22:32:21,834 [KlippyWebsocket.py:object_subscription()] - Sending printer.objects.subscribe
2026-06-03 22:32:21,835 [files.py:set_gcodes_path()] - Gcodes path: /home/voron/printer_data/gcodes
2026-06-03 22:32:21,835 [screen.py:_finish_init()] - Printer initialized
2026-06-03 22:32:21,851 [screen.py:set_dpms_timeout()] - DPMS on :0 set to: 3600
2026-06-03 22:32:21,851 [screen.py:set_screenblanking_timeout()] - Blanking timeout: 3600
2026-06-03 22:32:21,851 [screen.py:show_panel()] - Panel is already is in view
2026-06-03 22:32:21,855 [screen.py:printer_initializing()] - Klipper has encountered an error.
pin PA0 used multiple times in config
Once the underlying issue is corrected, use the "RESTART"
command to reload the config and restart the host software.
Printer is halted

2026-06-03 22:32:21,856 [screen.py:set_server_config()] - Temperature store size: 1200
2026-06-03 22:32:21,856 [screen.py:set_tempstore()] - Moonraker tempstore not yet available
2026-06-03 22:32:21,856 [printer.py:init_temp_store()] - Temp store: ['extruder', 'heater_bed']
2026-06-03 22:33:32,786 [printer.py:change_state()] - Changing state from 'error' to 'disconnected'
2026-06-03 22:33:32,786 [printer.py:change_state()] - Adding callback for state: disconnected
2026-06-03 22:33:32,803 [screen.py:set_dpms_timeout()] - DPMS on :0 set to: 3600
2026-06-03 22:33:32,803 [screen.py:set_screenblanking_timeout()] - Blanking timeout: 3600
2026-06-03 22:33:32,804 [screen.py:state_disconnected()] - ### Going to disconnected
2026-06-03 22:33:32,804 [screen.py:show_panel()] - Panel is already is in view
2026-06-03 22:33:32,810 [screen.py:printer_initializing()] - Klipper has disconnected
2026-06-03 22:33:37,327 [screen.py:printer_initializing()] - Initializing Klipper Connection
2026-06-03 22:33:37,624 [printer.py:log_counts()] - Klipper version: v0.13.0-689-g2fb3d54e-dirty
2026-06-03 22:33:37,624 [printer.py:log_counts()] - # Extruders: 1
2026-06-03 22:33:37,624 [printer.py:log_counts()] - # Temperature devices: 1
2026-06-03 22:33:37,624 [printer.py:log_counts()] - # Fans: 2
2026-06-03 22:33:37,625 [printer.py:log_counts()] - # Output pins: 0
2026-06-03 22:33:37,625 [printer.py:log_counts()] - # PWM tools: 0
2026-06-03 22:33:37,625 [printer.py:log_counts()] - # Leds: 0
2026-06-03 22:33:37,879 [printer.py:change_state()] - Changing state from 'disconnected' to 'error'
2026-06-03 22:33:37,880 [printer.py:change_state()] - Adding callback for state: error
2026-06-03 22:33:37,881 [KlippyWebsocket.py:object_subscription()] - Sending printer.objects.subscribe
2026-06-03 22:33:37,882 [files.py:set_gcodes_path()] - Gcodes path: /home/voron/printer_data/gcodes
2026-06-03 22:33:37,882 [screen.py:_finish_init()] - Printer initialized
2026-06-03 22:33:37,898 [screen.py:set_dpms_timeout()] - DPMS on :0 set to: 3600
2026-06-03 22:33:37,898 [screen.py:set_screenblanking_timeout()] - Blanking timeout: 3600
2026-06-03 22:33:37,898 [screen.py:show_panel()] - Panel is already is in view
2026-06-03 22:33:37,902 [screen.py:printer_initializing()] - Klipper has encountered an error.
Pin 'TH0' is not a valid pin name on mcu 'EBBCan'
Once the underlying issue is corrected, use the "RESTART"
command to reload the config and restart the host software.
Printer is halted

2026-06-03 22:33:37,903 [screen.py:set_server_config()] - Temperature store size: 1200
2026-06-03 22:33:37,903 [screen.py:set_tempstore()] - Moonraker tempstore not yet available
2026-06-03 22:33:37,903 [printer.py:init_temp_store()] - Temp store: ['extruder', 'heater_bed']
2026-06-03 22:33:52,133 [printer.py:change_state()] - Changing state from 'error' to 'disconnected'
2026-06-03 22:33:52,134 [printer.py:change_state()] - Adding callback for state: disconnected
2026-06-03 22:33:52,152 [screen.py:set_dpms_timeout()] - DPMS on :0 set to: 3600
2026-06-03 22:33:52,152 [screen.py:set_screenblanking_timeout()] - Blanking timeout: 3600
2026-06-03 22:33:52,153 [screen.py:state_disconnected()] - ### Going to disconnected
2026-06-03 22:33:52,153 [screen.py:show_panel()] - Panel is already is in view
2026-06-03 22:33:52,160 [screen.py:printer_initializing()] - Klipper has disconnected
2026-06-03 22:33:56,327 [screen.py:printer_initializing()] - Initializing Klipper Connection
2026-06-03 22:33:56,360 [screen.py:printer_initializing()] - Unable to get printer info from moonraker
2026-06-03 22:34:00,334 [screen.py:printer_initializing()] - Initializing Klipper Connection
2026-06-03 22:34:00,408 [screen.py:printer_initializing()] - Unable to get printer info from moonraker
2026-06-03 22:34:04,331 [screen.py:printer_initializing()] - Initializing Klipper Connection
2026-06-03 22:34:04,385 [screen.py:printer_initializing()] - Unable to get printer info from moonraker
2026-06-03 22:34:08,327 [screen.py:printer_initializing()] - Initializing Klipper Connection
2026-06-03 22:34:08,379 [screen.py:printer_initializing()] - Unable to get printer info from moonraker
2026-06-03 22:34:12,336 [screen.py:printer_initializing()] - Initializing Klipper Connection
2026-06-03 22:34:12,432 [printer.py:log_counts()] - Klipper version: v0.13.0-689-g2fb3d54e-dirty
2026-06-03 22:34:12,432 [printer.py:log_counts()] - # Extruders: 0
2026-06-03 22:34:12,432 [printer.py:log_counts()] - # Temperature devices: 1
2026-06-03 22:34:12,432 [printer.py:log_counts()] - # Fans: 0
2026-06-03 22:34:12,432 [printer.py:log_counts()] - # Output pins: 0
2026-06-03 22:34:12,432 [printer.py:log_counts()] - # PWM tools: 0
2026-06-03 22:34:12,433 [printer.py:log_counts()] - # Leds: 0
2026-06-03 22:34:12,697 [printer.py:change_state()] - Changing state from 'disconnected' to 'error'
2026-06-03 22:34:12,697 [printer.py:change_state()] - Adding callback for state: error
2026-06-03 22:34:12,699 [KlippyWebsocket.py:object_subscription()] - Sending printer.objects.subscribe
2026-06-03 22:34:12,701 [files.py:set_gcodes_path()] - Gcodes path: /home/voron/printer_data/gcodes
2026-06-03 22:34:12,701 [screen.py:_finish_init()] - Printer initialized
2026-06-03 22:34:12,731 [screen.py:set_dpms_timeout()] - DPMS on :0 set to: 3600
2026-06-03 22:34:12,731 [screen.py:set_screenblanking_timeout()] - Blanking timeout: 3600
2026-06-03 22:34:12,731 [screen.py:show_panel()] - Panel is already is in view
2026-06-03 22:34:12,738 [screen.py:printer_initializing()] - Klipper has encountered an error.
Unknown pin chip name 'EBBCan'
Once the underlying issue is corrected, use the "RESTART"
command to reload the config and restart the host software.
Printer is halted

2026-06-03 22:34:12,739 [screen.py:set_server_config()] - Temperature store size: 1200
2026-06-03 22:34:12,739 [screen.py:set_tempstore()] - Moonraker tempstore not yet available
2026-06-03 22:34:12,740 [printer.py:init_temp_store()] - Temp store: ['heater_bed']
2026-06-03 22:34:19,670 [printer.py:change_state()] - Changing state from 'error' to 'disconnected'
2026-06-03 22:34:19,671 [printer.py:change_state()] - Adding callback for state: disconnected
2026-06-03 22:34:19,691 [screen.py:set_dpms_timeout()] - DPMS on :0 set to: 3600
2026-06-03 22:34:19,692 [screen.py:set_screenblanking_timeout()] - Blanking timeout: 3600
2026-06-03 22:34:19,692 [screen.py:state_disconnected()] - ### Going to disconnected
2026-06-03 22:34:19,692 [screen.py:show_panel()] - Panel is already is in view
2026-06-03 22:34:19,700 [screen.py:printer_initializing()] - Klipper has disconnected
2026-06-03 22:34:24,327 [screen.py:printer_initializing()] - Initializing Klipper Connection
2026-06-03 22:34:24,505 [printer.py:log_counts()] - Klipper version: v0.13.0-689-g2fb3d54e-dirty
2026-06-03 22:34:24,505 [printer.py:log_counts()] - # Extruders: 1
2026-06-03 22:34:24,506 [printer.py:log_counts()] - # Temperature devices: 1
2026-06-03 22:34:24,506 [printer.py:log_counts()] - # Fans: 2
2026-06-03 22:34:24,506 [printer.py:log_counts()] - # Output pins: 0
2026-06-03 22:34:24,506 [printer.py:log_counts()] - # PWM tools: 0
2026-06-03 22:34:24,506 [printer.py:log_counts()] - # Leds: 0
2026-06-03 22:34:24,761 [printer.py:change_state()] - Changing state from 'disconnected' to 'error'
2026-06-03 22:34:24,762 [printer.py:change_state()] - Adding callback for state: error
2026-06-03 22:34:24,763 [KlippyWebsocket.py:object_subscription()] - Sending printer.objects.subscribe
2026-06-03 22:34:24,764 [files.py:set_gcodes_path()] - Gcodes path: /home/voron/printer_data/gcodes
2026-06-03 22:34:24,764 [screen.py:_finish_init()] - Printer initialized
2026-06-03 22:34:24,780 [screen.py:set_dpms_timeout()] - DPMS on :0 set to: 3600
2026-06-03 22:34:24,780 [screen.py:set_screenblanking_timeout()] - Blanking timeout: 3600
2026-06-03 22:34:24,780 [screen.py:show_panel()] - Panel is already is in view
2026-06-03 22:34:24,784 [screen.py:printer_initializing()] - Klipper has encountered an error.
A FIRMWARE_RESTART may fix the issue.
Can not update MCU 'EBBCan' config as it is shutdown
Once the underlying issue is corrected, use the
"FIRMWARE_RESTART" command to reset the firmware, reload the
config, and restart the host software.
Error configuring printer

2026-06-03 22:34:24,784 [screen.py:set_server_config()] - Temperature store size: 1200
2026-06-03 22:34:24,785 [screen.py:set_tempstore()] - Moonraker tempstore not yet available
2026-06-03 22:34:24,785 [printer.py:init_temp_store()] - Temp store: ['extruder', 'heater_bed']
2026-06-03 22:34:36,103 [printer.py:change_state()] - Changing state from 'error' to 'disconnected'
2026-06-03 22:34:36,103 [printer.py:change_state()] - Adding callback for state: disconnected
2026-06-03 22:34:36,122 [screen.py:set_dpms_timeout()] - DPMS on :0 set to: 3600
2026-06-03 22:34:36,122 [screen.py:set_screenblanking_timeout()] - Blanking timeout: 3600
2026-06-03 22:34:36,122 [screen.py:state_disconnected()] - ### Going to disconnected
2026-06-03 22:34:36,123 [screen.py:show_panel()] - Panel is already is in view
2026-06-03 22:34:36,129 [screen.py:printer_initializing()] - Klipper has disconnected
2026-06-03 22:34:40,327 [screen.py:printer_initializing()] - Initializing Klipper Connection
2026-06-03 22:34:40,419 [printer.py:log_counts()] - Klipper version: v0.13.0-689-g2fb3d54e-dirty
2026-06-03 22:34:40,420 [printer.py:log_counts()] - # Extruders: 0
2026-06-03 22:34:40,420 [printer.py:log_counts()] - # Temperature devices: 1
2026-06-03 22:34:40,420 [printer.py:log_counts()] - # Fans: 0
2026-06-03 22:34:40,420 [printer.py:log_counts()] - # Output pins: 0
2026-06-03 22:34:40,420 [printer.py:log_counts()] - # PWM tools: 0
2026-06-03 22:34:40,420 [printer.py:log_counts()] - # Leds: 0
2026-06-03 22:34:40,673 [printer.py:change_state()] - Changing state from 'disconnected' to 'error'
2026-06-03 22:34:40,673 [printer.py:change_state()] - Adding callback for state: error
2026-06-03 22:34:40,674 [KlippyWebsocket.py:object_subscription()] - Sending printer.objects.subscribe
2026-06-03 22:34:40,675 [files.py:set_gcodes_path()] - Gcodes path: /home/voron/printer_data/gcodes
2026-06-03 22:34:40,675 [screen.py:_finish_init()] - Printer initialized
2026-06-03 22:34:40,691 [screen.py:set_dpms_timeout()] - DPMS on :0 set to: 3600
2026-06-03 22:34:40,691 [screen.py:set_screenblanking_timeout()] - Blanking timeout: 3600
2026-06-03 22:34:40,691 [screen.py:show_panel()] - Panel is already is in view
2026-06-03 22:34:40,695 [screen.py:printer_initializing()] - Klipper has encountered an error.
Unknown pin chip name 'EBBCan'
Once the underlying issue is corrected, use the "RESTART"
command to reload the config and restart the host software.
Printer is halted

2026-06-03 22:34:40,696 [screen.py:set_server_config()] - Temperature store size: 1200
2026-06-03 22:34:40,696 [screen.py:set_tempstore()] - Moonraker tempstore not yet available
2026-06-03 22:34:40,696 [printer.py:init_temp_store()] - Temp store: ['heater_bed']
2026-06-03 22:53:46,691 [printer.py:change_state()] - Changing state from 'error' to 'disconnected'
2026-06-03 22:53:46,691 [printer.py:change_state()] - Adding callback for state: disconnected
2026-06-03 22:53:46,712 [screen.py:set_dpms_timeout()] - DPMS on :0 set to: 3600
2026-06-03 22:53:46,712 [screen.py:set_screenblanking_timeout()] - Blanking timeout: 3600
2026-06-03 22:53:46,712 [screen.py:state_disconnected()] - ### Going to disconnected
2026-06-03 22:53:46,713 [screen.py:show_panel()] - Panel is already is in view
2026-06-03 22:53:46,721 [screen.py:printer_initializing()] - Klipper has disconnected
2026-06-03 22:53:51,327 [screen.py:printer_initializing()] - Initializing Klipper Connection
2026-06-03 22:53:51,509 [printer.py:log_counts()] - Klipper version: v0.13.0-689-g2fb3d54e-dirty
2026-06-03 22:53:51,509 [printer.py:log_counts()] - # Extruders: 1
2026-06-03 22:53:51,509 [printer.py:log_counts()] - # Temperature devices: 1
2026-06-03 22:53:51,509 [printer.py:log_counts()] - # Fans: 2
2026-06-03 22:53:51,509 [printer.py:log_counts()] - # Output pins: 0
2026-06-03 22:53:51,509 [printer.py:log_counts()] - # PWM tools: 0
2026-06-03 22:53:51,509 [printer.py:log_counts()] - # Leds: 0
2026-06-03 22:53:51,762 [printer.py:change_state()] - Changing state from 'disconnected' to 'error'
2026-06-03 22:53:51,762 [printer.py:change_state()] - Adding callback for state: error
2026-06-03 22:53:51,763 [KlippyWebsocket.py:object_subscription()] - Sending printer.objects.subscribe
2026-06-03 22:53:51,765 [files.py:set_gcodes_path()] - Gcodes path: /home/voron/printer_data/gcodes
2026-06-03 22:53:51,765 [screen.py:_finish_init()] - Printer initialized
2026-06-03 22:53:51,794 [screen.py:set_dpms_timeout()] - DPMS on :0 set to: 3600
2026-06-03 22:53:51,795 [screen.py:set_screenblanking_timeout()] - Blanking timeout: 3600
2026-06-03 22:53:51,795 [screen.py:show_panel()] - Panel is already is in view
2026-06-03 22:53:51,803 [screen.py:printer_initializing()] - Klipper has encountered an error.
Unknown temperature sensor 'PT1000 Thermistor'
Once the underlying issue is corrected, use the "RESTART"
command to reload the config and restart the host software.
Printer is halted

2026-06-03 22:53:51,804 [screen.py:set_server_config()] - Temperature store size: 1200
2026-06-03 22:53:51,804 [screen.py:set_tempstore()] - Moonraker tempstore not yet available
2026-06-03 22:53:51,805 [printer.py:init_temp_store()] - Temp store: ['extruder', 'heater_bed']
2026-06-03 22:54:41,198 [printer.py:change_state()] - Changing state from 'error' to 'disconnected'
2026-06-03 22:54:41,199 [printer.py:change_state()] - Adding callback for state: disconnected
2026-06-03 22:54:41,219 [screen.py:set_dpms_timeout()] - DPMS on :0 set to: 3600
2026-06-03 22:54:41,220 [screen.py:set_screenblanking_timeout()] - Blanking timeout: 3600
2026-06-03 22:54:41,220 [screen.py:state_disconnected()] - ### Going to disconnected
2026-06-03 22:54:41,221 [screen.py:show_panel()] - Panel is already is in view
2026-06-03 22:54:41,229 [screen.py:printer_initializing()] - Klipper has disconnected
2026-06-03 22:54:45,327 [screen.py:printer_initializing()] - Initializing Klipper Connection
2026-06-03 22:54:45,517 [printer.py:log_counts()] - Klipper version: v0.13.0-689-g2fb3d54e-dirty
2026-06-03 22:54:45,517 [printer.py:log_counts()] - # Extruders: 1
2026-06-03 22:54:45,517 [printer.py:log_counts()] - # Temperature devices: 1
2026-06-03 22:54:45,517 [printer.py:log_counts()] - # Fans: 2
2026-06-03 22:54:45,517 [printer.py:log_counts()] - # Output pins: 0
2026-06-03 22:54:45,517 [printer.py:log_counts()] - # PWM tools: 0
2026-06-03 22:54:45,517 [printer.py:log_counts()] - # Leds: 0
2026-06-03 22:54:45,770 [printer.py:change_state()] - Changing state from 'disconnected' to 'error'
2026-06-03 22:54:45,771 [printer.py:change_state()] - Adding callback for state: error
2026-06-03 22:54:45,772 [KlippyWebsocket.py:object_subscription()] - Sending printer.objects.subscribe
2026-06-03 22:54:45,773 [files.py:set_gcodes_path()] - Gcodes path: /home/voron/printer_data/gcodes
2026-06-03 22:54:45,773 [screen.py:_finish_init()] - Printer initialized
2026-06-03 22:54:45,788 [screen.py:set_dpms_timeout()] - DPMS on :0 set to: 3600
2026-06-03 22:54:45,788 [screen.py:set_screenblanking_timeout()] - Blanking timeout: 3600
2026-06-03 22:54:45,789 [screen.py:show_panel()] - Panel is already is in view
2026-06-03 22:54:45,793 [screen.py:printer_initializing()] - Klipper has encountered an error.
Unknown temperature sensor '104NT Thermistor'
Once the underlying issue is corrected, use the "RESTART"
command to reload the config and restart the host software.
Printer is halted

2026-06-03 22:54:45,793 [screen.py:set_server_config()] - Temperature store size: 1200
2026-06-03 22:54:45,794 [screen.py:set_tempstore()] - Moonraker tempstore not yet available
2026-06-03 22:54:45,794 [printer.py:init_temp_store()] - Temp store: ['extruder', 'heater_bed']
2026-06-03 22:55:44,457 [printer.py:change_state()] - Changing state from 'error' to 'disconnected'
2026-06-03 22:55:44,457 [printer.py:change_state()] - Adding callback for state: disconnected
2026-06-03 22:55:44,480 [screen.py:set_dpms_timeout()] - DPMS on :0 set to: 3600
2026-06-03 22:55:44,481 [screen.py:set_screenblanking_timeout()] - Blanking timeout: 3600
2026-06-03 22:55:44,481 [screen.py:state_disconnected()] - ### Going to disconnected
2026-06-03 22:55:44,482 [screen.py:show_panel()] - Panel is already is in view
2026-06-03 22:55:44,491 [screen.py:printer_initializing()] - Klipper has disconnected
2026-06-03 22:55:48,327 [screen.py:printer_initializing()] - Initializing Klipper Connection
2026-06-03 22:55:48,523 [printer.py:log_counts()] - Klipper version: v0.13.0-689-g2fb3d54e-dirty
2026-06-03 22:55:48,523 [printer.py:log_counts()] - # Extruders: 1
2026-06-03 22:55:48,523 [printer.py:log_counts()] - # Temperature devices: 1
2026-06-03 22:55:48,523 [printer.py:log_counts()] - # Fans: 2
2026-06-03 22:55:48,523 [printer.py:log_counts()] - # Output pins: 0
2026-06-03 22:55:48,523 [printer.py:log_counts()] - # PWM tools: 0
2026-06-03 22:55:48,523 [printer.py:log_counts()] - # Leds: 0
2026-06-03 22:55:48,776 [printer.py:change_state()] - Changing state from 'disconnected' to 'error'
2026-06-03 22:55:48,776 [printer.py:change_state()] - Adding callback for state: error
2026-06-03 22:55:48,777 [KlippyWebsocket.py:object_subscription()] - Sending printer.objects.subscribe
2026-06-03 22:55:48,778 [files.py:set_gcodes_path()] - Gcodes path: /home/voron/printer_data/gcodes
2026-06-03 22:55:48,778 [screen.py:_finish_init()] - Printer initialized
2026-06-03 22:55:48,794 [screen.py:set_dpms_timeout()] - DPMS on :0 set to: 3600
2026-06-03 22:55:48,794 [screen.py:set_screenblanking_timeout()] - Blanking timeout: 3600
2026-06-03 22:55:48,795 [screen.py:show_panel()] - Panel is already is in view
2026-06-03 22:55:48,799 [screen.py:printer_initializing()] - Klipper has encountered an error.
Unknown temperature sensor 'sensor_type: ATC Semitec 104NT-4-R025H42G'
Once the underlying issue is corrected, use the "RESTART"
command to reload the config and restart the host software.
Printer is halted

2026-06-03 22:55:48,799 [screen.py:set_server_config()] - Temperature store size: 1200
2026-06-03 22:55:48,800 [screen.py:set_tempstore()] - Moonraker tempstore not yet available
2026-06-03 22:55:48,800 [printer.py:init_temp_store()] - Temp store: ['extruder', 'heater_bed']
2026-06-03 22:56:07,398 [printer.py:change_state()] - Changing state from 'error' to 'disconnected'
2026-06-03 22:56:07,399 [printer.py:change_state()] - Adding callback for state: disconnected
2026-06-03 22:56:07,422 [screen.py:set_dpms_timeout()] - DPMS on :0 set to: 3600
2026-06-03 22:56:07,423 [screen.py:set_screenblanking_timeout()] - Blanking timeout: 3600
2026-06-03 22:56:07,423 [screen.py:state_disconnected()] - ### Going to disconnected
2026-06-03 22:56:07,424 [screen.py:show_panel()] - Panel is already is in view
2026-06-03 22:56:07,433 [screen.py:printer_initializing()] - Klipper has disconnected
2026-06-03 22:56:11,327 [screen.py:printer_initializing()] - Initializing Klipper Connection
2026-06-03 22:56:11,360 [screen.py:printer_initializing()] - Unable to get printer info from moonraker
2026-06-03 22:56:15,333 [screen.py:printer_initializing()] - Initializing Klipper Connection
2026-06-03 22:56:15,403 [screen.py:printer_initializing()] - Unable to get printer info from moonraker
2026-06-03 22:56:19,332 [screen.py:printer_initializing()] - Initializing Klipper Connection
2026-06-03 22:56:19,389 [screen.py:printer_initializing()] - Unable to get printer info from moonraker
2026-06-03 22:56:23,327 [screen.py:printer_initializing()] - Initializing Klipper Connection
2026-06-03 22:56:23,392 [printer.py:log_counts()] - Klipper version: v0.13.0-689-g2fb3d54e-dirty
2026-06-03 22:56:23,393 [printer.py:log_counts()] - # Extruders: 1
2026-06-03 22:56:23,393 [printer.py:log_counts()] - # Temperature devices: 1
2026-06-03 22:56:23,393 [printer.py:log_counts()] - # Fans: 2
2026-06-03 22:56:23,393 [printer.py:log_counts()] - # Output pins: 0
2026-06-03 22:56:23,393 [printer.py:log_counts()] - # PWM tools: 0
2026-06-03 22:56:23,393 [printer.py:log_counts()] - # Leds: 0
2026-06-03 22:56:23,647 [printer.py:change_state()] - Changing state from 'disconnected' to 'error'
2026-06-03 22:56:23,648 [printer.py:change_state()] - Adding callback for state: error
2026-06-03 22:56:23,649 [KlippyWebsocket.py:object_subscription()] - Sending printer.objects.subscribe
2026-06-03 22:56:23,650 [files.py:set_gcodes_path()] - Gcodes path: /home/voron/printer_data/gcodes
2026-06-03 22:56:23,650 [screen.py:_finish_init()] - Printer initialized
2026-06-03 22:56:23,665 [screen.py:set_dpms_timeout()] - DPMS on :0 set to: 3600
2026-06-03 22:56:23,666 [screen.py:set_screenblanking_timeout()] - Blanking timeout: 3600
2026-06-03 22:56:23,666 [screen.py:show_panel()] - Panel is already is in view
2026-06-03 22:56:23,670 [screen.py:printer_initializing()] - Klipper has encountered an error.
A FIRMWARE_RESTART may fix the issue.
Can not update MCU 'mcu' config as it is shutdown
Once the underlying issue is corrected, use the
"FIRMWARE_RESTART" command to reset the firmware, reload the
config, and restart the host software.
Error configuring printer

2026-06-03 22:56:23,670 [screen.py:set_server_config()] - Temperature store size: 1200
2026-06-03 22:56:23,671 [screen.py:set_tempstore()] - Moonraker tempstore not yet available
2026-06-03 22:56:23,671 [printer.py:init_temp_store()] - Temp store: ['extruder', 'heater_bed']
2026-06-03 22:56:44,878 [printer.py:change_state()] - Changing state from 'error' to 'disconnected'
2026-06-03 22:56:44,878 [printer.py:change_state()] - Adding callback for state: disconnected
2026-06-03 22:56:44,896 [screen.py:set_dpms_timeout()] - DPMS on :0 set to: 3600
2026-06-03 22:56:44,896 [screen.py:set_screenblanking_timeout()] - Blanking timeout: 3600
2026-06-03 22:56:44,897 [screen.py:state_disconnected()] - ### Going to disconnected
2026-06-03 22:56:44,897 [screen.py:show_panel()] - Panel is already is in view
2026-06-03 22:56:44,905 [screen.py:printer_initializing()] - Klipper has disconnected
2026-06-03 22:56:49,327 [screen.py:printer_initializing()] - Initializing Klipper Connection
2026-06-03 22:56:49,445 [printer.py:log_counts()] - Klipper version: v0.13.0-689-g2fb3d54e-dirty
2026-06-03 22:56:49,445 [printer.py:log_counts()] - # Extruders: 1
2026-06-03 22:56:49,445 [printer.py:log_counts()] - # Temperature devices: 1
2026-06-03 22:56:49,445 [printer.py:log_counts()] - # Fans: 2
2026-06-03 22:56:49,445 [printer.py:log_counts()] - # Output pins: 0
2026-06-03 22:56:49,445 [printer.py:log_counts()] - # PWM tools: 0
2026-06-03 22:56:49,445 [printer.py:log_counts()] - # Leds: 0
2026-06-03 22:56:49,699 [printer.py:change_state()] - Changing state from 'disconnected' to 'error'
2026-06-03 22:56:49,699 [printer.py:change_state()] - Adding callback for state: error
2026-06-03 22:56:49,701 [KlippyWebsocket.py:object_subscription()] - Sending printer.objects.subscribe
2026-06-03 22:56:49,701 [files.py:set_gcodes_path()] - Gcodes path: /home/voron/printer_data/gcodes
2026-06-03 22:56:49,702 [screen.py:_finish_init()] - Printer initialized
2026-06-03 22:56:49,717 [screen.py:set_dpms_timeout()] - DPMS on :0 set to: 3600
2026-06-03 22:56:49,717 [screen.py:set_screenblanking_timeout()] - Blanking timeout: 3600
2026-06-03 22:56:49,717 [screen.py:show_panel()] - Panel is already is in view
2026-06-03 22:56:49,722 [screen.py:printer_initializing()] - Klipper has encountered an error.
Unknown temperature sensor 'PT1000 Thermistor'
Once the underlying issue is corrected, use the "RESTART"
command to reload the config and restart the host software.
Printer is halted

2026-06-03 22:56:49,722 [screen.py:set_server_config()] - Temperature store size: 1200
2026-06-03 22:56:49,723 [screen.py:set_tempstore()] - Moonraker tempstore not yet available
2026-06-03 22:56:49,723 [printer.py:init_temp_store()] - Temp store: ['extruder', 'heater_bed']
2026-06-03 22:57:26,148 [printer.py:change_state()] - Changing state from 'error' to 'disconnected'
2026-06-03 22:57:26,148 [printer.py:change_state()] - Adding callback for state: disconnected
2026-06-03 22:57:26,169 [screen.py:set_dpms_timeout()] - DPMS on :0 set to: 3600
2026-06-03 22:57:26,169 [screen.py:set_screenblanking_timeout()] - Blanking timeout: 3600
2026-06-03 22:57:26,169 [screen.py:state_disconnected()] - ### Going to disconnected
2026-06-03 22:57:26,170 [screen.py:show_panel()] - Panel is already is in view
2026-06-03 22:57:26,178 [screen.py:printer_initializing()] - Klipper has disconnected
2026-06-03 22:57:30,327 [screen.py:printer_initializing()] - Initializing Klipper Connection
2026-06-03 22:57:30,360 [screen.py:printer_initializing()] - Unable to get printer info from moonraker
2026-06-03 22:57:34,333 [screen.py:printer_initializing()] - Initializing Klipper Connection
2026-06-03 22:57:34,393 [screen.py:printer_initializing()] - Unable to get printer info from moonraker
2026-06-03 22:57:38,327 [screen.py:printer_initializing()] - Initializing Klipper Connection
2026-06-03 22:57:38,359 [screen.py:printer_initializing()] - Unable to get printer info from moonraker
2026-06-03 22:57:42,327 [screen.py:printer_initializing()] - Initializing Klipper Connection
2026-06-03 22:57:42,467 [printer.py:log_counts()] - Klipper version: v0.13.0-689-g2fb3d54e-dirty
2026-06-03 22:57:42,467 [printer.py:log_counts()] - # Extruders: 1
2026-06-03 22:57:42,468 [printer.py:log_counts()] - # Temperature devices: 1
2026-06-03 22:57:42,468 [printer.py:log_counts()] - # Fans: 2
2026-06-03 22:57:42,468 [printer.py:log_counts()] - # Output pins: 0
2026-06-03 22:57:42,468 [printer.py:log_counts()] - # PWM tools: 0
2026-06-03 22:57:42,468 [printer.py:log_counts()] - # Leds: 0
2026-06-03 22:57:42,723 [printer.py:change_state()] - Changing state from 'disconnected' to 'error'
2026-06-03 22:57:42,723 [printer.py:change_state()] - Adding callback for state: error
2026-06-03 22:57:42,724 [KlippyWebsocket.py:object_subscription()] - Sending printer.objects.subscribe
2026-06-03 22:57:42,725 [files.py:set_gcodes_path()] - Gcodes path: /home/voron/printer_data/gcodes
2026-06-03 22:57:42,725 [screen.py:_finish_init()] - Printer initialized
2026-06-03 22:57:42,741 [screen.py:set_dpms_timeout()] - DPMS on :0 set to: 3600
2026-06-03 22:57:42,741 [screen.py:set_screenblanking_timeout()] - Blanking timeout: 3600
2026-06-03 22:57:42,741 [screen.py:show_panel()] - Panel is already is in view
2026-06-03 22:57:42,745 [screen.py:printer_initializing()] - Klipper has encountered an error.
A FIRMWARE_RESTART may fix the issue.
Can not update MCU 'mcu' config as it is shutdown
Once the underlying issue is corrected, use the
"FIRMWARE_RESTART" command to reset the firmware, reload the
config, and restart the host software.
Error configuring printer

2026-06-03 22:57:42,746 [screen.py:set_server_config()] - Temperature store size: 1200
2026-06-03 22:57:42,746 [screen.py:set_tempstore()] - Moonraker tempstore not yet available
2026-06-03 22:57:42,746 [printer.py:init_temp_store()] - Temp store: ['extruder', 'heater_bed']
2026-06-03 23:01:02,789 [printer.py:change_state()] - Changing state from 'error' to 'disconnected'
2026-06-03 23:01:02,790 [printer.py:change_state()] - Adding callback for state: disconnected
2026-06-03 23:01:02,807 [screen.py:set_dpms_timeout()] - DPMS on :0 set to: 3600
2026-06-03 23:01:02,808 [screen.py:set_screenblanking_timeout()] - Blanking timeout: 3600
2026-06-03 23:01:02,808 [screen.py:state_disconnected()] - ### Going to disconnected
2026-06-03 23:01:02,808 [screen.py:show_panel()] - Panel is already is in view
2026-06-03 23:01:02,815 [screen.py:printer_initializing()] - Klipper has disconnected
2026-06-03 23:01:07,328 [screen.py:printer_initializing()] - Initializing Klipper Connection
2026-06-03 23:01:07,362 [screen.py:printer_initializing()] - Unable to get printer info from moonraker
2026-06-03 23:01:11,334 [screen.py:printer_initializing()] - Initializing Klipper Connection
2026-06-03 23:01:11,405 [screen.py:printer_initializing()] - Unable to get printer info from moonraker
2026-06-03 23:01:15,334 [screen.py:printer_initializing()] - Initializing Klipper Connection
2026-06-03 23:01:15,403 [screen.py:printer_initializing()] - Unable to get printer info from moonraker
2026-06-03 23:01:19,328 [screen.py:printer_initializing()] - Initializing Klipper Connection
2026-06-03 23:01:19,450 [printer.py:log_counts()] - Klipper version: v0.13.0-689-g2fb3d54e-dirty
2026-06-03 23:01:19,450 [printer.py:log_counts()] - # Extruders: 1
2026-06-03 23:01:19,450 [printer.py:log_counts()] - # Temperature devices: 1
2026-06-03 23:01:19,450 [printer.py:log_counts()] - # Fans: 2
2026-06-03 23:01:19,450 [printer.py:log_counts()] - # Output pins: 0
2026-06-03 23:01:19,450 [printer.py:log_counts()] - # PWM tools: 0
2026-06-03 23:01:19,450 [printer.py:log_counts()] - # Leds: 0
2026-06-03 23:01:19,705 [printer.py:change_state()] - Changing state from 'disconnected' to 'error'
2026-06-03 23:01:19,705 [printer.py:change_state()] - Adding callback for state: error
2026-06-03 23:01:19,706 [KlippyWebsocket.py:object_subscription()] - Sending printer.objects.subscribe
2026-06-03 23:01:19,707 [files.py:set_gcodes_path()] - Gcodes path: /home/voron/printer_data/gcodes
2026-06-03 23:01:19,707 [screen.py:_finish_init()] - Printer initialized
2026-06-03 23:01:19,723 [screen.py:set_dpms_timeout()] - DPMS on :0 set to: 3600
2026-06-03 23:01:19,723 [screen.py:set_screenblanking_timeout()] - Blanking timeout: 3600
2026-06-03 23:01:19,723 [screen.py:show_panel()] - Panel is already is in view
2026-06-03 23:01:19,727 [screen.py:printer_initializing()] - Klipper has encountered an error.
A FIRMWARE_RESTART may fix the issue.
Can not update MCU 'mcu' config as it is shutdown
Once the underlying issue is corrected, use the
"FIRMWARE_RESTART" command to reset the firmware, reload the
config, and restart the host software.
Error configuring printer

2026-06-03 23:01:19,728 [screen.py:set_server_config()] - Temperature store size: 1200
2026-06-03 23:01:19,728 [screen.py:set_tempstore()] - Moonraker tempstore not yet available
2026-06-03 23:01:19,728 [printer.py:init_temp_store()] - Temp store: ['extruder', 'heater_bed']
2026-06-03 23:01:59,741 [printer.py:change_state()] - Changing state from 'error' to 'disconnected'
2026-06-03 23:01:59,741 [printer.py:change_state()] - Adding callback for state: disconnected
2026-06-03 23:01:59,762 [screen.py:set_dpms_timeout()] - DPMS on :0 set to: 3600
2026-06-03 23:01:59,762 [screen.py:set_screenblanking_timeout()] - Blanking timeout: 3600
2026-06-03 23:01:59,762 [screen.py:state_disconnected()] - ### Going to disconnected
2026-06-03 23:01:59,763 [screen.py:show_panel()] - Panel is already is in view
2026-06-03 23:01:59,768 [screen.py:printer_initializing()] - Klipper has disconnected
2026-06-03 23:02:04,328 [screen.py:printer_initializing()] - Initializing Klipper Connection
2026-06-03 23:02:04,363 [screen.py:printer_initializing()] - Unable to get printer info from moonraker
2026-06-03 23:02:08,334 [screen.py:printer_initializing()] - Initializing Klipper Connection
2026-06-03 23:02:08,408 [screen.py:printer_initializing()] - Unable to get printer info from moonraker
2026-06-03 23:02:12,328 [screen.py:printer_initializing()] - Initializing Klipper Connection
2026-06-03 23:02:12,362 [screen.py:printer_initializing()] - Unable to get printer info from moonraker
2026-06-03 23:02:16,328 [screen.py:printer_initializing()] - Initializing Klipper Connection
2026-06-03 23:02:16,449 [printer.py:log_counts()] - Klipper version: v0.13.0-689-g2fb3d54e-dirty
2026-06-03 23:02:16,449 [printer.py:log_counts()] - # Extruders: 1
2026-06-03 23:02:16,449 [printer.py:log_counts()] - # Temperature devices: 1
2026-06-03 23:02:16,449 [printer.py:log_counts()] - # Fans: 2
2026-06-03 23:02:16,449 [printer.py:log_counts()] - # Output pins: 0
2026-06-03 23:02:16,449 [printer.py:log_counts()] - # PWM tools: 0
2026-06-03 23:02:16,449 [printer.py:log_counts()] - # Leds: 0
2026-06-03 23:02:16,704 [printer.py:change_state()] - Changing state from 'disconnected' to 'error'
2026-06-03 23:02:16,704 [printer.py:change_state()] - Adding callback for state: error
2026-06-03 23:02:16,705 [KlippyWebsocket.py:object_subscription()] - Sending printer.objects.subscribe
2026-06-03 23:02:16,706 [files.py:set_gcodes_path()] - Gcodes path: /home/voron/printer_data/gcodes
2026-06-03 23:02:16,707 [screen.py:_finish_init()] - Printer initialized
2026-06-03 23:02:16,723 [screen.py:set_dpms_timeout()] - DPMS on :0 set to: 3600
2026-06-03 23:02:16,723 [screen.py:set_screenblanking_timeout()] - Blanking timeout: 3600
2026-06-03 23:02:16,723 [screen.py:show_panel()] - Panel is already is in view
2026-06-03 23:02:16,727 [screen.py:printer_initializing()] - Klipper has encountered an error.
A FIRMWARE_RESTART may fix the issue.
Can not update MCU 'mcu' config as it is shutdown
Once the underlying issue is corrected, use the
"FIRMWARE_RESTART" command to reset the firmware, reload the
config, and restart the host software.
Error configuring printer

2026-06-03 23:02:16,728 [screen.py:set_server_config()] - Temperature store size: 1200
2026-06-03 23:02:16,728 [screen.py:set_tempstore()] - Moonraker tempstore not yet available
2026-06-03 23:02:16,728 [printer.py:init_temp_store()] - Temp store: ['extruder', 'heater_bed']
2026-06-03 23:07:14,409 [functions.py:log_start()] - --------------------KlipperScreen Log Start--------------------
2026-06-03 23:07:14,409 [functions.py:log_start()] - KlipperScreen Version: v0.4.7-53-g60ab1c6
2026-06-03 23:07:14,409 [functions.py:log_start()] - Python version: 3.13
2026-06-03 23:07:14,524 [config.py:get_config_file_location()] - Passed config (-c): .
2026-06-03 23:07:14,524 [config.py:__init__()] - Config path location: /home/voron/printer_data/config/KlipperScreen.conf
2026-06-03 23:07:14,572 [config.py:log_config()] - ===== Config File =====

=======================
2026-06-03 23:07:14,573 [config.py:__init__()] - 
====== Saved ======




2026-06-03 23:07:14,573 [config.py:__init__()] - Configured printers: [
  {
    "Printer": {
      "moonraker_host": "127.0.0.1",
      "moonraker_port": "7125",
      "moonraker_path": "",
      "moonraker_ssl": null,
      "moonraker_api_key": ""
    }
  }
]
2026-06-03 23:07:14,674 [config.py:create_translations()] - Selected lang: system_lang OS lang: en_GB
2026-06-03 23:07:14,674 [config.py:install_language()] - Using lang en
2026-06-03 23:07:14,684 [screen.py:__init__()] - Display for xset: :0
2026-06-03 23:07:14,685 [screen.py:__init__()] - Screen 0: 800x480
2026-06-03 23:07:14,685 [screen.py:__init__()] - Monitors: 1 using number: 0
2026-06-03 23:07:14,685 [screen.py:__init__()] - Wayland: False Display name: :0
2026-06-03 23:07:14,687 [screen.py:__init__()] - Screen resolution: 800x480
2026-06-03 23:07:14,841 [KlippyGtk.py:update_layout()] - Font size: 17.8 (medium)
2026-06-03 23:07:15,043 [base_panel.py:battery_percentage()] - Battery information not available.
2026-06-03 23:07:15,256 [screen.py:set_dpms_timeout()] - DPMS on :0 set to: 3600
2026-06-03 23:07:15,257 [screen.py:set_screenblanking_timeout()] - Blanking timeout: 3600
2026-06-03 23:07:15,257 [screen.py:initial_connection()] - Default printer: None
2026-06-03 23:07:15,257 [screen.py:_remove_all_panels()] - Removing all panels
2026-06-03 23:07:15,302 [screen.py:_load_panel()] - Loading panel: splash_screen
2026-06-03 23:07:15,339 [screen.py:attach_panel()] - Current panel hierarchy: splash_screen
2026-06-03 23:07:15,345 [screen.py:set_titlebar_items()] - set_titlebar_items
2026-06-03 23:07:15,349 [screen.py:printer_initializing()] - Initializing KlipperScreen
2026-06-03 23:07:15,395 [screen.py:printer_initializing()] - Connecting to Printer
2026-06-03 23:07:15,406 [screen.py:set_dpms_timeout()] - DPMS on :0 set to: 3600
2026-06-03 23:07:15,407 [screen.py:set_screenblanking_timeout()] - Blanking timeout: 3600
2026-06-03 23:07:19,420 [KlippyWebsocket.py:initial_connect()] - Starting connection
2026-06-03 23:07:19,421 [KlippyWebsocket.py:connect()] - Attempting to connect
2026-06-03 23:07:19,421 [KlippyWebsocket.py:connect()] - Starting websocket thread
2026-06-03 23:07:19,427 [_logging.py:info()] - Websocket connected
2026-06-03 23:07:19,428 [screen.py:websocket_connected()] - ### websocket_connected
2026-06-03 23:07:19,432 [screen.py:printer_initializing()] - Moonraker Connected
2026-06-03 23:07:19,456 [KlippyWebsocket.py:identify_client()] - Sending server.connection.identify
2026-06-03 23:07:19,489 [screen.py:printer_initializing()] - Moonraker: connected
Klipper: disconnected

2026-06-03 23:07:19,490 [printer.py:configure_cameras()] - Cameras: []
2026-06-03 23:07:19,506 [screen.py:_init_klipper_retry()] - Klipper not connected, retry 1/4
2026-06-03 23:07:24,424 [screen.py:printer_initializing()] - Moonraker: connected
Klipper: disconnected

2026-06-03 23:07:24,457 [screen.py:_init_klipper_retry()] - Klipper not connected, retry 2/4
2026-06-03 23:07:29,424 [screen.py:printer_initializing()] - Moonraker: connected
Klipper: disconnected

2026-06-03 23:07:29,455 [screen.py:printer_initializing()] - Initializing Klipper Connection
2026-06-03 23:07:29,604 [printer.py:log_counts()] - Klipper version: v0.13.0-689-g2fb3d54e-dirty
2026-06-03 23:07:29,604 [printer.py:log_counts()] - # Extruders: 1
2026-06-03 23:07:29,604 [printer.py:log_counts()] - # Temperature devices: 1
2026-06-03 23:07:29,605 [printer.py:log_counts()] - # Fans: 2
2026-06-03 23:07:29,605 [printer.py:log_counts()] - # Output pins: 0
2026-06-03 23:07:29,605 [printer.py:log_counts()] - # PWM tools: 0
2026-06-03 23:07:29,605 [printer.py:log_counts()] - # Leds: 0
2026-06-03 23:07:29,860 [printer.py:change_state()] - Changing state from 'disconnected' to 'error'
2026-06-03 23:07:29,860 [printer.py:change_state()] - Adding callback for state: error
2026-06-03 23:07:29,861 [KlippyWebsocket.py:object_subscription()] - Sending printer.objects.subscribe
2026-06-03 23:07:29,862 [files.py:set_gcodes_path()] - Gcodes path: /home/voron/printer_data/gcodes
2026-06-03 23:07:29,863 [screen.py:_finish_init()] - Printer initialized
2026-06-03 23:07:29,879 [screen.py:set_dpms_timeout()] - DPMS on :0 set to: 3600
2026-06-03 23:07:29,879 [screen.py:set_screenblanking_timeout()] - Blanking timeout: 3600
2026-06-03 23:07:29,879 [screen.py:show_panel()] - Panel is already is in view
2026-06-03 23:07:29,883 [screen.py:printer_initializing()] - Klipper has encountered an error.
A FIRMWARE_RESTART may fix the issue.
Can not update MCU 'mcu' config as it is shutdown
Once the underlying issue is corrected, use the
"FIRMWARE_RESTART" command to reset the firmware, reload the
config, and restart the host software.
Error configuring printer

2026-06-03 23:07:29,884 [screen.py:set_server_config()] - Temperature store size: 1200
2026-06-03 23:07:29,884 [screen.py:set_tempstore()] - Moonraker tempstore not yet available
2026-06-03 23:07:29,884 [printer.py:init_temp_store()] - Temp store: ['extruder', 'heater_bed']
2026-06-03 23:08:15,419 [base_panel.py:battery_percentage()] - Battery information not available.
2026-06-03 23:08:58,933 [printer.py:change_state()] - Changing state from 'error' to 'disconnected'
2026-06-03 23:08:58,933 [printer.py:change_state()] - Adding callback for state: disconnected
2026-06-03 23:08:58,949 [screen.py:set_dpms_timeout()] - DPMS on :0 set to: 3600
2026-06-03 23:08:58,949 [screen.py:set_screenblanking_timeout()] - Blanking timeout: 3600
2026-06-03 23:08:58,949 [screen.py:state_disconnected()] - ### Going to disconnected
2026-06-03 23:08:58,950 [screen.py:show_panel()] - Panel is already is in view
2026-06-03 23:08:58,955 [screen.py:printer_initializing()] - Klipper has disconnected
2026-06-03 23:09:03,424 [screen.py:printer_initializing()] - Initializing Klipper Connection
2026-06-03 23:09:03,459 [screen.py:printer_initializing()] - Unable to get printer info from moonraker
2026-06-03 23:09:07,430 [screen.py:printer_initializing()] - Initializing Klipper Connection
2026-06-03 23:09:07,487 [screen.py:printer_initializing()] - Unable to get printer info from moonraker
2026-06-03 23:09:11,430 [screen.py:printer_initializing()] - Initializing Klipper Connection
2026-06-03 23:09:11,498 [screen.py:printer_initializing()] - Unable to get printer info from moonraker
2026-06-03 23:09:15,423 [screen.py:printer_initializing()] - Initializing Klipper Connection
2026-06-03 23:09:15,622 [printer.py:log_counts()] - Klipper version: v0.13.0-689-g2fb3d54e-dirty
2026-06-03 23:09:15,622 [printer.py:log_counts()] - # Extruders: 1
2026-06-03 23:09:15,622 [printer.py:log_counts()] - # Temperature devices: 1
2026-06-03 23:09:15,622 [printer.py:log_counts()] - # Fans: 2
2026-06-03 23:09:15,622 [printer.py:log_counts()] - # Output pins: 0
2026-06-03 23:09:15,622 [printer.py:log_counts()] - # PWM tools: 0
2026-06-03 23:09:15,622 [printer.py:log_counts()] - # Leds: 0
2026-06-03 23:09:15,877 [printer.py:change_state()] - Changing state from 'disconnected' to 'error'
2026-06-03 23:09:15,877 [printer.py:change_state()] - Adding callback for state: error
2026-06-03 23:09:15,879 [KlippyWebsocket.py:object_subscription()] - Sending printer.objects.subscribe
2026-06-03 23:09:15,880 [files.py:set_gcodes_path()] - Gcodes path: /home/voron/printer_data/gcodes
2026-06-03 23:09:15,880 [screen.py:_finish_init()] - Printer initialized
2026-06-03 23:09:15,895 [screen.py:set_dpms_timeout()] - DPMS on :0 set to: 3600
2026-06-03 23:09:15,896 [screen.py:set_screenblanking_timeout()] - Blanking timeout: 3600
2026-06-03 23:09:15,896 [screen.py:show_panel()] - Panel is already is in view
2026-06-03 23:09:15,900 [screen.py:printer_initializing()] - Klipper has encountered an error.
A FIRMWARE_RESTART may fix the issue.
Can not update MCU 'mcu' config as it is shutdown
Once the underlying issue is corrected, use the
"FIRMWARE_RESTART" command to reset the firmware, reload the
config, and restart the host software.
Error configuring printer

2026-06-03 23:09:15,900 [screen.py:set_server_config()] - Temperature store size: 1200
2026-06-03 23:09:15,901 [screen.py:set_tempstore()] - Moonraker tempstore not yet available
2026-06-03 23:09:15,901 [printer.py:init_temp_store()] - Temp store: ['extruder', 'heater_bed']
2026-06-03 23:15:51,546 [printer.py:change_state()] - Changing state from 'error' to 'disconnected'
2026-06-03 23:15:51,547 [printer.py:change_state()] - Adding callback for state: disconnected
2026-06-03 23:15:51,563 [screen.py:set_dpms_timeout()] - DPMS on :0 set to: 3600
2026-06-03 23:15:51,564 [screen.py:set_screenblanking_timeout()] - Blanking timeout: 3600
2026-06-03 23:15:51,564 [screen.py:state_disconnected()] - ### Going to disconnected
2026-06-03 23:15:51,564 [screen.py:show_panel()] - Panel is already is in view
2026-06-03 23:15:51,571 [screen.py:printer_initializing()] - Klipper has disconnected
2026-06-03 23:15:55,423 [screen.py:printer_initializing()] - Initializing Klipper Connection
2026-06-03 23:15:55,615 [printer.py:log_counts()] - Klipper version: v0.13.0-689-g2fb3d54e-dirty
2026-06-03 23:15:55,615 [printer.py:log_counts()] - # Extruders: 1
2026-06-03 23:15:55,615 [printer.py:log_counts()] - # Temperature devices: 1
2026-06-03 23:15:55,615 [printer.py:log_counts()] - # Fans: 2
2026-06-03 23:15:55,615 [printer.py:log_counts()] - # Output pins: 0
2026-06-03 23:15:55,615 [printer.py:log_counts()] - # PWM tools: 0
2026-06-03 23:15:55,615 [printer.py:log_counts()] - # Leds: 0
2026-06-03 23:15:55,868 [printer.py:change_state()] - Changing state from 'disconnected' to 'error'
2026-06-03 23:15:55,868 [printer.py:change_state()] - Adding callback for state: error
2026-06-03 23:15:55,869 [KlippyWebsocket.py:object_subscription()] - Sending printer.objects.subscribe
2026-06-03 23:15:55,870 [files.py:set_gcodes_path()] - Gcodes path: /home/voron/printer_data/gcodes
2026-06-03 23:15:55,870 [screen.py:_finish_init()] - Printer initialized
2026-06-03 23:15:55,886 [screen.py:set_dpms_timeout()] - DPMS on :0 set to: 3600
2026-06-03 23:15:55,886 [screen.py:set_screenblanking_timeout()] - Blanking timeout: 3600
2026-06-03 23:15:55,886 [screen.py:show_panel()] - Panel is already is in view
2026-06-03 23:15:55,890 [screen.py:printer_initializing()] - Klipper has encountered an error.
Unknown temperature sensor 'PT 1000 B'
Once the underlying issue is corrected, use the "RESTART"
command to reload the config and restart the host software.
Printer is halted

2026-06-03 23:15:55,891 [screen.py:set_server_config()] - Temperature store size: 1200
2026-06-03 23:15:55,891 [screen.py:set_tempstore()] - Moonraker tempstore not yet available
2026-06-03 23:15:55,891 [printer.py:init_temp_store()] - Temp store: ['extruder', 'heater_bed']
2026-06-03 23:16:57,586 [printer.py:change_state()] - Changing state from 'error' to 'disconnected'
2026-06-03 23:16:57,586 [printer.py:change_state()] - Adding callback for state: disconnected
2026-06-03 23:16:57,610 [screen.py:set_dpms_timeout()] - DPMS on :0 set to: 3600
2026-06-03 23:16:57,610 [screen.py:set_screenblanking_timeout()] - Blanking timeout: 3600
2026-06-03 23:16:57,610 [screen.py:state_disconnected()] - ### Going to disconnected
2026-06-03 23:16:57,611 [screen.py:show_panel()] - Panel is already is in view
2026-06-03 23:16:57,621 [screen.py:printer_initializing()] - Klipper has disconnected
2026-06-03 23:17:01,423 [screen.py:printer_initializing()] - Initializing Klipper Connection
2026-06-03 23:17:01,454 [screen.py:printer_initializing()] - Unable to get printer info from moonraker
2026-06-03 23:17:05,429 [screen.py:printer_initializing()] - Initializing Klipper Connection
2026-06-03 23:17:05,502 [screen.py:printer_initializing()] - Unable to get printer info from moonraker
2026-06-03 23:17:09,423 [screen.py:printer_initializing()] - Initializing Klipper Connection
2026-06-03 23:17:09,455 [screen.py:printer_initializing()] - Unable to get printer info from moonraker
2026-06-03 23:17:13,423 [screen.py:printer_initializing()] - Initializing Klipper Connection
2026-06-03 23:17:13,631 [printer.py:log_counts()] - Klipper version: v0.13.0-689-g2fb3d54e-dirty
2026-06-03 23:17:13,631 [printer.py:log_counts()] - # Extruders: 1
2026-06-03 23:17:13,631 [printer.py:log_counts()] - # Temperature devices: 1
2026-06-03 23:17:13,631 [printer.py:log_counts()] - # Fans: 2
2026-06-03 23:17:13,631 [printer.py:log_counts()] - # Output pins: 0
2026-06-03 23:17:13,631 [printer.py:log_counts()] - # PWM tools: 0
2026-06-03 23:17:13,631 [printer.py:log_counts()] - # Leds: 0
2026-06-03 23:17:13,886 [printer.py:change_state()] - Changing state from 'disconnected' to 'error'
2026-06-03 23:17:13,886 [printer.py:change_state()] - Adding callback for state: error
2026-06-03 23:17:13,888 [KlippyWebsocket.py:object_subscription()] - Sending printer.objects.subscribe
2026-06-03 23:17:13,889 [files.py:set_gcodes_path()] - Gcodes path: /home/voron/printer_data/gcodes
2026-06-03 23:17:13,889 [screen.py:_finish_init()] - Printer initialized
2026-06-03 23:17:13,905 [screen.py:set_dpms_timeout()] - DPMS on :0 set to: 3600
2026-06-03 23:17:13,905 [screen.py:set_screenblanking_timeout()] - Blanking timeout: 3600
2026-06-03 23:17:13,905 [screen.py:show_panel()] - Panel is already is in view
2026-06-03 23:17:13,909 [screen.py:printer_initializing()] - Klipper has encountered an error.
A FIRMWARE_RESTART may fix the issue.
Can not update MCU 'mcu' config as it is shutdown
Once the underlying issue is corrected, use the
"FIRMWARE_RESTART" command to reset the firmware, reload the
config, and restart the host software.
Error configuring printer

2026-06-03 23:17:13,910 [screen.py:set_server_config()] - Temperature store size: 1200
2026-06-03 23:17:13,910 [screen.py:set_tempstore()] - Moonraker tempstore not yet available
2026-06-03 23:17:13,910 [printer.py:init_temp_store()] - Temp store: ['extruder', 'heater_bed']
2026-06-03 23:18:09,742 [screen.py:_load_panel()] - Loading panel: shutdown
2026-06-03 23:18:09,787 [screen.py:attach_panel()] - Current panel hierarchy: splash_screen > shutdown
2026-06-03 23:18:11,889 [KlippyGtk.py:Dialog()] - Showing dialog Shutdown (width=800, height=480)
2026-06-03 23:18:14,605 [KlippyGtk.py:remove_dialog()] - Removing Dialog
2026-06-03 23:20:28,539 [functions.py:log_start()] - --------------------KlipperScreen Log Start--------------------
2026-06-03 23:20:28,540 [functions.py:log_start()] - KlipperScreen Version: v0.4.7-53-g60ab1c6
2026-06-03 23:20:28,540 [functions.py:log_start()] - Python version: 3.13
2026-06-03 23:20:28,654 [config.py:get_config_file_location()] - Passed config (-c): .
2026-06-03 23:20:28,654 [config.py:__init__()] - Config path location: /home/voron/printer_data/config/KlipperScreen.conf
2026-06-03 23:20:28,702 [config.py:log_config()] - ===== Config File =====

=======================
2026-06-03 23:20:28,703 [config.py:__init__()] - 
====== Saved ======




2026-06-03 23:20:28,704 [config.py:__init__()] - Configured printers: [
  {
    "Printer": {
      "moonraker_host": "127.0.0.1",
      "moonraker_port": "7125",
      "moonraker_path": "",
      "moonraker_ssl": null,
      "moonraker_api_key": ""
    }
  }
]
2026-06-03 23:20:28,805 [config.py:create_translations()] - Selected lang: system_lang OS lang: en_GB
2026-06-03 23:20:28,805 [config.py:install_language()] - Using lang en
2026-06-03 23:20:28,814 [screen.py:__init__()] - Display for xset: :0
2026-06-03 23:20:28,815 [screen.py:__init__()] - Screen 0: 800x480
2026-06-03 23:20:28,815 [screen.py:__init__()] - Monitors: 1 using number: 0
2026-06-03 23:20:28,816 [screen.py:__init__()] - Wayland: False Display name: :0
2026-06-03 23:20:28,817 [screen.py:__init__()] - Screen resolution: 800x480
2026-06-03 23:20:28,976 [KlippyGtk.py:update_layout()] - Font size: 17.8 (medium)
2026-06-03 23:20:29,211 [base_panel.py:battery_percentage()] - Battery information not available.
2026-06-03 23:20:29,368 [screen.py:set_dpms_timeout()] - DPMS on :0 set to: 3600
2026-06-03 23:20:29,368 [screen.py:set_screenblanking_timeout()] - Blanking timeout: 3600
2026-06-03 23:20:29,368 [screen.py:initial_connection()] - Default printer: None
2026-06-03 23:20:29,369 [screen.py:_remove_all_panels()] - Removing all panels
2026-06-03 23:20:29,413 [screen.py:_load_panel()] - Loading panel: splash_screen
2026-06-03 23:20:29,451 [screen.py:attach_panel()] - Current panel hierarchy: splash_screen
2026-06-03 23:20:29,457 [screen.py:set_titlebar_items()] - set_titlebar_items
2026-06-03 23:20:29,461 [screen.py:printer_initializing()] - Initializing KlipperScreen
2026-06-03 23:20:29,506 [screen.py:printer_initializing()] - Connecting to Printer
2026-06-03 23:20:29,517 [screen.py:set_dpms_timeout()] - DPMS on :0 set to: 3600
2026-06-03 23:20:29,518 [screen.py:set_screenblanking_timeout()] - Blanking timeout: 3600
2026-06-03 23:20:33,475 [KlippyWebsocket.py:initial_connect()] - Starting connection
2026-06-03 23:20:33,475 [KlippyWebsocket.py:connect()] - Attempting to connect
2026-06-03 23:20:33,475 [KlippyWebsocket.py:connect()] - Starting websocket thread
2026-06-03 23:20:33,483 [_logging.py:info()] - Websocket connected
2026-06-03 23:20:33,484 [screen.py:websocket_connected()] - ### websocket_connected
2026-06-03 23:20:33,488 [screen.py:printer_initializing()] - Moonraker Connected
2026-06-03 23:20:33,513 [KlippyWebsocket.py:identify_client()] - Sending server.connection.identify
2026-06-03 23:20:33,545 [screen.py:printer_initializing()] - Moonraker: connected
Klipper: disconnected

2026-06-03 23:20:33,545 [printer.py:configure_cameras()] - Cameras: []
2026-06-03 23:20:33,562 [screen.py:_init_klipper_retry()] - Klipper not connected, retry 1/4
2026-06-03 23:20:38,479 [screen.py:printer_initializing()] - Moonraker: connected
Klipper: disconnected

2026-06-03 23:20:38,512 [screen.py:_init_klipper_retry()] - Klipper not connected, retry 2/4
2026-06-03 23:20:43,478 [screen.py:printer_initializing()] - Moonraker: connected
Klipper: disconnected

2026-06-03 23:20:43,509 [screen.py:printer_initializing()] - Initializing Klipper Connection
2026-06-03 23:20:43,746 [printer.py:log_counts()] - Klipper version: v0.13.0-689-g2fb3d54e-dirty
2026-06-03 23:20:43,746 [printer.py:log_counts()] - # Extruders: 1
2026-06-03 23:20:43,746 [printer.py:log_counts()] - # Temperature devices: 1
2026-06-03 23:20:43,746 [printer.py:log_counts()] - # Fans: 2
2026-06-03 23:20:43,746 [printer.py:log_counts()] - # Output pins: 0
2026-06-03 23:20:43,746 [printer.py:log_counts()] - # PWM tools: 0
2026-06-03 23:20:43,746 [printer.py:log_counts()] - # Leds: 0
2026-06-03 23:20:44,002 [printer.py:change_state()] - Changing state from 'disconnected' to 'error'
2026-06-03 23:20:44,002 [printer.py:change_state()] - Adding callback for state: error
2026-06-03 23:20:44,003 [KlippyWebsocket.py:object_subscription()] - Sending printer.objects.subscribe
2026-06-03 23:20:44,004 [files.py:set_gcodes_path()] - Gcodes path: /home/voron/printer_data/gcodes
2026-06-03 23:20:44,004 [screen.py:_finish_init()] - Printer initialized
2026-06-03 23:20:44,019 [screen.py:set_dpms_timeout()] - DPMS on :0 set to: 3600
2026-06-03 23:20:44,020 [screen.py:set_screenblanking_timeout()] - Blanking timeout: 3600
2026-06-03 23:20:44,020 [screen.py:show_panel()] - Panel is already is in view
2026-06-03 23:20:44,024 [screen.py:printer_initializing()] - Klipper has encountered an error.
A FIRMWARE_RESTART may fix the issue.
Can not update MCU 'mcu' config as it is shutdown
Once the underlying issue is corrected, use the
"FIRMWARE_RESTART" command to reset the firmware, reload the
config, and restart the host software.
Error configuring printer

2026-06-03 23:20:44,025 [screen.py:set_server_config()] - Temperature store size: 1200
2026-06-03 23:20:44,025 [screen.py:set_tempstore()] - Moonraker tempstore not yet available
2026-06-03 23:20:44,025 [printer.py:init_temp_store()] - Temp store: ['extruder', 'heater_bed']
2026-06-03 23:21:29,473 [base_panel.py:battery_percentage()] - Battery information not available.
2026-06-03 23:27:23,394 [printer.py:change_state()] - Changing state from 'error' to 'disconnected'
2026-06-03 23:27:23,394 [printer.py:change_state()] - Adding callback for state: disconnected
2026-06-03 23:27:23,416 [screen.py:set_dpms_timeout()] - DPMS on :0 set to: 3600
2026-06-03 23:27:23,417 [screen.py:set_screenblanking_timeout()] - Blanking timeout: 3600
2026-06-03 23:27:23,417 [screen.py:state_disconnected()] - ### Going to disconnected
2026-06-03 23:27:23,417 [screen.py:show_panel()] - Panel is already is in view
2026-06-03 23:27:23,424 [screen.py:printer_initializing()] - Klipper has disconnected
2026-06-03 23:27:27,478 [screen.py:printer_initializing()] - Initializing Klipper Connection
2026-06-03 23:27:27,709 [printer.py:log_counts()] - Klipper version: v0.13.0-689-g2fb3d54e-dirty
2026-06-03 23:27:27,709 [printer.py:log_counts()] - # Extruders: 0
2026-06-03 23:27:27,709 [printer.py:log_counts()] - # Temperature devices: 1
2026-06-03 23:27:27,709 [printer.py:log_counts()] - # Fans: 0
2026-06-03 23:27:27,709 [printer.py:log_counts()] - # Output pins: 0
2026-06-03 23:27:27,709 [printer.py:log_counts()] - # PWM tools: 0
2026-06-03 23:27:27,709 [printer.py:log_counts()] - # Leds: 0
2026-06-03 23:27:27,962 [printer.py:change_state()] - Changing state from 'disconnected' to 'error'
2026-06-03 23:27:27,962 [printer.py:change_state()] - Adding callback for state: error
2026-06-03 23:27:27,963 [KlippyWebsocket.py:object_subscription()] - Sending printer.objects.subscribe
2026-06-03 23:27:27,964 [files.py:set_gcodes_path()] - Gcodes path: /home/voron/printer_data/gcodes
2026-06-03 23:27:27,965 [screen.py:_finish_init()] - Printer initialized
2026-06-03 23:27:27,980 [screen.py:set_dpms_timeout()] - DPMS on :0 set to: 3600
2026-06-03 23:27:27,980 [screen.py:set_screenblanking_timeout()] - Blanking timeout: 3600
2026-06-03 23:27:27,981 [screen.py:show_panel()] - Panel is already is in view
2026-06-03 23:27:27,985 [screen.py:printer_initializing()] - Klipper has encountered an error.
Unknown pin chip name 'EBBCan'
Once the underlying issue is corrected, use the "RESTART"
command to reload the config and restart the host software.
Printer is halted

2026-06-03 23:27:27,985 [screen.py:set_server_config()] - Temperature store size: 1200
2026-06-03 23:27:27,986 [screen.py:set_tempstore()] - Moonraker tempstore not yet available
2026-06-03 23:27:27,986 [printer.py:init_temp_store()] - Temp store: ['heater_bed']
2026-06-03 23:27:42,584 [screen.py:_load_panel()] - Loading panel: shutdown
2026-06-03 23:27:42,629 [screen.py:attach_panel()] - Current panel hierarchy: splash_screen > shutdown
2026-06-03 23:27:43,566 [KlippyGtk.py:Dialog()] - Showing dialog Shutdown (width=800, height=480)
2026-06-03 23:27:45,454 [KlippyGtk.py:remove_dialog()] - Removing Dialog
2026-06-08 18:46:32,506 [functions.py:log_start()] - --------------------KlipperScreen Log Start--------------------
2026-06-08 18:46:32,506 [functions.py:log_start()] - KlipperScreen Version: v0.4.7-53-g60ab1c6
2026-06-08 18:46:32,507 [functions.py:log_start()] - Python version: 3.13
2026-06-08 18:46:32,620 [config.py:get_config_file_location()] - Passed config (-c): .
2026-06-08 18:46:32,621 [config.py:__init__()] - Config path location: /home/voron/printer_data/config/KlipperScreen.conf
2026-06-08 18:46:32,669 [config.py:log_config()] - ===== Config File =====

=======================
2026-06-08 18:46:32,670 [config.py:__init__()] - 
====== Saved ======




2026-06-08 18:46:32,670 [config.py:__init__()] - Configured printers: [
  {
    "Printer": {
      "moonraker_host": "127.0.0.1",
      "moonraker_port": "7125",
      "moonraker_path": "",
      "moonraker_ssl": null,
      "moonraker_api_key": ""
    }
  }
]
2026-06-08 18:46:32,773 [config.py:create_translations()] - Selected lang: system_lang OS lang: en_GB
2026-06-08 18:46:32,773 [config.py:install_language()] - Using lang en
2026-06-08 18:46:32,782 [screen.py:__init__()] - Display for xset: :0
2026-06-08 18:46:32,783 [screen.py:__init__()] - Screen 0: 800x480
2026-06-08 18:46:32,784 [screen.py:__init__()] - Monitors: 1 using number: 0
2026-06-08 18:46:32,784 [screen.py:__init__()] - Wayland: False Display name: :0
2026-06-08 18:46:32,785 [screen.py:__init__()] - Screen resolution: 800x480
2026-06-08 18:46:32,938 [KlippyGtk.py:update_layout()] - Font size: 17.8 (medium)
2026-06-08 18:46:33,125 [base_panel.py:battery_percentage()] - Battery information not available.
2026-06-08 18:46:33,314 [screen.py:set_dpms_timeout()] - DPMS on :0 set to: 3600
2026-06-08 18:46:33,314 [screen.py:set_screenblanking_timeout()] - Blanking timeout: 3600
2026-06-08 18:46:33,315 [screen.py:initial_connection()] - Default printer: None
2026-06-08 18:46:33,315 [screen.py:_remove_all_panels()] - Removing all panels
2026-06-08 18:46:33,382 [screen.py:_load_panel()] - Loading panel: splash_screen
2026-06-08 18:46:33,440 [screen.py:attach_panel()] - Current panel hierarchy: splash_screen
2026-06-08 18:46:33,448 [screen.py:set_titlebar_items()] - set_titlebar_items
2026-06-08 18:46:33,452 [screen.py:printer_initializing()] - Initializing KlipperScreen
2026-06-08 18:46:33,502 [screen.py:printer_initializing()] - Connecting to Printer
2026-06-08 18:46:33,514 [screen.py:set_dpms_timeout()] - DPMS on :0 set to: 3600
2026-06-08 18:46:33,514 [screen.py:set_screenblanking_timeout()] - Blanking timeout: 3600
2026-06-08 18:46:37,601 [KlippyWebsocket.py:initial_connect()] - Starting connection
2026-06-08 18:46:37,602 [KlippyWebsocket.py:connect()] - Attempting to connect
2026-06-08 18:46:37,602 [KlippyWebsocket.py:connect()] - Starting websocket thread
2026-06-08 18:46:37,610 [_logging.py:info()] - Websocket connected
2026-06-08 18:46:37,610 [screen.py:websocket_connected()] - ### websocket_connected
2026-06-08 18:46:37,615 [screen.py:printer_initializing()] - Moonraker Connected
2026-06-08 18:46:37,639 [KlippyWebsocket.py:identify_client()] - Sending server.connection.identify
2026-06-08 18:46:37,673 [screen.py:printer_initializing()] - Initializing Klipper Connection
2026-06-08 18:46:37,673 [printer.py:configure_cameras()] - Cameras: []
2026-06-08 18:46:37,921 [printer.py:log_counts()] - Klipper version: v0.13.0-689-g2fb3d54e-dirty
2026-06-08 18:46:37,921 [printer.py:log_counts()] - # Extruders: 0
2026-06-08 18:46:37,921 [printer.py:log_counts()] - # Temperature devices: 1
2026-06-08 18:46:37,921 [printer.py:log_counts()] - # Fans: 0
2026-06-08 18:46:37,921 [printer.py:log_counts()] - # Output pins: 0
2026-06-08 18:46:37,921 [printer.py:log_counts()] - # PWM tools: 0
2026-06-08 18:46:37,921 [printer.py:log_counts()] - # Leds: 0
2026-06-08 18:46:38,174 [printer.py:change_state()] - Changing state from 'disconnected' to 'error'
2026-06-08 18:46:38,174 [printer.py:change_state()] - Adding callback for state: error
2026-06-08 18:46:38,175 [KlippyWebsocket.py:object_subscription()] - Sending printer.objects.subscribe
2026-06-08 18:46:38,176 [files.py:set_gcodes_path()] - Gcodes path: /home/voron/printer_data/gcodes
2026-06-08 18:46:38,177 [screen.py:_finish_init()] - Printer initialized
2026-06-08 18:46:38,192 [screen.py:set_dpms_timeout()] - DPMS on :0 set to: 3600
2026-06-08 18:46:38,192 [screen.py:set_screenblanking_timeout()] - Blanking timeout: 3600
2026-06-08 18:46:38,192 [screen.py:show_panel()] - Panel is already is in view
2026-06-08 18:46:38,196 [screen.py:printer_initializing()] - Klipper has encountered an error.
Unknown pin chip name 'EBBCan'
Once the underlying issue is corrected, use the "RESTART"
command to reload the config and restart the host software.
Printer is halted

2026-06-08 18:46:38,197 [screen.py:set_server_config()] - Temperature store size: 1200
2026-06-08 18:46:38,197 [screen.py:set_tempstore()] - Moonraker tempstore not yet available
2026-06-08 18:46:38,197 [printer.py:init_temp_store()] - Temp store: ['heater_bed']
2026-06-08 18:47:33,600 [base_panel.py:battery_percentage()] - Battery information not available.
2026-06-08 18:49:25,524 [printer.py:change_state()] - Changing state from 'error' to 'disconnected'
2026-06-08 18:49:25,524 [printer.py:change_state()] - Adding callback for state: disconnected
2026-06-08 18:49:25,545 [screen.py:set_dpms_timeout()] - DPMS on :0 set to: 3600
2026-06-08 18:49:25,545 [screen.py:set_screenblanking_timeout()] - Blanking timeout: 3600
2026-06-08 18:49:25,545 [screen.py:state_disconnected()] - ### Going to disconnected
2026-06-08 18:49:25,546 [screen.py:show_panel()] - Panel is already is in view
2026-06-08 18:49:25,554 [screen.py:printer_initializing()] - Klipper has disconnected
2026-06-08 18:49:29,604 [screen.py:printer_initializing()] - Initializing Klipper Connection
2026-06-08 18:49:29,637 [screen.py:printer_initializing()] - Unable to get printer info from moonraker
2026-06-08 18:49:33,611 [screen.py:printer_initializing()] - Initializing Klipper Connection
2026-06-08 18:49:33,678 [screen.py:printer_initializing()] - Unable to get printer info from moonraker
2026-06-08 18:49:37,610 [screen.py:printer_initializing()] - Initializing Klipper Connection
2026-06-08 18:49:37,675 [screen.py:printer_initializing()] - Unable to get printer info from moonraker
2026-06-08 18:49:41,604 [screen.py:printer_initializing()] - Initializing Klipper Connection
2026-06-08 18:49:41,656 [printer.py:log_counts()] - Klipper version: v0.13.0-689-g2fb3d54e-dirty
2026-06-08 18:49:41,656 [printer.py:log_counts()] - # Extruders: 1
2026-06-08 18:49:41,656 [printer.py:log_counts()] - # Temperature devices: 1
2026-06-08 18:49:41,656 [printer.py:log_counts()] - # Fans: 2
2026-06-08 18:49:41,656 [printer.py:log_counts()] - # Output pins: 0
2026-06-08 18:49:41,656 [printer.py:log_counts()] - # PWM tools: 0
2026-06-08 18:49:41,656 [printer.py:log_counts()] - # Leds: 0
2026-06-08 18:49:41,912 [printer.py:change_state()] - Changing state from 'disconnected' to 'error'
2026-06-08 18:49:41,913 [printer.py:change_state()] - Adding callback for state: error
2026-06-08 18:49:41,914 [KlippyWebsocket.py:object_subscription()] - Sending printer.objects.subscribe
2026-06-08 18:49:41,915 [files.py:set_gcodes_path()] - Gcodes path: /home/voron/printer_data/gcodes
2026-06-08 18:49:41,915 [screen.py:_finish_init()] - Printer initialized
2026-06-08 18:49:41,930 [screen.py:set_dpms_timeout()] - DPMS on :0 set to: 3600
2026-06-08 18:49:41,931 [screen.py:set_screenblanking_timeout()] - Blanking timeout: 3600
2026-06-08 18:49:41,931 [screen.py:show_panel()] - Panel is already is in view
2026-06-08 18:49:41,935 [screen.py:printer_initializing()] - Klipper has encountered an error.
A FIRMWARE_RESTART may fix the issue.
Can not update MCU 'mcu' config as it is shutdown
Once the underlying issue is corrected, use the
"FIRMWARE_RESTART" command to reset the firmware, reload the
config, and restart the host software.
Error configuring printer

2026-06-08 18:49:41,935 [screen.py:set_server_config()] - Temperature store size: 1200
2026-06-08 18:49:41,936 [screen.py:set_tempstore()] - Moonraker tempstore not yet available
2026-06-08 18:49:41,936 [printer.py:init_temp_store()] - Temp store: ['extruder', 'heater_bed']
2026-06-08 18:49:57,270 [printer.py:change_state()] - Changing state from 'error' to 'disconnected'
2026-06-08 18:49:57,270 [printer.py:change_state()] - Adding callback for state: disconnected
2026-06-08 18:49:57,285 [screen.py:set_dpms_timeout()] - DPMS on :0 set to: 3600
2026-06-08 18:49:57,285 [screen.py:set_screenblanking_timeout()] - Blanking timeout: 3600
2026-06-08 18:49:57,286 [screen.py:state_disconnected()] - ### Going to disconnected
2026-06-08 18:49:57,286 [screen.py:show_panel()] - Panel is already is in view
2026-06-08 18:49:57,292 [screen.py:printer_initializing()] - Klipper has disconnected
2026-06-08 18:50:01,604 [screen.py:printer_initializing()] - Initializing Klipper Connection
2026-06-08 18:50:01,837 [printer.py:log_counts()] - Klipper version: v0.13.0-689-g2fb3d54e-dirty
2026-06-08 18:50:01,837 [printer.py:log_counts()] - # Extruders: 0
2026-06-08 18:50:01,837 [printer.py:log_counts()] - # Temperature devices: 1
2026-06-08 18:50:01,837 [printer.py:log_counts()] - # Fans: 0
2026-06-08 18:50:01,837 [printer.py:log_counts()] - # Output pins: 0
2026-06-08 18:50:01,837 [printer.py:log_counts()] - # PWM tools: 0
2026-06-08 18:50:01,837 [printer.py:log_counts()] - # Leds: 0
2026-06-08 18:50:02,090 [printer.py:change_state()] - Changing state from 'disconnected' to 'error'
2026-06-08 18:50:02,090 [printer.py:change_state()] - Adding callback for state: error
2026-06-08 18:50:02,091 [KlippyWebsocket.py:object_subscription()] - Sending printer.objects.subscribe
2026-06-08 18:50:02,092 [files.py:set_gcodes_path()] - Gcodes path: /home/voron/printer_data/gcodes
2026-06-08 18:50:02,092 [screen.py:_finish_init()] - Printer initialized
2026-06-08 18:50:02,107 [screen.py:set_dpms_timeout()] - DPMS on :0 set to: 3600
2026-06-08 18:50:02,108 [screen.py:set_screenblanking_timeout()] - Blanking timeout: 3600
2026-06-08 18:50:02,108 [screen.py:show_panel()] - Panel is already is in view
2026-06-08 18:50:02,112 [screen.py:printer_initializing()] - Klipper has encountered an error.
Unknown pin chip name 'EBBCan'
Once the underlying issue is corrected, use the "RESTART"
command to reload the config and restart the host software.
Printer is halted

2026-06-08 18:50:02,112 [screen.py:set_server_config()] - Temperature store size: 1200
2026-06-08 18:50:02,113 [screen.py:set_tempstore()] - Moonraker tempstore not yet available
2026-06-08 18:50:02,113 [printer.py:init_temp_store()] - Temp store: ['heater_bed']
2026-06-08 18:53:18,638 [printer.py:change_state()] - Changing state from 'error' to 'disconnected'
2026-06-08 18:53:18,639 [printer.py:change_state()] - Adding callback for state: disconnected
2026-06-08 18:53:18,659 [screen.py:set_dpms_timeout()] - DPMS on :0 set to: 3600
2026-06-08 18:53:18,660 [screen.py:set_screenblanking_timeout()] - Blanking timeout: 3600
2026-06-08 18:53:18,660 [screen.py:state_disconnected()] - ### Going to disconnected
2026-06-08 18:53:18,660 [screen.py:show_panel()] - Panel is already is in view
2026-06-08 18:53:18,667 [screen.py:printer_initializing()] - Klipper has disconnected
2026-06-08 18:53:22,604 [screen.py:printer_initializing()] - Initializing Klipper Connection
2026-06-08 18:53:22,704 [printer.py:log_counts()] - Klipper version: v0.13.0-689-g2fb3d54e-dirty
2026-06-08 18:53:22,704 [printer.py:log_counts()] - # Extruders: 0
2026-06-08 18:53:22,704 [printer.py:log_counts()] - # Temperature devices: 1
2026-06-08 18:53:22,704 [printer.py:log_counts()] - # Fans: 0
2026-06-08 18:53:22,704 [printer.py:log_counts()] - # Output pins: 0
2026-06-08 18:53:22,704 [printer.py:log_counts()] - # PWM tools: 0
2026-06-08 18:53:22,704 [printer.py:log_counts()] - # Leds: 0
2026-06-08 18:53:22,957 [printer.py:change_state()] - Changing state from 'disconnected' to 'error'
2026-06-08 18:53:22,957 [printer.py:change_state()] - Adding callback for state: error
2026-06-08 18:53:22,958 [KlippyWebsocket.py:object_subscription()] - Sending printer.objects.subscribe
2026-06-08 18:53:22,959 [files.py:set_gcodes_path()] - Gcodes path: /home/voron/printer_data/gcodes
2026-06-08 18:53:22,960 [screen.py:_finish_init()] - Printer initialized
2026-06-08 18:53:22,975 [screen.py:set_dpms_timeout()] - DPMS on :0 set to: 3600
2026-06-08 18:53:22,975 [screen.py:set_screenblanking_timeout()] - Blanking timeout: 3600
2026-06-08 18:53:22,975 [screen.py:show_panel()] - Panel is already is in view
2026-06-08 18:53:22,979 [screen.py:printer_initializing()] - Klipper has encountered an error.
Unknown pin chip name 'EBBCan'
Once the underlying issue is corrected, use the "RESTART"
command to reload the config and restart the host software.
Printer is halted

2026-06-08 18:53:22,980 [screen.py:set_server_config()] - Temperature store size: 1200
2026-06-08 18:53:22,980 [screen.py:set_tempstore()] - Moonraker tempstore not yet available
2026-06-08 18:53:22,980 [printer.py:init_temp_store()] - Temp store: ['heater_bed']
2026-06-08 18:58:09,387 [printer.py:change_state()] - Changing state from 'error' to 'disconnected'
2026-06-08 18:58:09,387 [printer.py:change_state()] - Adding callback for state: disconnected
2026-06-08 18:58:09,409 [screen.py:set_dpms_timeout()] - DPMS on :0 set to: 3600
2026-06-08 18:58:09,409 [screen.py:set_screenblanking_timeout()] - Blanking timeout: 3600
2026-06-08 18:58:09,409 [screen.py:state_disconnected()] - ### Going to disconnected
2026-06-08 18:58:09,410 [screen.py:show_panel()] - Panel is already is in view
2026-06-08 18:58:09,418 [screen.py:printer_initializing()] - Klipper has disconnected
2026-06-08 18:58:13,605 [screen.py:printer_initializing()] - Initializing Klipper Connection
2026-06-08 18:58:13,704 [printer.py:log_counts()] - Klipper version: v0.13.0-689-g2fb3d54e-dirty
2026-06-08 18:58:13,704 [printer.py:log_counts()] - # Extruders: 0
2026-06-08 18:58:13,704 [printer.py:log_counts()] - # Temperature devices: 1
2026-06-08 18:58:13,704 [printer.py:log_counts()] - # Fans: 0
2026-06-08 18:58:13,705 [printer.py:log_counts()] - # Output pins: 0
2026-06-08 18:58:13,705 [printer.py:log_counts()] - # PWM tools: 0
2026-06-08 18:58:13,705 [printer.py:log_counts()] - # Leds: 0
2026-06-08 18:58:13,957 [printer.py:change_state()] - Changing state from 'disconnected' to 'error'
2026-06-08 18:58:13,957 [printer.py:change_state()] - Adding callback for state: error
2026-06-08 18:58:13,958 [KlippyWebsocket.py:object_subscription()] - Sending printer.objects.subscribe
2026-06-08 18:58:13,959 [files.py:set_gcodes_path()] - Gcodes path: /home/voron/printer_data/gcodes
2026-06-08 18:58:13,959 [screen.py:_finish_init()] - Printer initialized
2026-06-08 18:58:13,974 [screen.py:set_dpms_timeout()] - DPMS on :0 set to: 3600
2026-06-08 18:58:13,975 [screen.py:set_screenblanking_timeout()] - Blanking timeout: 3600
2026-06-08 18:58:13,975 [screen.py:show_panel()] - Panel is already is in view
2026-06-08 18:58:13,979 [screen.py:printer_initializing()] - Klipper has encountered an error.
Unknown pin chip name 'EBBCan'
Once the underlying issue is corrected, use the "RESTART"
command to reload the config and restart the host software.
Printer is halted

2026-06-08 18:58:13,979 [screen.py:set_server_config()] - Temperature store size: 1200
2026-06-08 18:58:13,980 [screen.py:set_tempstore()] - Moonraker tempstore not yet available
2026-06-08 18:58:13,980 [printer.py:init_temp_store()] - Temp store: ['heater_bed']
2026-06-08 18:58:32,476 [printer.py:change_state()] - Changing state from 'error' to 'disconnected'
2026-06-08 18:58:32,476 [printer.py:change_state()] - Adding callback for state: disconnected
2026-06-08 18:58:32,495 [screen.py:set_dpms_timeout()] - DPMS on :0 set to: 3600
2026-06-08 18:58:32,495 [screen.py:set_screenblanking_timeout()] - Blanking timeout: 3600
2026-06-08 18:58:32,495 [screen.py:state_disconnected()] - ### Going to disconnected
2026-06-08 18:58:32,496 [screen.py:show_panel()] - Panel is already is in view
2026-06-08 18:58:32,503 [screen.py:printer_initializing()] - Klipper has disconnected
2026-06-08 18:58:36,605 [screen.py:printer_initializing()] - Initializing Klipper Connection
2026-06-08 18:58:36,638 [screen.py:printer_initializing()] - Unable to get printer info from moonraker
2026-06-08 18:58:40,611 [screen.py:printer_initializing()] - Initializing Klipper Connection
2026-06-08 18:58:40,679 [screen.py:printer_initializing()] - Unable to get printer info from moonraker
2026-06-08 18:58:44,611 [screen.py:printer_initializing()] - Initializing Klipper Connection
2026-06-08 18:58:44,678 [screen.py:printer_initializing()] - Unable to get printer info from moonraker
2026-06-08 18:58:48,605 [screen.py:printer_initializing()] - Initializing Klipper Connection
2026-06-08 18:58:48,770 [printer.py:log_counts()] - Klipper version: v0.13.0-689-g2fb3d54e-dirty
2026-06-08 18:58:48,770 [printer.py:log_counts()] - # Extruders: 1
2026-06-08 18:58:48,770 [printer.py:log_counts()] - # Temperature devices: 1
2026-06-08 18:58:48,770 [printer.py:log_counts()] - # Fans: 2
2026-06-08 18:58:48,771 [printer.py:log_counts()] - # Output pins: 0
2026-06-08 18:58:48,771 [printer.py:log_counts()] - # PWM tools: 0
2026-06-08 18:58:48,771 [printer.py:log_counts()] - # Leds: 0
2026-06-08 18:58:49,025 [printer.py:change_state()] - Changing state from 'disconnected' to 'error'
2026-06-08 18:58:49,025 [printer.py:change_state()] - Adding callback for state: error
2026-06-08 18:58:49,026 [KlippyWebsocket.py:object_subscription()] - Sending printer.objects.subscribe
2026-06-08 18:58:49,027 [files.py:set_gcodes_path()] - Gcodes path: /home/voron/printer_data/gcodes
2026-06-08 18:58:49,028 [screen.py:_finish_init()] - Printer initialized
2026-06-08 18:58:49,043 [screen.py:set_dpms_timeout()] - DPMS on :0 set to: 3600
2026-06-08 18:58:49,043 [screen.py:set_screenblanking_timeout()] - Blanking timeout: 3600
2026-06-08 18:58:49,043 [screen.py:show_panel()] - Panel is already is in view
2026-06-08 18:58:49,047 [screen.py:printer_initializing()] - Klipper has encountered an error.
A FIRMWARE_RESTART may fix the issue.
Can not update MCU 'mcu' config as it is shutdown
Once the underlying issue is corrected, use the
"FIRMWARE_RESTART" command to reset the firmware, reload the
config, and restart the host software.
Error configuring printer

2026-06-08 18:58:49,048 [screen.py:set_server_config()] - Temperature store size: 1200
2026-06-08 18:58:49,048 [screen.py:set_tempstore()] - Moonraker tempstore not yet available
2026-06-08 18:58:49,048 [printer.py:init_temp_store()] - Temp store: ['extruder', 'heater_bed']
2026-06-08 18:59:31,783 [printer.py:change_state()] - Changing state from 'error' to 'disconnected'
2026-06-08 18:59:31,783 [printer.py:change_state()] - Adding callback for state: disconnected
2026-06-08 18:59:31,800 [screen.py:set_dpms_timeout()] - DPMS on :0 set to: 3600
2026-06-08 18:59:31,800 [screen.py:set_screenblanking_timeout()] - Blanking timeout: 3600
2026-06-08 18:59:31,801 [screen.py:state_disconnected()] - ### Going to disconnected
2026-06-08 18:59:31,801 [screen.py:show_panel()] - Panel is already is in view
2026-06-08 18:59:31,807 [screen.py:printer_initializing()] - Klipper has disconnected
2026-06-08 18:59:35,605 [screen.py:printer_initializing()] - Initializing Klipper Connection
2026-06-08 18:59:35,855 [printer.py:log_counts()] - Klipper version: v0.13.0-689-g2fb3d54e-dirty
2026-06-08 18:59:35,855 [printer.py:log_counts()] - # Extruders: 1
2026-06-08 18:59:35,855 [printer.py:log_counts()] - # Temperature devices: 1
2026-06-08 18:59:35,855 [printer.py:log_counts()] - # Fans: 2
2026-06-08 18:59:35,855 [printer.py:log_counts()] - # Output pins: 0
2026-06-08 18:59:35,855 [printer.py:log_counts()] - # PWM tools: 0
2026-06-08 18:59:35,855 [printer.py:log_counts()] - # Leds: 0
2026-06-08 18:59:36,108 [printer.py:change_state()] - Changing state from 'disconnected' to 'error'
2026-06-08 18:59:36,108 [printer.py:change_state()] - Adding callback for state: error
2026-06-08 18:59:36,109 [KlippyWebsocket.py:object_subscription()] - Sending printer.objects.subscribe
2026-06-08 18:59:36,110 [files.py:set_gcodes_path()] - Gcodes path: /home/voron/printer_data/gcodes
2026-06-08 18:59:36,110 [screen.py:_finish_init()] - Printer initialized
2026-06-08 18:59:36,126 [screen.py:set_dpms_timeout()] - DPMS on :0 set to: 3600
2026-06-08 18:59:36,126 [screen.py:set_screenblanking_timeout()] - Blanking timeout: 3600
2026-06-08 18:59:36,126 [screen.py:show_panel()] - Panel is already is in view
2026-06-08 18:59:36,130 [screen.py:printer_initializing()] - Klipper has encountered an error.
Unknown temperature sensor 'PT1000 b'
Once the underlying issue is corrected, use the "RESTART"
command to reload the config and restart the host software.
Printer is halted

2026-06-08 18:59:36,131 [screen.py:set_server_config()] - Temperature store size: 1200
2026-06-08 18:59:36,131 [screen.py:set_tempstore()] - Moonraker tempstore not yet available
2026-06-08 18:59:36,131 [printer.py:init_temp_store()] - Temp store: ['extruder', 'heater_bed']
2026-06-08 18:59:42,322 [printer.py:change_state()] - Changing state from 'error' to 'disconnected'
2026-06-08 18:59:42,322 [printer.py:change_state()] - Adding callback for state: disconnected
2026-06-08 18:59:42,340 [screen.py:set_dpms_timeout()] - DPMS on :0 set to: 3600
2026-06-08 18:59:42,341 [screen.py:set_screenblanking_timeout()] - Blanking timeout: 3600
2026-06-08 18:59:42,341 [screen.py:state_disconnected()] - ### Going to disconnected
2026-06-08 18:59:42,341 [screen.py:show_panel()] - Panel is already is in view
2026-06-08 18:59:42,347 [screen.py:printer_initializing()] - Klipper has disconnected
2026-06-08 18:59:46,605 [screen.py:printer_initializing()] - Initializing Klipper Connection
2026-06-08 18:59:46,890 [printer.py:log_counts()] - Klipper version: v0.13.0-689-g2fb3d54e-dirty
2026-06-08 18:59:46,890 [printer.py:log_counts()] - # Extruders: 1
2026-06-08 18:59:46,890 [printer.py:log_counts()] - # Temperature devices: 1
2026-06-08 18:59:46,891 [printer.py:log_counts()] - # Fans: 2
2026-06-08 18:59:46,891 [printer.py:log_counts()] - # Output pins: 0
2026-06-08 18:59:46,891 [printer.py:log_counts()] - # PWM tools: 0
2026-06-08 18:59:46,891 [printer.py:log_counts()] - # Leds: 0
2026-06-08 18:59:47,144 [printer.py:change_state()] - Changing state from 'disconnected' to 'error'
2026-06-08 18:59:47,144 [printer.py:change_state()] - Adding callback for state: error
2026-06-08 18:59:47,145 [KlippyWebsocket.py:object_subscription()] - Sending printer.objects.subscribe
2026-06-08 18:59:47,146 [files.py:set_gcodes_path()] - Gcodes path: /home/voron/printer_data/gcodes
2026-06-08 18:59:47,146 [screen.py:_finish_init()] - Printer initialized
2026-06-08 18:59:47,161 [screen.py:set_dpms_timeout()] - DPMS on :0 set to: 3600
2026-06-08 18:59:47,161 [screen.py:set_screenblanking_timeout()] - Blanking timeout: 3600
2026-06-08 18:59:47,162 [screen.py:show_panel()] - Panel is already is in view
2026-06-08 18:59:47,166 [screen.py:printer_initializing()] - Klipper has encountered an error.
Unknown temperature sensor 'PT1000 B'
Once the underlying issue is corrected, use the "RESTART"
command to reload the config and restart the host software.
Printer is halted

2026-06-08 18:59:47,166 [screen.py:set_server_config()] - Temperature store size: 1200
2026-06-08 18:59:47,166 [screen.py:set_tempstore()] - Moonraker tempstore not yet available
2026-06-08 18:59:47,167 [printer.py:init_temp_store()] - Temp store: ['extruder', 'heater_bed']
2026-06-08 18:59:51,945 [printer.py:change_state()] - Changing state from 'error' to 'disconnected'
2026-06-08 18:59:51,946 [printer.py:change_state()] - Adding callback for state: disconnected
2026-06-08 18:59:51,966 [screen.py:set_dpms_timeout()] - DPMS on :0 set to: 3600
2026-06-08 18:59:51,967 [screen.py:set_screenblanking_timeout()] - Blanking timeout: 3600
2026-06-08 18:59:51,967 [screen.py:state_disconnected()] - ### Going to disconnected
2026-06-08 18:59:51,967 [screen.py:show_panel()] - Panel is already is in view
2026-06-08 18:59:51,976 [screen.py:printer_initializing()] - Klipper has disconnected
2026-06-08 18:59:56,605 [screen.py:printer_initializing()] - Initializing Klipper Connection
2026-06-08 18:59:56,638 [screen.py:printer_initializing()] - Unable to get printer info from moonraker
2026-06-08 19:00:00,612 [screen.py:printer_initializing()] - Initializing Klipper Connection
2026-06-08 19:00:00,681 [screen.py:printer_initializing()] - Unable to get printer info from moonraker
2026-06-08 19:00:04,611 [screen.py:printer_initializing()] - Initializing Klipper Connection
2026-06-08 19:00:04,683 [screen.py:printer_initializing()] - Unable to get printer info from moonraker
2026-06-08 19:00:08,605 [screen.py:printer_initializing()] - Initializing Klipper Connection
2026-06-08 19:00:08,766 [printer.py:log_counts()] - Klipper version: v0.13.0-689-g2fb3d54e-dirty
2026-06-08 19:00:08,767 [printer.py:log_counts()] - # Extruders: 1
2026-06-08 19:00:08,767 [printer.py:log_counts()] - # Temperature devices: 1
2026-06-08 19:00:08,767 [printer.py:log_counts()] - # Fans: 2
2026-06-08 19:00:08,767 [printer.py:log_counts()] - # Output pins: 0
2026-06-08 19:00:08,767 [printer.py:log_counts()] - # PWM tools: 0
2026-06-08 19:00:08,767 [printer.py:log_counts()] - # Leds: 0
2026-06-08 19:00:09,021 [printer.py:change_state()] - Changing state from 'disconnected' to 'error'
2026-06-08 19:00:09,022 [printer.py:change_state()] - Adding callback for state: error
2026-06-08 19:00:09,023 [KlippyWebsocket.py:object_subscription()] - Sending printer.objects.subscribe
2026-06-08 19:00:09,024 [files.py:set_gcodes_path()] - Gcodes path: /home/voron/printer_data/gcodes
2026-06-08 19:00:09,024 [screen.py:_finish_init()] - Printer initialized
2026-06-08 19:00:09,039 [screen.py:set_dpms_timeout()] - DPMS on :0 set to: 3600
2026-06-08 19:00:09,040 [screen.py:set_screenblanking_timeout()] - Blanking timeout: 3600
2026-06-08 19:00:09,040 [screen.py:show_panel()] - Panel is already is in view
2026-06-08 19:00:09,044 [screen.py:printer_initializing()] - Klipper has encountered an error.
A FIRMWARE_RESTART may fix the issue.
Can not update MCU 'mcu' config as it is shutdown
Once the underlying issue is corrected, use the
"FIRMWARE_RESTART" command to reset the firmware, reload the
config, and restart the host software.
Error configuring printer

2026-06-08 19:00:09,044 [screen.py:set_server_config()] - Temperature store size: 1200
2026-06-08 19:00:09,045 [screen.py:set_tempstore()] - Moonraker tempstore not yet available
2026-06-08 19:00:09,045 [printer.py:init_temp_store()] - Temp store: ['extruder', 'heater_bed']
2026-06-08 19:02:43,245 [printer.py:change_state()] - Changing state from 'error' to 'disconnected'
2026-06-08 19:02:43,245 [printer.py:change_state()] - Adding callback for state: disconnected
2026-06-08 19:02:43,266 [screen.py:set_dpms_timeout()] - DPMS on :0 set to: 3600
2026-06-08 19:02:43,266 [screen.py:set_screenblanking_timeout()] - Blanking timeout: 3600
2026-06-08 19:02:43,266 [screen.py:state_disconnected()] - ### Going to disconnected
2026-06-08 19:02:43,267 [screen.py:show_panel()] - Panel is already is in view
2026-06-08 19:02:43,275 [screen.py:printer_initializing()] - Klipper has disconnected
2026-06-08 19:02:47,605 [screen.py:printer_initializing()] - Initializing Klipper Connection
2026-06-08 19:02:47,862 [printer.py:log_counts()] - Klipper version: v0.13.0-689-g2fb3d54e-dirty
2026-06-08 19:02:47,862 [printer.py:log_counts()] - # Extruders: 1
2026-06-08 19:02:47,862 [printer.py:log_counts()] - # Temperature devices: 1
2026-06-08 19:02:47,862 [printer.py:log_counts()] - # Fans: 2
2026-06-08 19:02:47,862 [printer.py:log_counts()] - # Output pins: 0
2026-06-08 19:02:47,862 [printer.py:log_counts()] - # PWM tools: 0
2026-06-08 19:02:47,862 [printer.py:log_counts()] - # Leds: 0
2026-06-08 19:02:48,117 [printer.py:change_state()] - Changing state from 'disconnected' to 'error'
2026-06-08 19:02:48,117 [printer.py:change_state()] - Adding callback for state: error
2026-06-08 19:02:48,118 [KlippyWebsocket.py:object_subscription()] - Sending printer.objects.subscribe
2026-06-08 19:02:48,120 [files.py:set_gcodes_path()] - Gcodes path: /home/voron/printer_data/gcodes
2026-06-08 19:02:48,120 [screen.py:_finish_init()] - Printer initialized
2026-06-08 19:02:48,135 [screen.py:set_dpms_timeout()] - DPMS on :0 set to: 3600
2026-06-08 19:02:48,135 [screen.py:set_screenblanking_timeout()] - Blanking timeout: 3600
2026-06-08 19:02:48,135 [screen.py:show_panel()] - Panel is already is in view
2026-06-08 19:02:48,140 [screen.py:printer_initializing()] - Klipper has encountered an error.
Pin 'TH0' is not a valid pin name on mcu 'EBBCan'
Once the underlying issue is corrected, use the "RESTART"
command to reload the config and restart the host software.
Printer is halted

2026-06-08 19:02:48,140 [screen.py:set_server_config()] - Temperature store size: 1200
2026-06-08 19:02:48,140 [screen.py:set_tempstore()] - Moonraker tempstore not yet available
2026-06-08 19:02:48,141 [printer.py:init_temp_store()] - Temp store: ['extruder', 'heater_bed']
2026-06-08 19:03:38,886 [printer.py:change_state()] - Changing state from 'error' to 'disconnected'
2026-06-08 19:03:38,886 [printer.py:change_state()] - Adding callback for state: disconnected
2026-06-08 19:03:38,908 [screen.py:set_dpms_timeout()] - DPMS on :0 set to: 3600
2026-06-08 19:03:38,909 [screen.py:set_screenblanking_timeout()] - Blanking timeout: 3600
2026-06-08 19:03:38,909 [screen.py:state_disconnected()] - ### Going to disconnected
2026-06-08 19:03:38,909 [screen.py:show_panel()] - Panel is already is in view
2026-06-08 19:03:38,915 [screen.py:printer_initializing()] - Klipper has disconnected
2026-06-08 19:03:43,605 [screen.py:printer_initializing()] - Initializing Klipper Connection
2026-06-08 19:03:43,638 [screen.py:printer_initializing()] - Unable to get printer info from moonraker
2026-06-08 19:03:47,611 [screen.py:printer_initializing()] - Initializing Klipper Connection
2026-06-08 19:03:47,677 [screen.py:printer_initializing()] - Unable to get printer info from moonraker
2026-06-08 19:03:51,611 [screen.py:printer_initializing()] - Initializing Klipper Connection
2026-06-08 19:03:51,678 [screen.py:printer_initializing()] - Unable to get printer info from moonraker
2026-06-08 19:03:55,605 [screen.py:printer_initializing()] - Initializing Klipper Connection
2026-06-08 19:03:55,713 [printer.py:log_counts()] - Klipper version: v0.13.0-689-g2fb3d54e-dirty
2026-06-08 19:03:55,713 [printer.py:log_counts()] - # Extruders: 1
2026-06-08 19:03:55,713 [printer.py:log_counts()] - # Temperature devices: 1
2026-06-08 19:03:55,714 [printer.py:log_counts()] - # Fans: 2
2026-06-08 19:03:55,714 [printer.py:log_counts()] - # Output pins: 0
2026-06-08 19:03:55,714 [printer.py:log_counts()] - # PWM tools: 0
2026-06-08 19:03:55,714 [printer.py:log_counts()] - # Leds: 0
2026-06-08 19:03:55,969 [printer.py:change_state()] - Changing state from 'disconnected' to 'error'
2026-06-08 19:03:55,969 [printer.py:change_state()] - Adding callback for state: error
2026-06-08 19:03:55,970 [KlippyWebsocket.py:object_subscription()] - Sending printer.objects.subscribe
2026-06-08 19:03:55,971 [files.py:set_gcodes_path()] - Gcodes path: /home/voron/printer_data/gcodes
2026-06-08 19:03:55,972 [screen.py:_finish_init()] - Printer initialized
2026-06-08 19:03:55,987 [screen.py:set_dpms_timeout()] - DPMS on :0 set to: 3600
2026-06-08 19:03:55,987 [screen.py:set_screenblanking_timeout()] - Blanking timeout: 3600
2026-06-08 19:03:55,987 [screen.py:show_panel()] - Panel is already is in view
2026-06-08 19:03:55,992 [screen.py:printer_initializing()] - Klipper has encountered an error.
A FIRMWARE_RESTART may fix the issue.
Can not update MCU 'mcu' config as it is shutdown
Once the underlying issue is corrected, use the
"FIRMWARE_RESTART" command to reset the firmware, reload the
config, and restart the host software.
Error configuring printer

2026-06-08 19:03:55,992 [screen.py:set_server_config()] - Temperature store size: 1200
2026-06-08 19:03:55,992 [screen.py:set_tempstore()] - Moonraker tempstore not yet available
2026-06-08 19:03:55,993 [printer.py:init_temp_store()] - Temp store: ['extruder', 'heater_bed']
2026-06-08 19:09:56,904 [printer.py:change_state()] - Changing state from 'error' to 'disconnected'
2026-06-08 19:09:56,905 [printer.py:change_state()] - Adding callback for state: disconnected
2026-06-08 19:09:56,925 [screen.py:set_dpms_timeout()] - DPMS on :0 set to: 3600
2026-06-08 19:09:56,926 [screen.py:set_screenblanking_timeout()] - Blanking timeout: 3600
2026-06-08 19:09:56,926 [screen.py:state_disconnected()] - ### Going to disconnected
2026-06-08 19:09:56,926 [screen.py:show_panel()] - Panel is already is in view
2026-06-08 19:09:56,935 [screen.py:printer_initializing()] - Klipper has disconnected
2026-06-08 19:10:01,605 [screen.py:printer_initializing()] - Initializing Klipper Connection
2026-06-08 19:10:01,635 [screen.py:printer_initializing()] - Unable to get printer info from moonraker
2026-06-08 19:10:05,611 [screen.py:printer_initializing()] - Initializing Klipper Connection
2026-06-08 19:10:05,679 [screen.py:printer_initializing()] - Unable to get printer info from moonraker
2026-06-08 19:10:09,611 [screen.py:printer_initializing()] - Initializing Klipper Connection
2026-06-08 19:10:09,671 [screen.py:printer_initializing()] - Unable to get printer info from moonraker
2026-06-08 19:10:13,605 [screen.py:printer_initializing()] - Initializing Klipper Connection
2026-06-08 19:10:13,766 [printer.py:log_counts()] - Klipper version: v0.13.0-689-g2fb3d54e-dirty
2026-06-08 19:10:13,766 [printer.py:log_counts()] - # Extruders: 1
2026-06-08 19:10:13,766 [printer.py:log_counts()] - # Temperature devices: 1
2026-06-08 19:10:13,766 [printer.py:log_counts()] - # Fans: 2
2026-06-08 19:10:13,766 [printer.py:log_counts()] - # Output pins: 0
2026-06-08 19:10:13,766 [printer.py:log_counts()] - # PWM tools: 0
2026-06-08 19:10:13,766 [printer.py:log_counts()] - # Leds: 0
2026-06-08 19:10:14,020 [printer.py:change_state()] - Changing state from 'disconnected' to 'error'
2026-06-08 19:10:14,021 [printer.py:change_state()] - Adding callback for state: error
2026-06-08 19:10:14,022 [KlippyWebsocket.py:object_subscription()] - Sending printer.objects.subscribe
2026-06-08 19:10:14,023 [files.py:set_gcodes_path()] - Gcodes path: /home/voron/printer_data/gcodes
2026-06-08 19:10:14,023 [screen.py:_finish_init()] - Printer initialized
2026-06-08 19:10:14,038 [screen.py:set_dpms_timeout()] - DPMS on :0 set to: 3600
2026-06-08 19:10:14,038 [screen.py:set_screenblanking_timeout()] - Blanking timeout: 3600
2026-06-08 19:10:14,039 [screen.py:show_panel()] - Panel is already is in view
2026-06-08 19:10:14,043 [screen.py:printer_initializing()] - Klipper has encountered an error.
A FIRMWARE_RESTART may fix the issue.
Can not update MCU 'mcu' config as it is shutdown
Once the underlying issue is corrected, use the
"FIRMWARE_RESTART" command to reset the firmware, reload the
config, and restart the host software.
Error configuring printer

2026-06-08 19:10:14,043 [screen.py:set_server_config()] - Temperature store size: 1200
2026-06-08 19:10:14,043 [screen.py:set_tempstore()] - Moonraker tempstore not yet available
2026-06-08 19:10:14,044 [printer.py:init_temp_store()] - Temp store: ['extruder', 'heater_bed']
2026-06-08 19:22:21,451 [printer.py:change_state()] - Changing state from 'error' to 'disconnected'
2026-06-08 19:22:21,452 [printer.py:change_state()] - Adding callback for state: disconnected
2026-06-08 19:22:21,468 [screen.py:set_dpms_timeout()] - DPMS on :0 set to: 3600
2026-06-08 19:22:21,468 [screen.py:set_screenblanking_timeout()] - Blanking timeout: 3600
2026-06-08 19:22:21,468 [screen.py:state_disconnected()] - ### Going to disconnected
2026-06-08 19:22:21,468 [screen.py:show_panel()] - Panel is already is in view
2026-06-08 19:22:21,473 [screen.py:printer_initializing()] - Klipper has disconnected
2026-06-08 19:22:25,611 [screen.py:printer_initializing()] - Initializing Klipper Connection
2026-06-08 19:22:25,676 [screen.py:printer_initializing()] - Unable to get printer info from moonraker
2026-06-08 19:22:29,609 [screen.py:printer_initializing()] - Initializing Klipper Connection
2026-06-08 19:22:29,668 [screen.py:printer_initializing()] - Unable to get printer info from moonraker
2026-06-08 19:22:33,604 [screen.py:printer_initializing()] - Initializing Klipper Connection
2026-06-08 19:22:33,636 [screen.py:printer_initializing()] - Unable to get printer info from moonraker
2026-06-08 19:22:37,611 [screen.py:printer_initializing()] - Initializing Klipper Connection
2026-06-08 19:22:37,677 [screen.py:printer_initializing()] - Unable to get printer info from moonraker
2026-06-08 19:22:41,613 [screen.py:printer_initializing()] - Initializing Klipper Connection
2026-06-08 19:22:41,687 [screen.py:printer_initializing()] - Unable to get printer info from moonraker
2026-06-08 19:22:41,687 [screen.py:_init_printer()] - Stopping Retries
2026-06-08 19:27:50,340 [functions.py:log_start()] - --------------------KlipperScreen Log Start--------------------
2026-06-08 19:27:50,341 [functions.py:log_start()] - KlipperScreen Version: v0.4.7-53-g60ab1c6
2026-06-08 19:27:50,341 [functions.py:log_start()] - Python version: 3.13
2026-06-08 19:27:50,455 [config.py:get_config_file_location()] - Passed config (-c): .
2026-06-08 19:27:50,455 [config.py:__init__()] - Config path location: /home/voron/printer_data/config/KlipperScreen.conf
2026-06-08 19:27:50,504 [config.py:log_config()] - ===== Config File =====

=======================
2026-06-08 19:27:50,505 [config.py:__init__()] - 
====== Saved ======




2026-06-08 19:27:50,505 [config.py:__init__()] - Configured printers: [
  {
    "Printer": {
      "moonraker_host": "127.0.0.1",
      "moonraker_port": "7125",
      "moonraker_path": "",
      "moonraker_ssl": null,
      "moonraker_api_key": ""
    }
  }
]
2026-06-08 19:27:50,607 [config.py:create_translations()] - Selected lang: system_lang OS lang: en_GB
2026-06-08 19:27:50,607 [config.py:install_language()] - Using lang en
2026-06-08 19:27:50,616 [screen.py:__init__()] - Display for xset: :0
2026-06-08 19:27:50,617 [screen.py:__init__()] - Screen 0: 800x480
2026-06-08 19:27:50,617 [screen.py:__init__()] - Monitors: 1 using number: 0
2026-06-08 19:27:50,618 [screen.py:__init__()] - Wayland: False Display name: :0
2026-06-08 19:27:50,619 [screen.py:__init__()] - Screen resolution: 800x480
2026-06-08 19:27:50,773 [KlippyGtk.py:update_layout()] - Font size: 17.8 (medium)
2026-06-08 19:27:50,959 [base_panel.py:battery_percentage()] - Battery information not available.
2026-06-08 19:27:51,147 [screen.py:set_dpms_timeout()] - DPMS on :0 set to: 3600
2026-06-08 19:27:51,147 [screen.py:set_screenblanking_timeout()] - Blanking timeout: 3600
2026-06-08 19:27:51,148 [screen.py:initial_connection()] - Default printer: None
2026-06-08 19:27:51,148 [screen.py:_remove_all_panels()] - Removing all panels
2026-06-08 19:27:51,212 [screen.py:_load_panel()] - Loading panel: splash_screen
2026-06-08 19:27:51,271 [screen.py:attach_panel()] - Current panel hierarchy: splash_screen
2026-06-08 19:27:51,277 [screen.py:set_titlebar_items()] - set_titlebar_items
2026-06-08 19:27:51,281 [screen.py:printer_initializing()] - Initializing KlipperScreen
2026-06-08 19:27:51,326 [screen.py:printer_initializing()] - Connecting to Printer
2026-06-08 19:27:51,338 [screen.py:set_dpms_timeout()] - DPMS on :0 set to: 3600
2026-06-08 19:27:51,338 [screen.py:set_screenblanking_timeout()] - Blanking timeout: 3600
2026-06-08 19:27:55,475 [KlippyWebsocket.py:initial_connect()] - Starting connection
2026-06-08 19:27:55,475 [KlippyWebsocket.py:connect()] - Attempting to connect
2026-06-08 19:27:55,475 [KlippyWebsocket.py:connect()] - Starting websocket thread
2026-06-08 19:27:55,483 [_logging.py:info()] - Websocket connected
2026-06-08 19:27:55,484 [screen.py:websocket_connected()] - ### websocket_connected
2026-06-08 19:27:55,488 [screen.py:printer_initializing()] - Moonraker Connected
2026-06-08 19:27:55,512 [KlippyWebsocket.py:identify_client()] - Sending server.connection.identify
2026-06-08 19:27:55,544 [screen.py:printer_initializing()] - Initializing Klipper Connection
2026-06-08 19:27:55,545 [printer.py:configure_cameras()] - Cameras: []
2026-06-08 19:27:55,714 [printer.py:log_counts()] - Klipper version: v0.13.0-689-g2fb3d54e-dirty
2026-06-08 19:27:55,715 [printer.py:log_counts()] - # Extruders: 0
2026-06-08 19:27:55,715 [printer.py:log_counts()] - # Temperature devices: 1
2026-06-08 19:27:55,715 [printer.py:log_counts()] - # Fans: 0
2026-06-08 19:27:55,715 [printer.py:log_counts()] - # Output pins: 0
2026-06-08 19:27:55,715 [printer.py:log_counts()] - # PWM tools: 0
2026-06-08 19:27:55,715 [printer.py:log_counts()] - # Leds: 0
2026-06-08 19:27:55,968 [printer.py:change_state()] - Changing state from 'disconnected' to 'error'
2026-06-08 19:27:55,968 [printer.py:change_state()] - Adding callback for state: error
2026-06-08 19:27:55,969 [KlippyWebsocket.py:object_subscription()] - Sending printer.objects.subscribe
2026-06-08 19:27:55,970 [files.py:set_gcodes_path()] - Gcodes path: /home/voron/printer_data/gcodes
2026-06-08 19:27:55,970 [screen.py:_finish_init()] - Printer initialized
2026-06-08 19:27:55,986 [screen.py:set_dpms_timeout()] - DPMS on :0 set to: 3600
2026-06-08 19:27:55,986 [screen.py:set_screenblanking_timeout()] - Blanking timeout: 3600
2026-06-08 19:27:55,986 [screen.py:show_panel()] - Panel is already is in view
2026-06-08 19:27:55,991 [screen.py:printer_initializing()] - Klipper has encountered an error.
Unknown pin chip name 'EBBCan'
Once the underlying issue is corrected, use the "RESTART"
command to reload the config and restart the host software.
Printer is halted

2026-06-08 19:27:55,991 [screen.py:set_server_config()] - Temperature store size: 1200
2026-06-08 19:27:55,991 [screen.py:set_tempstore()] - Moonraker tempstore not yet available
2026-06-08 19:27:55,992 [printer.py:init_temp_store()] - Temp store: ['heater_bed']
2026-06-08 19:28:51,473 [base_panel.py:battery_percentage()] - Battery information not available.
2026-06-08 19:29:30,118 [printer.py:change_state()] - Changing state from 'error' to 'disconnected'
2026-06-08 19:29:30,119 [printer.py:change_state()] - Adding callback for state: disconnected
2026-06-08 19:29:30,136 [screen.py:set_dpms_timeout()] - DPMS on :0 set to: 3600
2026-06-08 19:29:30,137 [screen.py:set_screenblanking_timeout()] - Blanking timeout: 3600
2026-06-08 19:29:30,137 [screen.py:state_disconnected()] - ### Going to disconnected
2026-06-08 19:29:30,137 [screen.py:show_panel()] - Panel is already is in view
2026-06-08 19:29:30,144 [screen.py:printer_initializing()] - Klipper has disconnected
2026-06-08 19:29:34,478 [screen.py:printer_initializing()] - Initializing Klipper Connection
2026-06-08 19:29:34,609 [printer.py:log_counts()] - Klipper version: v0.13.0-689-g2fb3d54e-dirty
2026-06-08 19:29:34,609 [printer.py:log_counts()] - # Extruders: 1
2026-06-08 19:29:34,609 [printer.py:log_counts()] - # Temperature devices: 1
2026-06-08 19:29:34,609 [printer.py:log_counts()] - # Fans: 2
2026-06-08 19:29:34,609 [printer.py:log_counts()] - # Output pins: 0
2026-06-08 19:29:34,609 [printer.py:log_counts()] - # PWM tools: 0
2026-06-08 19:29:34,610 [printer.py:log_counts()] - # Leds: 0
2026-06-08 19:29:34,864 [printer.py:change_state()] - Changing state from 'disconnected' to 'error'
2026-06-08 19:29:34,865 [printer.py:change_state()] - Adding callback for state: error
2026-06-08 19:29:34,866 [KlippyWebsocket.py:object_subscription()] - Sending printer.objects.subscribe
2026-06-08 19:29:34,867 [files.py:set_gcodes_path()] - Gcodes path: /home/voron/printer_data/gcodes
2026-06-08 19:29:34,868 [screen.py:_finish_init()] - Printer initialized
2026-06-08 19:29:34,883 [screen.py:set_dpms_timeout()] - DPMS on :0 set to: 3600
2026-06-08 19:29:34,883 [screen.py:set_screenblanking_timeout()] - Blanking timeout: 3600
2026-06-08 19:29:34,883 [screen.py:show_panel()] - Panel is already is in view
2026-06-08 19:29:34,887 [screen.py:printer_initializing()] - Klipper has encountered an error.
A FIRMWARE_RESTART may fix the issue.
Can not update MCU 'mcu' config as it is shutdown
Once the underlying issue is corrected, use the
"FIRMWARE_RESTART" command to reset the firmware, reload the
config, and restart the host software.
Error configuring printer

2026-06-08 19:29:34,888 [screen.py:set_server_config()] - Temperature store size: 1200
2026-06-08 19:29:34,888 [screen.py:set_tempstore()] - Moonraker tempstore not yet available
2026-06-08 19:29:34,888 [printer.py:init_temp_store()] - Temp store: ['extruder', 'heater_bed']
2026-06-08 19:30:02,045 [printer.py:change_state()] - Changing state from 'error' to 'disconnected'
2026-06-08 19:30:02,046 [printer.py:change_state()] - Adding callback for state: disconnected
2026-06-08 19:30:02,070 [screen.py:set_dpms_timeout()] - DPMS on :0 set to: 3600
2026-06-08 19:30:02,070 [screen.py:set_screenblanking_timeout()] - Blanking timeout: 3600
2026-06-08 19:30:02,070 [screen.py:state_disconnected()] - ### Going to disconnected
2026-06-08 19:30:02,071 [screen.py:show_panel()] - Panel is already is in view
2026-06-08 19:30:02,078 [screen.py:printer_initializing()] - Klipper has disconnected
2026-06-08 19:30:06,478 [screen.py:printer_initializing()] - Initializing Klipper Connection
2026-06-08 19:30:06,512 [screen.py:printer_initializing()] - Unable to get printer info from moonraker
2026-06-08 19:30:10,484 [screen.py:printer_initializing()] - Initializing Klipper Connection
2026-06-08 19:30:10,542 [screen.py:printer_initializing()] - Unable to get printer info from moonraker
2026-06-08 19:30:14,484 [screen.py:printer_initializing()] - Initializing Klipper Connection
2026-06-08 19:30:14,550 [screen.py:printer_initializing()] - Unable to get printer info from moonraker
2026-06-08 19:30:18,478 [screen.py:printer_initializing()] - Initializing Klipper Connection
2026-06-08 19:30:18,627 [printer.py:log_counts()] - Klipper version: v0.13.0-689-g2fb3d54e-dirty
2026-06-08 19:30:18,627 [printer.py:log_counts()] - # Extruders: 1
2026-06-08 19:30:18,628 [printer.py:log_counts()] - # Temperature devices: 1
2026-06-08 19:30:18,628 [printer.py:log_counts()] - # Fans: 2
2026-06-08 19:30:18,628 [printer.py:log_counts()] - # Output pins: 0
2026-06-08 19:30:18,628 [printer.py:log_counts()] - # PWM tools: 0
2026-06-08 19:30:18,628 [printer.py:log_counts()] - # Leds: 0
2026-06-08 19:30:18,882 [printer.py:change_state()] - Changing state from 'disconnected' to 'error'
2026-06-08 19:30:18,883 [printer.py:change_state()] - Adding callback for state: error
2026-06-08 19:30:18,884 [KlippyWebsocket.py:object_subscription()] - Sending printer.objects.subscribe
2026-06-08 19:30:18,885 [files.py:set_gcodes_path()] - Gcodes path: /home/voron/printer_data/gcodes
2026-06-08 19:30:18,885 [screen.py:_finish_init()] - Printer initialized
2026-06-08 19:30:18,900 [screen.py:set_dpms_timeout()] - DPMS on :0 set to: 3600
2026-06-08 19:30:18,901 [screen.py:set_screenblanking_timeout()] - Blanking timeout: 3600
2026-06-08 19:30:18,901 [screen.py:show_panel()] - Panel is already is in view
2026-06-08 19:30:18,905 [screen.py:printer_initializing()] - Klipper has encountered an error.
A FIRMWARE_RESTART may fix the issue.
Can not update MCU 'mcu' config as it is shutdown
Once the underlying issue is corrected, use the
"FIRMWARE_RESTART" command to reset the firmware, reload the
config, and restart the host software.
Error configuring printer

2026-06-08 19:30:18,905 [screen.py:set_server_config()] - Temperature store size: 1200
2026-06-08 19:30:18,906 [screen.py:set_tempstore()] - Moonraker tempstore not yet available
2026-06-08 19:30:18,906 [printer.py:init_temp_store()] - Temp store: ['extruder', 'heater_bed']
2026-06-08 19:34:10,965 [printer.py:change_state()] - Changing state from 'error' to 'disconnected'
2026-06-08 19:34:10,965 [printer.py:change_state()] - Adding callback for state: disconnected
2026-06-08 19:34:10,979 [screen.py:set_dpms_timeout()] - DPMS on :0 set to: 3600
2026-06-08 19:34:10,979 [screen.py:set_screenblanking_timeout()] - Blanking timeout: 3600
2026-06-08 19:34:10,979 [screen.py:state_disconnected()] - ### Going to disconnected
2026-06-08 19:34:10,979 [screen.py:show_panel()] - Panel is already is in view
2026-06-08 19:34:10,983 [screen.py:printer_initializing()] - Klipper has disconnected
2026-06-08 19:34:15,483 [screen.py:printer_initializing()] - Initializing Klipper Connection
2026-06-08 19:34:15,542 [screen.py:printer_initializing()] - Unable to get printer info from moonraker
2026-06-08 19:34:19,484 [screen.py:printer_initializing()] - Initializing Klipper Connection
2026-06-08 19:34:19,550 [screen.py:printer_initializing()] - Unable to get printer info from moonraker
2026-06-08 19:34:23,484 [screen.py:printer_initializing()] - Initializing Klipper Connection
2026-06-08 19:34:23,550 [screen.py:printer_initializing()] - Unable to get printer info from moonraker
2026-06-08 19:34:27,478 [screen.py:printer_initializing()] - Initializing Klipper Connection
2026-06-08 19:34:27,509 [screen.py:printer_initializing()] - Unable to get printer info from moonraker
2026-06-08 19:34:31,487 [screen.py:printer_initializing()] - Initializing Klipper Connection
2026-06-08 19:34:31,556 [screen.py:printer_initializing()] - Unable to get printer info from moonraker
2026-06-08 19:34:31,556 [screen.py:_init_printer()] - Stopping Retries
2026-06-11 18:49:02,163 [functions.py:log_start()] - --------------------KlipperScreen Log Start--------------------
2026-06-11 18:49:02,163 [functions.py:log_start()] - KlipperScreen Version: v0.4.7-53-g60ab1c6
2026-06-11 18:49:02,164 [functions.py:log_start()] - Python version: 3.13
2026-06-11 18:49:02,288 [config.py:get_config_file_location()] - Passed config (-c): .
2026-06-11 18:49:02,289 [config.py:__init__()] - Config path location: /home/voron/printer_data/config/KlipperScreen.conf
2026-06-11 18:49:02,347 [config.py:log_config()] - ===== Config File =====

=======================
2026-06-11 18:49:02,349 [config.py:__init__()] - 
====== Saved ======




2026-06-11 18:49:02,349 [config.py:__init__()] - Configured printers: [
  {
    "Printer": {
      "moonraker_host": "127.0.0.1",
      "moonraker_port": "7125",
      "moonraker_path": "",
      "moonraker_ssl": null,
      "moonraker_api_key": ""
    }
  }
]
2026-06-11 18:49:02,468 [config.py:create_translations()] - Selected lang: system_lang OS lang: en_GB
2026-06-11 18:49:02,468 [config.py:install_language()] - Using lang en
2026-06-11 18:49:02,479 [screen.py:__init__()] - Display for xset: :0
2026-06-11 18:49:02,480 [screen.py:__init__()] - Screen 0: 800x480
2026-06-11 18:49:02,480 [screen.py:__init__()] - Monitors: 1 using number: 0
2026-06-11 18:49:02,481 [screen.py:__init__()] - Wayland: False Display name: :0
2026-06-11 18:49:02,483 [screen.py:__init__()] - Screen resolution: 800x480
2026-06-11 18:49:02,656 [KlippyGtk.py:update_layout()] - Font size: 17.8 (medium)
2026-06-11 18:49:02,877 [base_panel.py:battery_percentage()] - Battery information not available.
2026-06-11 18:49:03,065 [screen.py:set_dpms_timeout()] - DPMS on :0 set to: 3600
2026-06-11 18:49:03,065 [screen.py:set_screenblanking_timeout()] - Blanking timeout: 3600
2026-06-11 18:49:03,066 [screen.py:initial_connection()] - Default printer: None
2026-06-11 18:49:03,066 [screen.py:_remove_all_panels()] - Removing all panels
2026-06-11 18:49:03,114 [screen.py:_load_panel()] - Loading panel: splash_screen
2026-06-11 18:49:03,158 [screen.py:attach_panel()] - Current panel hierarchy: splash_screen
2026-06-11 18:49:03,165 [screen.py:set_titlebar_items()] - set_titlebar_items
2026-06-11 18:49:03,169 [screen.py:printer_initializing()] - Initializing KlipperScreen
2026-06-11 18:49:03,219 [screen.py:printer_initializing()] - Connecting to Printer
2026-06-11 18:49:03,232 [screen.py:set_dpms_timeout()] - DPMS on :0 set to: 3600
2026-06-11 18:49:03,232 [screen.py:set_screenblanking_timeout()] - Blanking timeout: 3600
2026-06-11 18:49:07,341 [KlippyWebsocket.py:initial_connect()] - Starting connection
2026-06-11 18:49:07,342 [KlippyWebsocket.py:connect()] - Attempting to connect
2026-06-11 18:49:07,342 [KlippyWebsocket.py:connect()] - Starting websocket thread
2026-06-11 18:49:07,359 [_logging.py:info()] - Websocket connected
2026-06-11 18:49:07,360 [screen.py:websocket_connected()] - ### websocket_connected
2026-06-11 18:49:07,365 [screen.py:printer_initializing()] - Moonraker Connected
2026-06-11 18:49:07,391 [KlippyWebsocket.py:identify_client()] - Sending server.connection.identify
2026-06-11 18:49:07,424 [screen.py:printer_initializing()] - Moonraker: connected
Klipper: disconnected

2026-06-11 18:49:07,425 [printer.py:configure_cameras()] - Cameras: []
2026-06-11 18:49:07,443 [screen.py:_init_klipper_retry()] - Klipper not connected, retry 1/4
2026-06-11 18:49:12,345 [screen.py:printer_initializing()] - Moonraker: connected
Klipper: disconnected

2026-06-11 18:49:12,383 [screen.py:printer_initializing()] - Initializing Klipper Connection
2026-06-11 18:49:12,416 [screen.py:printer_initializing()] - Unable to get printer info from moonraker
2026-06-11 18:49:16,344 [screen.py:printer_initializing()] - Initializing Klipper Connection
2026-06-11 18:49:16,482 [printer.py:log_counts()] - Klipper version: v0.13.0-689-g2fb3d54e-dirty
2026-06-11 18:49:16,482 [printer.py:log_counts()] - # Extruders: 1
2026-06-11 18:49:16,482 [printer.py:log_counts()] - # Temperature devices: 1
2026-06-11 18:49:16,482 [printer.py:log_counts()] - # Fans: 2
2026-06-11 18:49:16,482 [printer.py:log_counts()] - # Output pins: 0
2026-06-11 18:49:16,482 [printer.py:log_counts()] - # PWM tools: 0
2026-06-11 18:49:16,482 [printer.py:log_counts()] - # Leds: 0
2026-06-11 18:49:16,737 [printer.py:change_state()] - Changing state from 'disconnected' to 'error'
2026-06-11 18:49:16,737 [printer.py:change_state()] - Adding callback for state: error
2026-06-11 18:49:16,739 [KlippyWebsocket.py:object_subscription()] - Sending printer.objects.subscribe
2026-06-11 18:49:16,740 [files.py:set_gcodes_path()] - Gcodes path: /home/voron/printer_data/gcodes
2026-06-11 18:49:16,740 [screen.py:_finish_init()] - Printer initialized
2026-06-11 18:49:16,756 [screen.py:set_dpms_timeout()] - DPMS on :0 set to: 3600
2026-06-11 18:49:16,756 [screen.py:set_screenblanking_timeout()] - Blanking timeout: 3600
2026-06-11 18:49:16,756 [screen.py:show_panel()] - Panel is already is in view
2026-06-11 18:49:16,760 [screen.py:printer_initializing()] - Klipper has encountered an error.
A FIRMWARE_RESTART may fix the issue.
Can not update MCU 'mcu' config as it is shutdown
Once the underlying issue is corrected, use the
"FIRMWARE_RESTART" command to reset the firmware, reload the
config, and restart the host software.
Error configuring printer

2026-06-11 18:49:16,761 [screen.py:set_server_config()] - Temperature store size: 1200
2026-06-11 18:49:16,761 [screen.py:set_tempstore()] - Moonraker tempstore not yet available
2026-06-11 18:49:16,761 [printer.py:init_temp_store()] - Temp store: ['extruder', 'heater_bed']
2026-06-11 18:50:03,339 [base_panel.py:battery_percentage()] - Battery information not available.
2026-06-11 19:05:29,820 [functions.py:log_start()] - --------------------KlipperScreen Log Start--------------------
2026-06-11 19:05:29,820 [functions.py:log_start()] - KlipperScreen Version: v0.4.7-53-g60ab1c6
2026-06-11 19:05:29,820 [functions.py:log_start()] - Python version: 3.13
2026-06-11 19:05:29,935 [config.py:get_config_file_location()] - Passed config (-c): .
2026-06-11 19:05:29,935 [config.py:__init__()] - Config path location: /home/voron/printer_data/config/KlipperScreen.conf
2026-06-11 19:05:29,984 [config.py:log_config()] - ===== Config File =====

=======================
2026-06-11 19:05:29,985 [config.py:__init__()] - 
====== Saved ======




2026-06-11 19:05:29,985 [config.py:__init__()] - Configured printers: [
  {
    "Printer": {
      "moonraker_host": "127.0.0.1",
      "moonraker_port": "7125",
      "moonraker_path": "",
      "moonraker_ssl": null,
      "moonraker_api_key": ""
    }
  }
]
2026-06-11 19:05:30,088 [config.py:create_translations()] - Selected lang: system_lang OS lang: en_GB
2026-06-11 19:05:30,089 [config.py:install_language()] - Using lang en
2026-06-11 19:05:30,098 [screen.py:__init__()] - Display for xset: :0
2026-06-11 19:05:30,099 [screen.py:__init__()] - Screen 0: 800x480
2026-06-11 19:05:30,099 [screen.py:__init__()] - Monitors: 1 using number: 0
2026-06-11 19:05:30,099 [screen.py:__init__()] - Wayland: False Display name: :0
2026-06-11 19:05:30,101 [screen.py:__init__()] - Screen resolution: 800x480
2026-06-11 19:05:30,261 [KlippyGtk.py:update_layout()] - Font size: 17.8 (medium)
2026-06-11 19:05:30,467 [base_panel.py:battery_percentage()] - Battery information not available.
2026-06-11 19:05:30,624 [screen.py:set_dpms_timeout()] - DPMS on :0 set to: 3600
2026-06-11 19:05:30,625 [screen.py:set_screenblanking_timeout()] - Blanking timeout: 3600
2026-06-11 19:05:30,625 [screen.py:initial_connection()] - Default printer: None
2026-06-11 19:05:30,625 [screen.py:_remove_all_panels()] - Removing all panels
2026-06-11 19:05:30,670 [screen.py:_load_panel()] - Loading panel: splash_screen
2026-06-11 19:05:30,708 [screen.py:attach_panel()] - Current panel hierarchy: splash_screen
2026-06-11 19:05:30,714 [screen.py:set_titlebar_items()] - set_titlebar_items
2026-06-11 19:05:30,718 [screen.py:printer_initializing()] - Initializing KlipperScreen
2026-06-11 19:05:30,763 [screen.py:printer_initializing()] - Connecting to Printer
2026-06-11 19:05:30,775 [screen.py:set_dpms_timeout()] - DPMS on :0 set to: 3600
2026-06-11 19:05:30,775 [screen.py:set_screenblanking_timeout()] - Blanking timeout: 3600
2026-06-11 19:05:34,870 [KlippyWebsocket.py:initial_connect()] - Starting connection
2026-06-11 19:05:34,870 [KlippyWebsocket.py:connect()] - Attempting to connect
2026-06-11 19:05:34,870 [KlippyWebsocket.py:connect()] - Starting websocket thread
2026-06-11 19:05:34,878 [_logging.py:info()] - Websocket connected
2026-06-11 19:05:34,879 [screen.py:websocket_connected()] - ### websocket_connected
2026-06-11 19:05:34,883 [screen.py:printer_initializing()] - Moonraker Connected
2026-06-11 19:05:34,907 [KlippyWebsocket.py:identify_client()] - Sending server.connection.identify
2026-06-11 19:05:34,939 [screen.py:printer_initializing()] - Moonraker: connected
Klipper: disconnected

2026-06-11 19:05:34,940 [printer.py:configure_cameras()] - Cameras: []
2026-06-11 19:05:34,956 [screen.py:_init_klipper_retry()] - Klipper not connected, retry 1/4
2026-06-11 19:05:39,874 [screen.py:printer_initializing()] - Moonraker: connected
Klipper: disconnected

2026-06-11 19:05:39,905 [screen.py:_init_klipper_retry()] - Klipper not connected, retry 2/4
2026-06-11 19:05:44,873 [screen.py:printer_initializing()] - Moonraker: connected
Klipper: disconnected

2026-06-11 19:05:44,904 [screen.py:printer_initializing()] - Initializing Klipper Connection
2026-06-11 19:05:45,184 [printer.py:log_counts()] - Klipper version: v0.13.0-689-g2fb3d54e-dirty
2026-06-11 19:05:45,184 [printer.py:log_counts()] - # Extruders: 1
2026-06-11 19:05:45,185 [printer.py:log_counts()] - # Temperature devices: 1
2026-06-11 19:05:45,185 [printer.py:log_counts()] - # Fans: 2
2026-06-11 19:05:45,185 [printer.py:log_counts()] - # Output pins: 0
2026-06-11 19:05:45,185 [printer.py:log_counts()] - # PWM tools: 0
2026-06-11 19:05:45,185 [printer.py:log_counts()] - # Leds: 0
2026-06-11 19:05:45,440 [printer.py:change_state()] - Changing state from 'disconnected' to 'error'
2026-06-11 19:05:45,440 [printer.py:change_state()] - Adding callback for state: error
2026-06-11 19:05:45,441 [KlippyWebsocket.py:object_subscription()] - Sending printer.objects.subscribe
2026-06-11 19:05:45,442 [files.py:set_gcodes_path()] - Gcodes path: /home/voron/printer_data/gcodes
2026-06-11 19:05:45,442 [screen.py:_finish_init()] - Printer initialized
2026-06-11 19:05:45,459 [screen.py:set_dpms_timeout()] - DPMS on :0 set to: 3600
2026-06-11 19:05:45,459 [screen.py:set_screenblanking_timeout()] - Blanking timeout: 3600
2026-06-11 19:05:45,460 [screen.py:show_panel()] - Panel is already is in view
2026-06-11 19:05:45,464 [screen.py:printer_initializing()] - Klipper has encountered an error.
A FIRMWARE_RESTART may fix the issue.
Can not update MCU 'mcu' config as it is shutdown
Once the underlying issue is corrected, use the
"FIRMWARE_RESTART" command to reset the firmware, reload the
config, and restart the host software.
Error configuring printer

2026-06-11 19:05:45,464 [screen.py:set_server_config()] - Temperature store size: 1200
2026-06-11 19:05:45,464 [screen.py:set_tempstore()] - Moonraker tempstore not yet available
2026-06-11 19:05:45,465 [printer.py:init_temp_store()] - Temp store: ['extruder', 'heater_bed']
2026-06-11 19:06:30,868 [base_panel.py:battery_percentage()] - Battery information not available.
2026-06-11 19:14:57,983 [printer.py:change_state()] - Changing state from 'error' to 'disconnected'
2026-06-11 19:14:57,983 [printer.py:change_state()] - Adding callback for state: disconnected
2026-06-11 19:14:58,000 [screen.py:set_dpms_timeout()] - DPMS on :0 set to: 3600
2026-06-11 19:14:58,001 [screen.py:set_screenblanking_timeout()] - Blanking timeout: 3600
2026-06-11 19:14:58,001 [screen.py:state_disconnected()] - ### Going to disconnected
2026-06-11 19:14:58,001 [screen.py:show_panel()] - Panel is already is in view
2026-06-11 19:14:58,006 [screen.py:printer_initializing()] - Klipper has disconnected
2026-06-11 19:15:01,873 [screen.py:printer_initializing()] - Initializing Klipper Connection
2026-06-11 19:15:01,903 [screen.py:printer_initializing()] - Unable to get printer info from moonraker
2026-06-11 19:15:05,873 [screen.py:printer_initializing()] - Initializing Klipper Connection
2026-06-11 19:15:05,905 [screen.py:printer_initializing()] - Unable to get printer info from moonraker
2026-06-11 19:15:09,876 [screen.py:printer_initializing()] - Initializing Klipper Connection
2026-06-11 19:15:09,930 [screen.py:printer_initializing()] - Unable to get printer info from moonraker
2026-06-11 19:15:13,879 [screen.py:printer_initializing()] - Initializing Klipper Connection
2026-06-11 19:15:13,946 [screen.py:printer_initializing()] - Unable to get printer info from moonraker
2026-06-11 19:15:17,882 [screen.py:printer_initializing()] - Initializing Klipper Connection
2026-06-11 19:15:17,942 [screen.py:printer_initializing()] - Unable to get printer info from moonraker
2026-06-11 19:15:17,943 [screen.py:_init_printer()] - Stopping Retries
2026-06-11 19:26:00,544 [functions.py:log_start()] - --------------------KlipperScreen Log Start--------------------
2026-06-11 19:26:00,545 [functions.py:log_start()] - KlipperScreen Version: v0.4.7-53-g60ab1c6
2026-06-11 19:26:00,545 [functions.py:log_start()] - Python version: 3.13
2026-06-11 19:26:00,660 [config.py:get_config_file_location()] - Passed config (-c): .
2026-06-11 19:26:00,660 [config.py:__init__()] - Config path location: /home/voron/printer_data/config/KlipperScreen.conf
2026-06-11 19:26:00,709 [config.py:log_config()] - ===== Config File =====

=======================
2026-06-11 19:26:00,710 [config.py:__init__()] - 
====== Saved ======




2026-06-11 19:26:00,711 [config.py:__init__()] - Configured printers: [
  {
    "Printer": {
      "moonraker_host": "127.0.0.1",
      "moonraker_port": "7125",
      "moonraker_path": "",
      "moonraker_ssl": null,
      "moonraker_api_key": ""
    }
  }
]
2026-06-11 19:26:00,811 [config.py:create_translations()] - Selected lang: system_lang OS lang: en_GB
2026-06-11 19:26:00,812 [config.py:install_language()] - Using lang en
2026-06-11 19:26:00,821 [screen.py:__init__()] - Display for xset: :0
2026-06-11 19:26:00,822 [screen.py:__init__()] - Screen 0: 800x480
2026-06-11 19:26:00,822 [screen.py:__init__()] - Monitors: 1 using number: 0
2026-06-11 19:26:00,822 [screen.py:__init__()] - Wayland: False Display name: :0
2026-06-11 19:26:00,823 [screen.py:__init__()] - Screen resolution: 800x480
2026-06-11 19:26:00,978 [KlippyGtk.py:update_layout()] - Font size: 17.8 (medium)
2026-06-11 19:26:01,179 [base_panel.py:battery_percentage()] - Battery information not available.
2026-06-11 19:26:01,393 [screen.py:set_dpms_timeout()] - DPMS on :0 set to: 3600
2026-06-11 19:26:01,393 [screen.py:set_screenblanking_timeout()] - Blanking timeout: 3600
2026-06-11 19:26:01,393 [screen.py:initial_connection()] - Default printer: None
2026-06-11 19:26:01,394 [screen.py:_remove_all_panels()] - Removing all panels
2026-06-11 19:26:01,439 [screen.py:_load_panel()] - Loading panel: splash_screen
2026-06-11 19:26:01,477 [screen.py:attach_panel()] - Current panel hierarchy: splash_screen
2026-06-11 19:26:01,483 [screen.py:set_titlebar_items()] - set_titlebar_items
2026-06-11 19:26:01,486 [screen.py:printer_initializing()] - Initializing KlipperScreen
2026-06-11 19:26:01,532 [screen.py:printer_initializing()] - Connecting to Printer
2026-06-11 19:26:01,544 [screen.py:set_dpms_timeout()] - DPMS on :0 set to: 3600
2026-06-11 19:26:01,544 [screen.py:set_screenblanking_timeout()] - Blanking timeout: 3600
2026-06-11 19:26:06,020 [KlippyWebsocket.py:initial_connect()] - Starting connection
2026-06-11 19:26:06,020 [KlippyWebsocket.py:connect()] - Attempting to connect
2026-06-11 19:26:06,020 [KlippyWebsocket.py:connect()] - Starting websocket thread
2026-06-11 19:26:06,028 [_logging.py:info()] - Websocket connected
2026-06-11 19:26:06,029 [screen.py:websocket_connected()] - ### websocket_connected
2026-06-11 19:26:06,033 [screen.py:printer_initializing()] - Moonraker Connected
2026-06-11 19:26:06,057 [KlippyWebsocket.py:identify_client()] - Sending server.connection.identify
2026-06-11 19:26:06,089 [screen.py:printer_initializing()] - Initializing Klipper Connection
2026-06-11 19:26:06,090 [printer.py:configure_cameras()] - Cameras: []
2026-06-11 19:26:06,129 [printer.py:log_counts()] - Klipper version: v0.13.0-689-g2fb3d54e-dirty
2026-06-11 19:26:06,129 [printer.py:log_counts()] - # Extruders: 1
2026-06-11 19:26:06,129 [printer.py:log_counts()] - # Temperature devices: 1
2026-06-11 19:26:06,129 [printer.py:log_counts()] - # Fans: 2
2026-06-11 19:26:06,129 [printer.py:log_counts()] - # Output pins: 0
2026-06-11 19:26:06,129 [printer.py:log_counts()] - # PWM tools: 0
2026-06-11 19:26:06,129 [printer.py:log_counts()] - # Leds: 0
2026-06-11 19:26:06,384 [printer.py:change_state()] - Changing state from 'disconnected' to 'startup'
2026-06-11 19:26:06,384 [printer.py:change_state()] - Adding callback for state: startup
2026-06-11 19:26:06,385 [KlippyWebsocket.py:object_subscription()] - Sending printer.objects.subscribe
2026-06-11 19:26:06,386 [files.py:set_gcodes_path()] - Gcodes path: /home/voron/printer_data/gcodes
2026-06-11 19:26:06,386 [screen.py:_finish_init()] - Printer initialized
2026-06-11 19:26:06,402 [screen.py:set_dpms_timeout()] - DPMS on :0 set to: 3600
2026-06-11 19:26:06,402 [screen.py:set_screenblanking_timeout()] - Blanking timeout: 3600
2026-06-11 19:26:06,406 [screen.py:printer_initializing()] - Klipper is attempting to start
2026-06-11 19:26:06,406 [screen.py:set_server_config()] - Temperature store size: 1200
2026-06-11 19:26:06,407 [screen.py:set_tempstore()] - Moonraker tempstore not yet available
2026-06-11 19:26:06,407 [printer.py:init_temp_store()] - Temp store: ['extruder', 'heater_bed']
2026-06-11 19:28:22,997 [printer.py:change_state()] - Changing state from 'startup' to 'disconnected'
2026-06-11 19:28:22,997 [printer.py:change_state()] - Adding callback for state: disconnected
2026-06-11 19:28:23,021 [screen.py:set_dpms_timeout()] - DPMS on :0 set to: 3600
2026-06-11 19:28:23,022 [screen.py:set_screenblanking_timeout()] - Blanking timeout: 3600
2026-06-11 19:28:23,022 [screen.py:state_disconnected()] - ### Going to disconnected
2026-06-11 19:28:23,023 [screen.py:show_panel()] - Panel is already is in view
2026-06-11 19:28:23,032 [screen.py:printer_initializing()] - Klipper has disconnected
2026-06-11 19:28:23,247 [base_panel.py:battery_percentage()] - Battery information not available.
2026-06-11 19:28:27,252 [screen.py:printer_initializing()] - Initializing Klipper Connection
2026-06-11 19:28:27,305 [printer.py:log_counts()] - Klipper version: v0.13.0-689-g2fb3d54e-dirty
2026-06-11 19:28:27,305 [printer.py:log_counts()] - # Extruders: 1
2026-06-11 19:28:27,305 [printer.py:log_counts()] - # Temperature devices: 1
2026-06-11 19:28:27,305 [printer.py:log_counts()] - # Fans: 2
2026-06-11 19:28:27,305 [printer.py:log_counts()] - # Output pins: 0
2026-06-11 19:28:27,305 [printer.py:log_counts()] - # PWM tools: 0
2026-06-11 19:28:27,306 [printer.py:log_counts()] - # Leds: 0
2026-06-11 19:28:27,560 [printer.py:change_state()] - Changing state from 'disconnected' to 'startup'
2026-06-11 19:28:27,560 [printer.py:change_state()] - Adding callback for state: startup
2026-06-11 19:28:27,561 [KlippyWebsocket.py:object_subscription()] - Sending printer.objects.subscribe
2026-06-11 19:28:27,562 [files.py:set_gcodes_path()] - Gcodes path: /home/voron/printer_data/gcodes
2026-06-11 19:28:27,562 [screen.py:_finish_init()] - Printer initialized
2026-06-11 19:28:27,578 [screen.py:set_dpms_timeout()] - DPMS on :0 set to: 3600
2026-06-11 19:28:27,578 [screen.py:set_screenblanking_timeout()] - Blanking timeout: 3600
2026-06-11 19:28:27,582 [screen.py:printer_initializing()] - Klipper is attempting to start
2026-06-11 19:28:27,583 [screen.py:set_server_config()] - Temperature store size: 1200
2026-06-11 19:28:27,583 [screen.py:set_tempstore()] - Moonraker tempstore not yet available
2026-06-11 19:28:27,583 [printer.py:init_temp_store()] - Temp store: ['extruder', 'heater_bed']
2026-06-11 19:29:55,305 [printer.py:change_state()] - Changing state from 'startup' to 'error'
2026-06-11 19:29:55,305 [printer.py:change_state()] - Adding callback for state: error
2026-06-11 19:29:55,328 [screen.py:set_dpms_timeout()] - DPMS on :0 set to: 3600
2026-06-11 19:29:55,329 [screen.py:set_screenblanking_timeout()] - Blanking timeout: 3600
2026-06-11 19:29:55,329 [screen.py:show_panel()] - Panel is already is in view
2026-06-11 19:29:55,338 [screen.py:printer_initializing()] - Klipper has encountered an error.
A FIRMWARE_RESTART may fix the issue.
mcu 'EBBCan': Unable to connect
Once the underlying issue is corrected, use the
"FIRMWARE_RESTART" command to reset the firmware, reload the
config, and restart the host software.
Error configuring printer

2026-06-11 19:34:33,065 [functions.py:log_start()] - --------------------KlipperScreen Log Start--------------------
2026-06-11 19:34:33,065 [functions.py:log_start()] - KlipperScreen Version: v0.4.7-53-g60ab1c6
2026-06-11 19:34:33,065 [functions.py:log_start()] - Python version: 3.13
2026-06-11 19:34:33,179 [config.py:get_config_file_location()] - Passed config (-c): .
2026-06-11 19:34:33,180 [config.py:__init__()] - Config path location: /home/voron/printer_data/config/KlipperScreen.conf
2026-06-11 19:34:33,228 [config.py:log_config()] - ===== Config File =====

=======================
2026-06-11 19:34:33,229 [config.py:__init__()] - 
====== Saved ======




2026-06-11 19:34:33,229 [config.py:__init__()] - Configured printers: [
  {
    "Printer": {
      "moonraker_host": "127.0.0.1",
      "moonraker_port": "7125",
      "moonraker_path": "",
      "moonraker_ssl": null,
      "moonraker_api_key": ""
    }
  }
]
2026-06-11 19:34:33,331 [config.py:create_translations()] - Selected lang: system_lang OS lang: en_GB
2026-06-11 19:34:33,331 [config.py:install_language()] - Using lang en
2026-06-11 19:34:33,340 [screen.py:__init__()] - Display for xset: :0
2026-06-11 19:34:33,341 [screen.py:__init__()] - Screen 0: 800x480
2026-06-11 19:34:33,341 [screen.py:__init__()] - Monitors: 1 using number: 0
2026-06-11 19:34:33,342 [screen.py:__init__()] - Wayland: False Display name: :0
2026-06-11 19:34:33,343 [screen.py:__init__()] - Screen resolution: 800x480
2026-06-11 19:34:33,497 [KlippyGtk.py:update_layout()] - Font size: 17.8 (medium)
2026-06-11 19:34:33,684 [base_panel.py:battery_percentage()] - Battery information not available.
2026-06-11 19:34:33,854 [screen.py:set_dpms_timeout()] - DPMS on :0 set to: 3600
2026-06-11 19:34:33,855 [screen.py:set_screenblanking_timeout()] - Blanking timeout: 3600
2026-06-11 19:34:33,855 [screen.py:initial_connection()] - Default printer: None
2026-06-11 19:34:33,855 [screen.py:_remove_all_panels()] - Removing all panels
2026-06-11 19:34:33,906 [screen.py:_load_panel()] - Loading panel: splash_screen
2026-06-11 19:34:33,947 [screen.py:attach_panel()] - Current panel hierarchy: splash_screen
2026-06-11 19:34:33,953 [screen.py:set_titlebar_items()] - set_titlebar_items
2026-06-11 19:34:33,958 [screen.py:printer_initializing()] - Initializing KlipperScreen
2026-06-11 19:34:34,029 [screen.py:printer_initializing()] - Connecting to Printer
2026-06-11 19:34:34,047 [screen.py:set_dpms_timeout()] - DPMS on :0 set to: 3600
2026-06-11 19:34:34,048 [screen.py:set_screenblanking_timeout()] - Blanking timeout: 3600
2026-06-11 19:34:38,495 [KlippyWebsocket.py:initial_connect()] - Starting connection
2026-06-11 19:34:38,495 [KlippyWebsocket.py:connect()] - Attempting to connect
2026-06-11 19:34:38,495 [KlippyWebsocket.py:connect()] - Starting websocket thread
2026-06-11 19:34:38,503 [_logging.py:info()] - Websocket connected
2026-06-11 19:34:38,504 [screen.py:websocket_connected()] - ### websocket_connected
2026-06-11 19:34:38,508 [screen.py:printer_initializing()] - Moonraker Connected
2026-06-11 19:34:38,532 [KlippyWebsocket.py:identify_client()] - Sending server.connection.identify
2026-06-11 19:34:38,564 [screen.py:printer_initializing()] - Initializing Klipper Connection
2026-06-11 19:34:38,565 [printer.py:configure_cameras()] - Cameras: []
2026-06-11 19:34:38,605 [printer.py:log_counts()] - Klipper version: v0.13.0-689-g2fb3d54e-dirty
2026-06-11 19:34:38,605 [printer.py:log_counts()] - # Extruders: 1
2026-06-11 19:34:38,605 [printer.py:log_counts()] - # Temperature devices: 1
2026-06-11 19:34:38,605 [printer.py:log_counts()] - # Fans: 2
2026-06-11 19:34:38,605 [printer.py:log_counts()] - # Output pins: 0
2026-06-11 19:34:38,605 [printer.py:log_counts()] - # PWM tools: 0
2026-06-11 19:34:38,605 [printer.py:log_counts()] - # Leds: 0
2026-06-11 19:34:38,860 [printer.py:change_state()] - Changing state from 'disconnected' to 'startup'
2026-06-11 19:34:38,860 [printer.py:change_state()] - Adding callback for state: startup
2026-06-11 19:34:38,861 [KlippyWebsocket.py:object_subscription()] - Sending printer.objects.subscribe
2026-06-11 19:34:38,862 [files.py:set_gcodes_path()] - Gcodes path: /home/voron/printer_data/gcodes
2026-06-11 19:34:38,862 [screen.py:_finish_init()] - Printer initialized
2026-06-11 19:34:38,878 [screen.py:set_dpms_timeout()] - DPMS on :0 set to: 3600
2026-06-11 19:34:38,879 [screen.py:set_screenblanking_timeout()] - Blanking timeout: 3600
2026-06-11 19:34:38,884 [screen.py:printer_initializing()] - Klipper is attempting to start
2026-06-11 19:34:38,884 [screen.py:set_server_config()] - Temperature store size: 1200
2026-06-11 19:34:38,885 [screen.py:set_tempstore()] - Moonraker tempstore not yet available
2026-06-11 19:34:38,885 [printer.py:init_temp_store()] - Temp store: ['extruder', 'heater_bed']
2026-06-11 19:37:13,657 [base_panel.py:battery_percentage()] - Battery information not available.
2026-06-11 19:37:40,760 [printer.py:change_state()] - Changing state from 'startup' to 'error'
2026-06-11 19:37:40,760 [printer.py:change_state()] - Adding callback for state: error
2026-06-11 19:37:40,771 [screen.py:set_dpms_timeout()] - DPMS on :0 set to: 3600
2026-06-11 19:37:40,772 [screen.py:set_screenblanking_timeout()] - Blanking timeout: 3600
2026-06-11 19:37:40,772 [screen.py:show_panel()] - Panel is already is in view
2026-06-11 19:37:40,776 [screen.py:printer_initializing()] - Klipper has encountered an error.
A FIRMWARE_RESTART may fix the issue.
mcu 'EBBCan': Unable to connect
Once the underlying issue is corrected, use the
"FIRMWARE_RESTART" command to reset the firmware, reload the
config, and restart the host software.
Error configuring printer

2026-06-11 19:41:52,320 [printer.py:change_state()] - Changing state from 'error' to 'disconnected'
2026-06-11 19:41:52,320 [printer.py:change_state()] - Adding callback for state: disconnected
2026-06-11 19:41:52,334 [screen.py:set_dpms_timeout()] - DPMS on :0 set to: 3600
2026-06-11 19:41:52,334 [screen.py:set_screenblanking_timeout()] - Blanking timeout: 3600
2026-06-11 19:41:52,334 [screen.py:state_disconnected()] - ### Going to disconnected
2026-06-11 19:41:52,334 [screen.py:show_panel()] - Panel is already is in view
2026-06-11 19:41:52,338 [screen.py:printer_initializing()] - Klipper has disconnected
2026-06-11 19:41:56,668 [screen.py:printer_initializing()] - Initializing Klipper Connection
2026-06-11 19:41:56,738 [screen.py:printer_initializing()] - Unable to get printer info from moonraker
2026-06-11 19:42:00,662 [screen.py:printer_initializing()] - Initializing Klipper Connection
2026-06-11 19:42:00,697 [screen.py:printer_initializing()] - Unable to get printer info from moonraker
2026-06-11 19:42:04,668 [screen.py:printer_initializing()] - Initializing Klipper Connection
2026-06-11 19:42:04,740 [screen.py:printer_initializing()] - Unable to get printer info from moonraker
2026-06-11 19:42:08,662 [screen.py:printer_initializing()] - Initializing Klipper Connection
2026-06-11 19:42:08,694 [screen.py:printer_initializing()] - Unable to get printer info from moonraker
2026-06-11 19:42:12,671 [screen.py:printer_initializing()] - Initializing Klipper Connection
2026-06-11 19:42:12,745 [screen.py:printer_initializing()] - Unable to get printer info from moonraker
2026-06-11 19:42:12,745 [screen.py:_init_printer()] - Stopping Retries
2026-06-11 20:00:29,524 [functions.py:log_start()] - --------------------KlipperScreen Log Start--------------------
2026-06-11 20:00:29,524 [functions.py:log_start()] - KlipperScreen Version: v0.4.7-53-g60ab1c6
2026-06-11 20:00:29,524 [functions.py:log_start()] - Python version: 3.13
2026-06-11 20:00:29,638 [config.py:get_config_file_location()] - Passed config (-c): .
2026-06-11 20:00:29,639 [config.py:__init__()] - Config path location: /home/voron/printer_data/config/KlipperScreen.conf
2026-06-11 20:00:29,686 [config.py:log_config()] - ===== Config File =====

=======================
2026-06-11 20:00:29,688 [config.py:__init__()] - 
====== Saved ======




2026-06-11 20:00:29,688 [config.py:__init__()] - Configured printers: [
  {
    "Printer": {
      "moonraker_host": "127.0.0.1",
      "moonraker_port": "7125",
      "moonraker_path": "",
      "moonraker_ssl": null,
      "moonraker_api_key": ""
    }
  }
]
2026-06-11 20:00:29,790 [config.py:create_translations()] - Selected lang: system_lang OS lang: en_GB
2026-06-11 20:00:29,791 [config.py:install_language()] - Using lang en
2026-06-11 20:00:29,800 [screen.py:__init__()] - Display for xset: :0
2026-06-11 20:00:29,802 [screen.py:__init__()] - Screen 0: 800x480
2026-06-11 20:00:29,802 [screen.py:__init__()] - Monitors: 1 using number: 0
2026-06-11 20:00:29,802 [screen.py:__init__()] - Wayland: False Display name: :0
2026-06-11 20:00:29,804 [screen.py:__init__()] - Screen resolution: 800x480
2026-06-11 20:00:29,969 [KlippyGtk.py:update_layout()] - Font size: 17.8 (medium)
2026-06-11 20:00:30,171 [base_panel.py:battery_percentage()] - Battery information not available.
2026-06-11 20:00:30,329 [screen.py:set_dpms_timeout()] - DPMS on :0 set to: 3600
2026-06-11 20:00:30,329 [screen.py:set_screenblanking_timeout()] - Blanking timeout: 3600
2026-06-11 20:00:30,330 [screen.py:initial_connection()] - Default printer: None
2026-06-11 20:00:30,330 [screen.py:_remove_all_panels()] - Removing all panels
2026-06-11 20:00:30,374 [screen.py:_load_panel()] - Loading panel: splash_screen
2026-06-11 20:00:30,411 [screen.py:attach_panel()] - Current panel hierarchy: splash_screen
2026-06-11 20:00:30,417 [screen.py:set_titlebar_items()] - set_titlebar_items
2026-06-11 20:00:30,421 [screen.py:printer_initializing()] - Initializing KlipperScreen
2026-06-11 20:00:30,467 [screen.py:printer_initializing()] - Connecting to Printer
2026-06-11 20:00:30,478 [screen.py:set_dpms_timeout()] - DPMS on :0 set to: 3600
2026-06-11 20:00:30,478 [screen.py:set_screenblanking_timeout()] - Blanking timeout: 3600
2026-06-11 20:00:34,681 [KlippyWebsocket.py:initial_connect()] - Starting connection
2026-06-11 20:00:34,682 [KlippyWebsocket.py:connect()] - Attempting to connect
2026-06-11 20:00:34,682 [KlippyWebsocket.py:connect()] - Starting websocket thread
2026-06-11 20:00:34,688 [_logging.py:info()] - Websocket connected
2026-06-11 20:00:34,689 [screen.py:websocket_connected()] - ### websocket_connected
2026-06-11 20:00:34,693 [screen.py:printer_initializing()] - Moonraker Connected
2026-06-11 20:00:34,717 [KlippyWebsocket.py:identify_client()] - Sending server.connection.identify
2026-06-11 20:00:34,749 [screen.py:printer_initializing()] - Moonraker: connected
Klipper: disconnected

2026-06-11 20:00:34,750 [printer.py:configure_cameras()] - Cameras: []
2026-06-11 20:00:34,766 [screen.py:_init_klipper_retry()] - Klipper not connected, retry 1/4
2026-06-11 20:00:39,685 [screen.py:printer_initializing()] - Moonraker: connected
Klipper: disconnected

2026-06-11 20:00:39,722 [screen.py:printer_initializing()] - Initializing Klipper Connection
2026-06-11 20:00:39,742 [screen.py:printer_initializing()] - Unable to get printer info from moonraker
2026-06-11 20:00:43,685 [screen.py:printer_initializing()] - Initializing Klipper Connection
2026-06-11 20:00:43,880 [printer.py:log_counts()] - Klipper version: v0.13.0-689-g2fb3d54e-dirty
2026-06-11 20:00:43,880 [printer.py:log_counts()] - # Extruders: 1
2026-06-11 20:00:43,880 [printer.py:log_counts()] - # Temperature devices: 1
2026-06-11 20:00:43,880 [printer.py:log_counts()] - # Fans: 2
2026-06-11 20:00:43,880 [printer.py:log_counts()] - # Output pins: 0
2026-06-11 20:00:43,880 [printer.py:log_counts()] - # PWM tools: 0
2026-06-11 20:00:43,880 [printer.py:log_counts()] - # Leds: 0
2026-06-11 20:00:44,135 [printer.py:change_state()] - Changing state from 'disconnected' to 'error'
2026-06-11 20:00:44,136 [printer.py:change_state()] - Adding callback for state: error
2026-06-11 20:00:44,137 [KlippyWebsocket.py:object_subscription()] - Sending printer.objects.subscribe
2026-06-11 20:00:44,138 [files.py:set_gcodes_path()] - Gcodes path: /home/voron/printer_data/gcodes
2026-06-11 20:00:44,138 [screen.py:_finish_init()] - Printer initialized
2026-06-11 20:00:44,154 [screen.py:set_dpms_timeout()] - DPMS on :0 set to: 3600
2026-06-11 20:00:44,154 [screen.py:set_screenblanking_timeout()] - Blanking timeout: 3600
2026-06-11 20:00:44,154 [screen.py:show_panel()] - Panel is already is in view
2026-06-11 20:00:44,158 [screen.py:printer_initializing()] - Klipper has encountered an error.
A FIRMWARE_RESTART may fix the issue.
Can not update MCU 'mcu' config as it is shutdown
Once the underlying issue is corrected, use the
"FIRMWARE_RESTART" command to reset the firmware, reload the
config, and restart the host software.
Error configuring printer

2026-06-11 20:00:44,158 [screen.py:set_server_config()] - Temperature store size: 1200
2026-06-11 20:00:44,159 [screen.py:set_tempstore()] - Moonraker tempstore not yet available
2026-06-11 20:00:44,159 [printer.py:init_temp_store()] - Temp store: ['extruder', 'heater_bed']
2026-06-11 20:01:30,680 [base_panel.py:battery_percentage()] - Battery information not available.
2026-06-11 20:07:41,376 [functions.py:log_start()] - --------------------KlipperScreen Log Start--------------------
2026-06-11 20:07:41,376 [functions.py:log_start()] - KlipperScreen Version: v0.4.7-53-g60ab1c6
2026-06-11 20:07:41,376 [functions.py:log_start()] - Python version: 3.13
2026-06-11 20:07:41,491 [config.py:get_config_file_location()] - Passed config (-c): .
2026-06-11 20:07:41,491 [config.py:__init__()] - Config path location: /home/voron/printer_data/config/KlipperScreen.conf
2026-06-11 20:07:41,539 [config.py:log_config()] - ===== Config File =====

=======================
2026-06-11 20:07:41,540 [config.py:__init__()] - 
====== Saved ======




2026-06-11 20:07:41,541 [config.py:__init__()] - Configured printers: [
  {
    "Printer": {
      "moonraker_host": "127.0.0.1",
      "moonraker_port": "7125",
      "moonraker_path": "",
      "moonraker_ssl": null,
      "moonraker_api_key": ""
    }
  }
]
2026-06-11 20:07:41,642 [config.py:create_translations()] - Selected lang: system_lang OS lang: en_GB
2026-06-11 20:07:41,642 [config.py:install_language()] - Using lang en
2026-06-11 20:07:41,651 [screen.py:__init__()] - Display for xset: :0
2026-06-11 20:07:41,653 [screen.py:__init__()] - Screen 0: 800x480
2026-06-11 20:07:41,653 [screen.py:__init__()] - Monitors: 1 using number: 0
2026-06-11 20:07:41,653 [screen.py:__init__()] - Wayland: False Display name: :0
2026-06-11 20:07:41,654 [screen.py:__init__()] - Screen resolution: 800x480
2026-06-11 20:07:41,808 [KlippyGtk.py:update_layout()] - Font size: 17.8 (medium)
2026-06-11 20:07:41,995 [base_panel.py:battery_percentage()] - Battery information not available.
2026-06-11 20:07:42,167 [screen.py:set_dpms_timeout()] - DPMS on :0 set to: 3600
2026-06-11 20:07:42,168 [screen.py:set_screenblanking_timeout()] - Blanking timeout: 3600
2026-06-11 20:07:42,168 [screen.py:initial_connection()] - Default printer: None
2026-06-11 20:07:42,168 [screen.py:_remove_all_panels()] - Removing all panels
2026-06-11 20:07:42,217 [screen.py:_load_panel()] - Loading panel: splash_screen
2026-06-11 20:07:42,261 [screen.py:attach_panel()] - Current panel hierarchy: splash_screen
2026-06-11 20:07:42,268 [screen.py:set_titlebar_items()] - set_titlebar_items
2026-06-11 20:07:42,276 [screen.py:printer_initializing()] - Initializing KlipperScreen
2026-06-11 20:07:42,350 [screen.py:printer_initializing()] - Connecting to Printer
2026-06-11 20:07:42,367 [screen.py:set_dpms_timeout()] - DPMS on :0 set to: 3600
2026-06-11 20:07:42,367 [screen.py:set_screenblanking_timeout()] - Blanking timeout: 3600
2026-06-11 20:07:46,602 [KlippyWebsocket.py:initial_connect()] - Starting connection
2026-06-11 20:07:46,602 [KlippyWebsocket.py:connect()] - Attempting to connect
2026-06-11 20:07:46,603 [KlippyWebsocket.py:connect()] - Starting websocket thread
2026-06-11 20:07:46,609 [_logging.py:info()] - Websocket connected
2026-06-11 20:07:46,610 [screen.py:websocket_connected()] - ### websocket_connected
2026-06-11 20:07:46,614 [screen.py:printer_initializing()] - Moonraker Connected
2026-06-11 20:07:46,638 [KlippyWebsocket.py:identify_client()] - Sending server.connection.identify
2026-06-11 20:07:46,672 [screen.py:printer_initializing()] - Initializing Klipper Connection
2026-06-11 20:07:46,673 [printer.py:configure_cameras()] - Cameras: []
2026-06-11 20:07:46,830 [printer.py:log_counts()] - Klipper version: v0.13.0-689-g2fb3d54e-dirty
2026-06-11 20:07:46,830 [printer.py:log_counts()] - # Extruders: 1
2026-06-11 20:07:46,830 [printer.py:log_counts()] - # Temperature devices: 1
2026-06-11 20:07:46,830 [printer.py:log_counts()] - # Fans: 2
2026-06-11 20:07:46,830 [printer.py:log_counts()] - # Output pins: 0
2026-06-11 20:07:46,830 [printer.py:log_counts()] - # PWM tools: 0
2026-06-11 20:07:46,830 [printer.py:log_counts()] - # Leds: 0
2026-06-11 20:07:47,085 [printer.py:change_state()] - Changing state from 'disconnected' to 'error'
2026-06-11 20:07:47,085 [printer.py:change_state()] - Adding callback for state: error
2026-06-11 20:07:47,087 [KlippyWebsocket.py:object_subscription()] - Sending printer.objects.subscribe
2026-06-11 20:07:47,088 [files.py:set_gcodes_path()] - Gcodes path: /home/voron/printer_data/gcodes
2026-06-11 20:07:47,088 [screen.py:_finish_init()] - Printer initialized
2026-06-11 20:07:47,103 [screen.py:set_dpms_timeout()] - DPMS on :0 set to: 3600
2026-06-11 20:07:47,103 [screen.py:set_screenblanking_timeout()] - Blanking timeout: 3600
2026-06-11 20:07:47,104 [screen.py:show_panel()] - Panel is already is in view
2026-06-11 20:07:47,108 [screen.py:printer_initializing()] - Klipper has encountered an error.
A FIRMWARE_RESTART may fix the issue.
Can not update MCU 'mcu' config as it is shutdown
Once the underlying issue is corrected, use the
"FIRMWARE_RESTART" command to reset the firmware, reload the
config, and restart the host software.
Error configuring printer

2026-06-11 20:07:47,108 [screen.py:set_server_config()] - Temperature store size: 1200
2026-06-11 20:07:47,109 [screen.py:set_tempstore()] - Moonraker tempstore not yet available
2026-06-11 20:07:47,109 [printer.py:init_temp_store()] - Temp store: ['extruder', 'heater_bed']
2026-06-11 20:09:29,327 [functions.py:log_start()] - --------------------KlipperScreen Log Start--------------------
2026-06-11 20:09:29,327 [functions.py:log_start()] - KlipperScreen Version: v0.4.7-53-g60ab1c6
2026-06-11 20:09:29,327 [functions.py:log_start()] - Python version: 3.13
2026-06-11 20:09:29,442 [config.py:get_config_file_location()] - Passed config (-c): .
2026-06-11 20:09:29,442 [config.py:__init__()] - Config path location: /home/voron/printer_data/config/KlipperScreen.conf
2026-06-11 20:09:29,490 [config.py:log_config()] - ===== Config File =====

=======================
2026-06-11 20:09:29,491 [config.py:__init__()] - 
====== Saved ======




2026-06-11 20:09:29,492 [config.py:__init__()] - Configured printers: [
  {
    "Printer": {
      "moonraker_host": "127.0.0.1",
      "moonraker_port": "7125",
      "moonraker_path": "",
      "moonraker_ssl": null,
      "moonraker_api_key": ""
    }
  }
]
2026-06-11 20:09:29,593 [config.py:create_translations()] - Selected lang: system_lang OS lang: en_GB
2026-06-11 20:09:29,594 [config.py:install_language()] - Using lang en
2026-06-11 20:09:29,603 [screen.py:__init__()] - Display for xset: :0
2026-06-11 20:09:29,604 [screen.py:__init__()] - Screen 0: 800x480
2026-06-11 20:09:29,604 [screen.py:__init__()] - Monitors: 1 using number: 0
2026-06-11 20:09:29,604 [screen.py:__init__()] - Wayland: False Display name: :0
2026-06-11 20:09:29,606 [screen.py:__init__()] - Screen resolution: 800x480
2026-06-11 20:09:29,760 [KlippyGtk.py:update_layout()] - Font size: 17.8 (medium)
2026-06-11 20:09:29,951 [base_panel.py:battery_percentage()] - Battery information not available.
2026-06-11 20:09:30,188 [screen.py:set_dpms_timeout()] - DPMS on :0 set to: 3600
2026-06-11 20:09:30,188 [screen.py:set_screenblanking_timeout()] - Blanking timeout: 3600
2026-06-11 20:09:30,189 [screen.py:initial_connection()] - Default printer: None
2026-06-11 20:09:30,189 [screen.py:_remove_all_panels()] - Removing all panels
2026-06-11 20:09:30,233 [screen.py:_load_panel()] - Loading panel: splash_screen
2026-06-11 20:09:30,271 [screen.py:attach_panel()] - Current panel hierarchy: splash_screen
2026-06-11 20:09:30,277 [screen.py:set_titlebar_items()] - set_titlebar_items
2026-06-11 20:09:30,281 [screen.py:printer_initializing()] - Initializing KlipperScreen
2026-06-11 20:09:30,327 [screen.py:printer_initializing()] - Connecting to Printer
2026-06-11 20:09:30,339 [screen.py:set_dpms_timeout()] - DPMS on :0 set to: 3600
2026-06-11 20:09:30,339 [screen.py:set_screenblanking_timeout()] - Blanking timeout: 3600
2026-06-11 20:09:34,457 [KlippyWebsocket.py:initial_connect()] - Starting connection
2026-06-11 20:09:34,457 [KlippyWebsocket.py:connect()] - Attempting to connect
2026-06-11 20:09:34,457 [KlippyWebsocket.py:connect()] - Starting websocket thread
2026-06-11 20:09:34,464 [_logging.py:info()] - Websocket connected
2026-06-11 20:09:34,464 [screen.py:websocket_connected()] - ### websocket_connected
2026-06-11 20:09:34,468 [screen.py:printer_initializing()] - Moonraker Connected
2026-06-11 20:09:34,493 [KlippyWebsocket.py:identify_client()] - Sending server.connection.identify
2026-06-11 20:09:34,525 [screen.py:printer_initializing()] - Moonraker: connected
Klipper: disconnected

2026-06-11 20:09:34,525 [printer.py:configure_cameras()] - Cameras: []
2026-06-11 20:09:34,542 [screen.py:_init_klipper_retry()] - Klipper not connected, retry 1/4
2026-06-11 20:09:39,461 [screen.py:printer_initializing()] - Moonraker: connected
Klipper: disconnected

2026-06-11 20:09:39,497 [screen.py:printer_initializing()] - Initializing Klipper Connection
2026-06-11 20:09:39,517 [screen.py:printer_initializing()] - Unable to get printer info from moonraker
2026-06-11 20:09:43,460 [screen.py:printer_initializing()] - Initializing Klipper Connection
2026-06-11 20:09:43,747 [printer.py:log_counts()] - Klipper version: v0.13.0-689-g2fb3d54e-dirty
2026-06-11 20:09:43,747 [printer.py:log_counts()] - # Extruders: 1
2026-06-11 20:09:43,747 [printer.py:log_counts()] - # Temperature devices: 1
2026-06-11 20:09:43,747 [printer.py:log_counts()] - # Fans: 2
2026-06-11 20:09:43,747 [printer.py:log_counts()] - # Output pins: 0
2026-06-11 20:09:43,747 [printer.py:log_counts()] - # PWM tools: 0
2026-06-11 20:09:43,747 [printer.py:log_counts()] - # Leds: 0
2026-06-11 20:09:44,002 [printer.py:change_state()] - Changing state from 'disconnected' to 'error'
2026-06-11 20:09:44,003 [printer.py:change_state()] - Adding callback for state: error
2026-06-11 20:09:44,005 [KlippyWebsocket.py:object_subscription()] - Sending printer.objects.subscribe
2026-06-11 20:09:44,006 [files.py:set_gcodes_path()] - Gcodes path: /home/voron/printer_data/gcodes
2026-06-11 20:09:44,006 [screen.py:_finish_init()] - Printer initialized
2026-06-11 20:09:44,022 [screen.py:set_dpms_timeout()] - DPMS on :0 set to: 3600
2026-06-11 20:09:44,022 [screen.py:set_screenblanking_timeout()] - Blanking timeout: 3600
2026-06-11 20:09:44,022 [screen.py:show_panel()] - Panel is already is in view
2026-06-11 20:09:44,026 [screen.py:printer_initializing()] - Klipper has encountered an error.
A FIRMWARE_RESTART may fix the issue.
Can not update MCU 'mcu' config as it is shutdown
Once the underlying issue is corrected, use the
"FIRMWARE_RESTART" command to reset the firmware, reload the
config, and restart the host software.
Error configuring printer

2026-06-11 20:09:44,027 [screen.py:set_server_config()] - Temperature store size: 1200
2026-06-11 20:09:44,027 [screen.py:set_tempstore()] - Moonraker tempstore not yet available
2026-06-11 20:09:44,028 [printer.py:init_temp_store()] - Temp store: ['extruder', 'heater_bed']
2026-06-11 20:10:04,239 [printer.py:change_state()] - Changing state from 'error' to 'disconnected'
2026-06-11 20:10:04,239 [printer.py:change_state()] - Adding callback for state: disconnected
2026-06-11 20:10:04,255 [screen.py:set_dpms_timeout()] - DPMS on :0 set to: 3600
2026-06-11 20:10:04,256 [screen.py:set_screenblanking_timeout()] - Blanking timeout: 3600
2026-06-11 20:10:04,256 [screen.py:state_disconnected()] - ### Going to disconnected
2026-06-11 20:10:04,256 [screen.py:show_panel()] - Panel is already is in view
2026-06-11 20:10:04,261 [screen.py:printer_initializing()] - Klipper has disconnected
2026-06-11 20:10:08,460 [screen.py:printer_initializing()] - Initializing Klipper Connection
2026-06-11 20:10:08,571 [printer.py:log_counts()] - Klipper version: v0.13.0-689-g2fb3d54e-dirty
2026-06-11 20:10:08,571 [printer.py:log_counts()] - # Extruders: 1
2026-06-11 20:10:08,571 [printer.py:log_counts()] - # Temperature devices: 1
2026-06-11 20:10:08,571 [printer.py:log_counts()] - # Fans: 2
2026-06-11 20:10:08,571 [printer.py:log_counts()] - # Output pins: 0
2026-06-11 20:10:08,571 [printer.py:log_counts()] - # PWM tools: 0
2026-06-11 20:10:08,571 [printer.py:log_counts()] - # Leds: 0
2026-06-11 20:10:08,827 [printer.py:change_state()] - Changing state from 'disconnected' to 'error'
2026-06-11 20:10:08,827 [printer.py:change_state()] - Adding callback for state: error
2026-06-11 20:10:08,828 [KlippyWebsocket.py:object_subscription()] - Sending printer.objects.subscribe
2026-06-11 20:10:08,829 [files.py:set_gcodes_path()] - Gcodes path: /home/voron/printer_data/gcodes
2026-06-11 20:10:08,829 [screen.py:_finish_init()] - Printer initialized
2026-06-11 20:10:08,845 [screen.py:set_dpms_timeout()] - DPMS on :0 set to: 3600
2026-06-11 20:10:08,845 [screen.py:set_screenblanking_timeout()] - Blanking timeout: 3600
2026-06-11 20:10:08,845 [screen.py:show_panel()] - Panel is already is in view
2026-06-11 20:10:08,849 [screen.py:printer_initializing()] - Klipper has encountered an error.
A FIRMWARE_RESTART may fix the issue.
Can not update MCU 'mcu' config as it is shutdown
Once the underlying issue is corrected, use the
"FIRMWARE_RESTART" command to reset the firmware, reload the
config, and restart the host software.
Error configuring printer

2026-06-11 20:10:08,850 [screen.py:set_server_config()] - Temperature store size: 1200
2026-06-11 20:10:08,850 [screen.py:set_tempstore()] - Moonraker tempstore not yet available
2026-06-11 20:10:08,850 [printer.py:init_temp_store()] - Temp store: ['extruder', 'heater_bed']
2026-06-11 20:10:15,503 [printer.py:change_state()] - Changing state from 'error' to 'disconnected'
2026-06-11 20:10:15,503 [printer.py:change_state()] - Adding callback for state: disconnected
2026-06-11 20:10:15,532 [screen.py:set_dpms_timeout()] - DPMS on :0 set to: 3600
2026-06-11 20:10:15,533 [screen.py:set_screenblanking_timeout()] - Blanking timeout: 3600
2026-06-11 20:10:15,533 [screen.py:state_disconnected()] - ### Going to disconnected
2026-06-11 20:10:15,534 [screen.py:show_panel()] - Panel is already is in view
2026-06-11 20:10:15,544 [screen.py:printer_initializing()] - Klipper has disconnected
2026-06-11 20:10:19,460 [screen.py:printer_initializing()] - Initializing Klipper Connection
2026-06-11 20:10:19,493 [screen.py:printer_initializing()] - Unable to get printer info from moonraker
2026-06-11 20:10:23,466 [screen.py:printer_initializing()] - Initializing Klipper Connection
2026-06-11 20:10:23,536 [screen.py:printer_initializing()] - Unable to get printer info from moonraker
2026-06-11 20:10:27,466 [screen.py:printer_initializing()] - Initializing Klipper Connection
2026-06-11 20:10:27,532 [screen.py:printer_initializing()] - Unable to get printer info from moonraker
2026-06-11 20:10:30,456 [base_panel.py:battery_percentage()] - Battery information not available.
2026-06-11 20:10:31,460 [screen.py:printer_initializing()] - Initializing Klipper Connection
2026-06-11 20:10:31,537 [printer.py:log_counts()] - Klipper version: v0.13.0-689-g2fb3d54e-dirty
2026-06-11 20:10:31,537 [printer.py:log_counts()] - # Extruders: 1
2026-06-11 20:10:31,537 [printer.py:log_counts()] - # Temperature devices: 1
2026-06-11 20:10:31,537 [printer.py:log_counts()] - # Fans: 2
2026-06-11 20:10:31,537 [printer.py:log_counts()] - # Output pins: 0
2026-06-11 20:10:31,537 [printer.py:log_counts()] - # PWM tools: 0
2026-06-11 20:10:31,537 [printer.py:log_counts()] - # Leds: 0
2026-06-11 20:10:31,792 [printer.py:change_state()] - Changing state from 'disconnected' to 'error'
2026-06-11 20:10:31,792 [printer.py:change_state()] - Adding callback for state: error
2026-06-11 20:10:31,793 [KlippyWebsocket.py:object_subscription()] - Sending printer.objects.subscribe
2026-06-11 20:10:31,794 [files.py:set_gcodes_path()] - Gcodes path: /home/voron/printer_data/gcodes
2026-06-11 20:10:31,794 [screen.py:_finish_init()] - Printer initialized
2026-06-11 20:10:31,810 [screen.py:set_dpms_timeout()] - DPMS on :0 set to: 3600
2026-06-11 20:10:31,810 [screen.py:set_screenblanking_timeout()] - Blanking timeout: 3600
2026-06-11 20:10:31,810 [screen.py:show_panel()] - Panel is already is in view
2026-06-11 20:10:31,814 [screen.py:printer_initializing()] - Klipper has encountered an error.
A FIRMWARE_RESTART may fix the issue.
Can not update MCU 'mcu' config as it is shutdown
Once the underlying issue is corrected, use the
"FIRMWARE_RESTART" command to reset the firmware, reload the
config, and restart the host software.
Error configuring printer

2026-06-11 20:10:31,815 [screen.py:set_server_config()] - Temperature store size: 1200
2026-06-11 20:10:31,815 [screen.py:set_tempstore()] - Moonraker tempstore not yet available
2026-06-11 20:10:31,815 [printer.py:init_temp_store()] - Temp store: ['extruder', 'heater_bed']
2026-06-11 20:22:45,782 [functions.py:log_start()] - --------------------KlipperScreen Log Start--------------------
2026-06-11 20:22:45,782 [functions.py:log_start()] - KlipperScreen Version: v0.4.7-53-g60ab1c6
2026-06-11 20:22:45,782 [functions.py:log_start()] - Python version: 3.13
2026-06-11 20:22:45,897 [config.py:get_config_file_location()] - Passed config (-c): .
2026-06-11 20:22:45,897 [config.py:__init__()] - Config path location: /home/voron/printer_data/config/KlipperScreen.conf
2026-06-11 20:22:45,945 [config.py:log_config()] - ===== Config File =====

=======================
2026-06-11 20:22:45,946 [config.py:__init__()] - 
====== Saved ======




2026-06-11 20:22:45,947 [config.py:__init__()] - Configured printers: [
  {
    "Printer": {
      "moonraker_host": "127.0.0.1",
      "moonraker_port": "7125",
      "moonraker_path": "",
      "moonraker_ssl": null,
      "moonraker_api_key": ""
    }
  }
]
2026-06-11 20:22:46,048 [config.py:create_translations()] - Selected lang: system_lang OS lang: en_GB
2026-06-11 20:22:46,048 [config.py:install_language()] - Using lang en
2026-06-11 20:22:46,058 [screen.py:__init__()] - Display for xset: :0
2026-06-11 20:22:46,059 [screen.py:__init__()] - Screen 0: 800x480
2026-06-11 20:22:46,059 [screen.py:__init__()] - Monitors: 1 using number: 0
2026-06-11 20:22:46,059 [screen.py:__init__()] - Wayland: False Display name: :0
2026-06-11 20:22:46,060 [screen.py:__init__()] - Screen resolution: 800x480
2026-06-11 20:22:46,215 [KlippyGtk.py:update_layout()] - Font size: 17.8 (medium)
2026-06-11 20:22:46,426 [base_panel.py:battery_percentage()] - Battery information not available.
2026-06-11 20:22:46,624 [screen.py:set_dpms_timeout()] - DPMS on :0 set to: 3600
2026-06-11 20:22:46,624 [screen.py:set_screenblanking_timeout()] - Blanking timeout: 3600
2026-06-11 20:22:46,625 [screen.py:initial_connection()] - Default printer: None
2026-06-11 20:22:46,625 [screen.py:_remove_all_panels()] - Removing all panels
2026-06-11 20:22:46,669 [screen.py:_load_panel()] - Loading panel: splash_screen
2026-06-11 20:22:46,708 [screen.py:attach_panel()] - Current panel hierarchy: splash_screen
2026-06-11 20:22:46,714 [screen.py:set_titlebar_items()] - set_titlebar_items
2026-06-11 20:22:46,717 [screen.py:printer_initializing()] - Initializing KlipperScreen
2026-06-11 20:22:46,763 [screen.py:printer_initializing()] - Connecting to Printer
2026-06-11 20:22:46,775 [screen.py:set_dpms_timeout()] - DPMS on :0 set to: 3600
2026-06-11 20:22:46,775 [screen.py:set_screenblanking_timeout()] - Blanking timeout: 3600
2026-06-11 20:22:50,850 [KlippyWebsocket.py:initial_connect()] - Starting connection
2026-06-11 20:22:50,850 [KlippyWebsocket.py:connect()] - Attempting to connect
2026-06-11 20:22:50,850 [KlippyWebsocket.py:connect()] - Starting websocket thread
2026-06-11 20:22:50,858 [_logging.py:info()] - Websocket connected
2026-06-11 20:22:50,859 [screen.py:websocket_connected()] - ### websocket_connected
2026-06-11 20:22:50,863 [screen.py:printer_initializing()] - Moonraker Connected
2026-06-11 20:22:50,887 [KlippyWebsocket.py:identify_client()] - Sending server.connection.identify
2026-06-11 20:22:50,922 [screen.py:printer_initializing()] - Moonraker: connected
Klipper: disconnected

2026-06-11 20:22:50,922 [printer.py:configure_cameras()] - Cameras: []
2026-06-11 20:22:50,939 [screen.py:_init_klipper_retry()] - Klipper not connected, retry 1/4
2026-06-11 20:22:55,854 [screen.py:printer_initializing()] - Moonraker: connected
Klipper: disconnected

2026-06-11 20:22:55,888 [screen.py:_init_klipper_retry()] - Klipper not connected, retry 2/4
2026-06-11 20:23:00,853 [screen.py:printer_initializing()] - Moonraker: connected
Klipper: disconnected

2026-06-11 20:23:00,887 [screen.py:printer_initializing()] - Initializing Klipper Connection
2026-06-11 20:23:01,028 [printer.py:log_counts()] - Klipper version: v0.13.0-689-g2fb3d54e-dirty
2026-06-11 20:23:01,028 [printer.py:log_counts()] - # Extruders: 1
2026-06-11 20:23:01,028 [printer.py:log_counts()] - # Temperature devices: 1
2026-06-11 20:23:01,028 [printer.py:log_counts()] - # Fans: 2
2026-06-11 20:23:01,028 [printer.py:log_counts()] - # Output pins: 0
2026-06-11 20:23:01,028 [printer.py:log_counts()] - # PWM tools: 0
2026-06-11 20:23:01,028 [printer.py:log_counts()] - # Leds: 0
2026-06-11 20:23:01,282 [printer.py:change_state()] - Changing state from 'disconnected' to 'error'
2026-06-11 20:23:01,282 [printer.py:change_state()] - Adding callback for state: error
2026-06-11 20:23:01,284 [KlippyWebsocket.py:object_subscription()] - Sending printer.objects.subscribe
2026-06-11 20:23:01,285 [files.py:set_gcodes_path()] - Gcodes path: /home/voron/printer_data/gcodes
2026-06-11 20:23:01,285 [screen.py:_finish_init()] - Printer initialized
2026-06-11 20:23:01,301 [screen.py:set_dpms_timeout()] - DPMS on :0 set to: 3600
2026-06-11 20:23:01,301 [screen.py:set_screenblanking_timeout()] - Blanking timeout: 3600
2026-06-11 20:23:01,301 [screen.py:show_panel()] - Panel is already is in view
2026-06-11 20:23:01,305 [screen.py:printer_initializing()] - Klipper has encountered an error.
A FIRMWARE_RESTART may fix the issue.
Can not update MCU 'mcu' config as it is shutdown
Once the underlying issue is corrected, use the
"FIRMWARE_RESTART" command to reset the firmware, reload the
config, and restart the host software.
Error configuring printer

2026-06-11 20:23:01,306 [screen.py:set_server_config()] - Temperature store size: 1200
2026-06-11 20:23:01,306 [screen.py:set_tempstore()] - Moonraker tempstore not yet available
2026-06-11 20:23:01,306 [printer.py:init_temp_store()] - Temp store: ['extruder', 'heater_bed']
2026-06-11 20:23:46,848 [base_panel.py:battery_percentage()] - Battery information not available.
2026-06-11 20:26:35,032 [printer.py:change_state()] - Changing state from 'error' to 'disconnected'
2026-06-11 20:26:35,033 [printer.py:change_state()] - Adding callback for state: disconnected
2026-06-11 20:26:35,051 [screen.py:set_dpms_timeout()] - DPMS on :0 set to: 3600
2026-06-11 20:26:35,051 [screen.py:set_screenblanking_timeout()] - Blanking timeout: 3600
2026-06-11 20:26:35,051 [screen.py:state_disconnected()] - ### Going to disconnected
2026-06-11 20:26:35,052 [screen.py:show_panel()] - Panel is already is in view
2026-06-11 20:26:35,058 [screen.py:printer_initializing()] - Klipper has disconnected
2026-06-11 20:26:38,798 [printer.py:change_state()] - Changing state from 'disconnected' to 'shutdown'
2026-06-11 20:26:38,798 [printer.py:change_state()] - Adding callback for state: shutdown
2026-06-11 20:26:38,810 [screen.py:set_dpms_timeout()] - DPMS on :0 set to: 3600
2026-06-11 20:26:38,810 [screen.py:set_screenblanking_timeout()] - Blanking timeout: 3600
2026-06-11 20:26:38,810 [screen.py:show_panel()] - Panel is already is in view
2026-06-11 20:26:38,814 [screen.py:printer_initializing()] - Klipper has shutdown
Can not update MCU 'mcu' config as it is shutdown
Once the underlying issue is corrected, use the
"FIRMWARE_RESTART" command to reset the firmware, reload the
config, and restart the host software.
Error configuring printer

2026-06-11 20:26:38,881 [screen.py:printer_initializing()] - Initializing Klipper Connection
2026-06-11 20:26:38,901 [printer.py:change_state()] - Changing state from 'shutdown' to 'disconnected'
2026-06-11 20:26:38,901 [printer.py:change_state()] - Adding callback for state: disconnected
2026-06-11 20:26:38,923 [screen.py:set_dpms_timeout()] - DPMS on :0 set to: 3600
2026-06-11 20:26:38,923 [screen.py:set_screenblanking_timeout()] - Blanking timeout: 3600
2026-06-11 20:26:38,923 [screen.py:state_disconnected()] - ### Going to disconnected
2026-06-11 20:26:38,923 [screen.py:show_panel()] - Panel is already is in view
2026-06-11 20:26:38,930 [screen.py:printer_initializing()] - Klipper has disconnected
2026-06-11 20:26:38,938 [screen.py:printer_initializing()] - Error getting printer configuration
2026-06-11 20:26:42,859 [screen.py:printer_initializing()] - Initializing Klipper Connection
2026-06-11 20:26:42,870 [screen.py:printer_initializing()] - Initializing Klipper Connection
2026-06-11 20:26:42,880 [screen.py:printer_initializing()] - Unable to get printer info from moonraker
2026-06-11 20:26:42,890 [screen.py:printer_initializing()] - Unable to get printer info from moonraker
2026-06-11 20:26:46,853 [screen.py:printer_initializing()] - Initializing Klipper Connection
2026-06-11 20:26:46,858 [screen.py:printer_initializing()] - Initializing Klipper Connection
2026-06-11 20:26:46,863 [screen.py:printer_initializing()] - Unable to get printer info from moonraker
2026-06-11 20:26:46,868 [screen.py:printer_initializing()] - Unable to get printer info from moonraker
2026-06-11 20:26:46,868 [screen.py:_init_printer()] - Stopping Retries
2026-06-11 20:26:50,855 [screen.py:printer_initializing()] - Initializing Klipper Connection
2026-06-11 20:26:51,402 [printer.py:log_counts()] - Klipper version: v0.13.0-689-g2fb3d54e-dirty
2026-06-11 20:26:51,402 [printer.py:log_counts()] - # Extruders: 1
2026-06-11 20:26:51,402 [printer.py:log_counts()] - # Temperature devices: 1
2026-06-11 20:26:51,402 [printer.py:log_counts()] - # Fans: 2
2026-06-11 20:26:51,402 [printer.py:log_counts()] - # Output pins: 0
2026-06-11 20:26:51,402 [printer.py:log_counts()] - # PWM tools: 0
2026-06-11 20:26:51,402 [printer.py:log_counts()] - # Leds: 0
2026-06-11 20:26:51,654 [printer.py:change_state()] - Changing state from 'disconnected' to 'startup'
2026-06-11 20:26:51,655 [printer.py:change_state()] - Adding callback for state: startup
2026-06-11 20:26:51,656 [KlippyWebsocket.py:object_subscription()] - Sending printer.objects.subscribe
2026-06-11 20:26:51,657 [files.py:set_gcodes_path()] - Gcodes path: /home/voron/printer_data/gcodes
2026-06-11 20:26:51,657 [screen.py:_finish_init()] - Printer initialized
2026-06-11 20:26:51,674 [screen.py:set_dpms_timeout()] - DPMS on :0 set to: 3600
2026-06-11 20:26:51,674 [screen.py:set_screenblanking_timeout()] - Blanking timeout: 3600
2026-06-11 20:26:51,679 [screen.py:printer_initializing()] - Klipper is attempting to start
2026-06-11 20:26:51,679 [screen.py:set_server_config()] - Temperature store size: 1200
2026-06-11 20:26:51,680 [screen.py:set_tempstore()] - Moonraker tempstore not yet available
2026-06-11 20:26:51,680 [printer.py:init_temp_store()] - Temp store: ['extruder', 'heater_bed']
2026-06-11 20:26:52,377 [printer.py:change_state()] - Changing state from 'startup' to 'error'
2026-06-11 20:26:52,377 [printer.py:change_state()] - Adding callback for state: error
2026-06-11 20:26:52,391 [screen.py:set_dpms_timeout()] - DPMS on :0 set to: 3600
2026-06-11 20:26:52,391 [screen.py:set_screenblanking_timeout()] - Blanking timeout: 3600
2026-06-11 20:26:52,391 [screen.py:show_panel()] - Panel is already is in view
2026-06-11 20:26:52,397 [screen.py:printer_initializing()] - Klipper has encountered an error.
A FIRMWARE_RESTART may fix the issue.
Can not update MCU 'mcu' config as it is shutdown
Once the underlying issue is corrected, use the
"FIRMWARE_RESTART" command to reset the firmware, reload the
config, and restart the host software.
Error configuring printer

2026-06-11 20:27:06,275 [printer.py:change_state()] - Changing state from 'error' to 'disconnected'
2026-06-11 20:27:06,276 [printer.py:change_state()] - Adding callback for state: disconnected
2026-06-11 20:27:06,300 [screen.py:set_dpms_timeout()] - DPMS on :0 set to: 3600
2026-06-11 20:27:06,300 [screen.py:set_screenblanking_timeout()] - Blanking timeout: 3600
2026-06-11 20:27:06,300 [screen.py:state_disconnected()] - ### Going to disconnected
2026-06-11 20:27:06,301 [screen.py:show_panel()] - Panel is already is in view
2026-06-11 20:27:06,311 [screen.py:printer_initializing()] - Klipper has disconnected
2026-06-11 20:27:10,853 [screen.py:printer_initializing()] - Initializing Klipper Connection
2026-06-11 20:27:10,886 [screen.py:printer_initializing()] - Unable to get printer info from moonraker
2026-06-11 20:27:14,859 [screen.py:printer_initializing()] - Initializing Klipper Connection
2026-06-11 20:27:14,923 [screen.py:printer_initializing()] - Unable to get printer info from moonraker
2026-06-11 20:27:18,859 [screen.py:printer_initializing()] - Initializing Klipper Connection
2026-06-11 20:27:18,923 [screen.py:printer_initializing()] - Unable to get printer info from moonraker
2026-06-11 20:27:22,853 [screen.py:printer_initializing()] - Initializing Klipper Connection
2026-06-11 20:27:22,909 [printer.py:log_counts()] - Klipper version: v0.13.0-689-g2fb3d54e-dirty
2026-06-11 20:27:22,910 [printer.py:log_counts()] - # Extruders: 1
2026-06-11 20:27:22,910 [printer.py:log_counts()] - # Temperature devices: 1
2026-06-11 20:27:22,910 [printer.py:log_counts()] - # Fans: 2
2026-06-11 20:27:22,910 [printer.py:log_counts()] - # Output pins: 0
2026-06-11 20:27:22,910 [printer.py:log_counts()] - # PWM tools: 0
2026-06-11 20:27:22,910 [printer.py:log_counts()] - # Leds: 0
2026-06-11 20:27:23,166 [printer.py:change_state()] - Changing state from 'disconnected' to 'error'
2026-06-11 20:27:23,166 [printer.py:change_state()] - Adding callback for state: error
2026-06-11 20:27:23,167 [KlippyWebsocket.py:object_subscription()] - Sending printer.objects.subscribe
2026-06-11 20:27:23,168 [files.py:set_gcodes_path()] - Gcodes path: /home/voron/printer_data/gcodes
2026-06-11 20:27:23,168 [screen.py:_finish_init()] - Printer initialized
2026-06-11 20:27:23,184 [screen.py:set_dpms_timeout()] - DPMS on :0 set to: 3600
2026-06-11 20:27:23,184 [screen.py:set_screenblanking_timeout()] - Blanking timeout: 3600
2026-06-11 20:27:23,184 [screen.py:show_panel()] - Panel is already is in view
2026-06-11 20:27:23,188 [screen.py:printer_initializing()] - Klipper has encountered an error.
A FIRMWARE_RESTART may fix the issue.
Can not update MCU 'mcu' config as it is shutdown
Once the underlying issue is corrected, use the
"FIRMWARE_RESTART" command to reset the firmware, reload the
config, and restart the host software.
Error configuring printer

2026-06-11 20:27:23,189 [screen.py:set_server_config()] - Temperature store size: 1200
2026-06-11 20:27:23,189 [screen.py:set_tempstore()] - Moonraker tempstore not yet available
2026-06-11 20:27:23,189 [printer.py:init_temp_store()] - Temp store: ['extruder', 'heater_bed']
2026-06-11 20:28:38,582 [printer.py:change_state()] - Changing state from 'error' to 'disconnected'
2026-06-11 20:28:38,583 [printer.py:change_state()] - Adding callback for state: disconnected
2026-06-11 20:28:38,598 [screen.py:set_dpms_timeout()] - DPMS on :0 set to: 3600
2026-06-11 20:28:38,598 [screen.py:set_screenblanking_timeout()] - Blanking timeout: 3600
2026-06-11 20:28:38,598 [screen.py:state_disconnected()] - ### Going to disconnected
2026-06-11 20:28:38,598 [screen.py:show_panel()] - Panel is already is in view
2026-06-11 20:28:38,602 [screen.py:printer_initializing()] - Klipper has disconnected
2026-06-11 20:28:42,858 [screen.py:printer_initializing()] - Initializing Klipper Connection
2026-06-11 20:28:42,912 [screen.py:printer_initializing()] - Unable to get printer info from moonraker
2026-06-11 20:28:46,854 [screen.py:printer_initializing()] - Initializing Klipper Connection
2026-06-11 20:28:46,886 [screen.py:printer_initializing()] - Unable to get printer info from moonraker
2026-06-11 20:28:50,859 [screen.py:printer_initializing()] - Initializing Klipper Connection
2026-06-11 20:28:50,930 [screen.py:printer_initializing()] - Unable to get printer info from moonraker
2026-06-11 20:28:54,859 [screen.py:printer_initializing()] - Initializing Klipper Connection
2026-06-11 20:28:54,923 [screen.py:printer_initializing()] - Unable to get printer info from moonraker
2026-06-11 20:28:58,862 [screen.py:printer_initializing()] - Initializing Klipper Connection
2026-06-11 20:28:58,934 [screen.py:printer_initializing()] - Unable to get printer info from moonraker
2026-06-11 20:28:58,935 [screen.py:_init_printer()] - Stopping Retries
2026-06-11 20:33:35,128 [functions.py:log_start()] - --------------------KlipperScreen Log Start--------------------
2026-06-11 20:33:35,128 [functions.py:log_start()] - KlipperScreen Version: v0.4.7-53-g60ab1c6
2026-06-11 20:33:35,128 [functions.py:log_start()] - Python version: 3.13
2026-06-11 20:33:35,243 [config.py:get_config_file_location()] - Passed config (-c): .
2026-06-11 20:33:35,243 [config.py:__init__()] - Config path location: /home/voron/printer_data/config/KlipperScreen.conf
2026-06-11 20:33:35,291 [config.py:log_config()] - ===== Config File =====

=======================
2026-06-11 20:33:35,292 [config.py:__init__()] - 
====== Saved ======




2026-06-11 20:33:35,293 [config.py:__init__()] - Configured printers: [
  {
    "Printer": {
      "moonraker_host": "127.0.0.1",
      "moonraker_port": "7125",
      "moonraker_path": "",
      "moonraker_ssl": null,
      "moonraker_api_key": ""
    }
  }
]
2026-06-11 20:33:35,394 [config.py:create_translations()] - Selected lang: system_lang OS lang: en_GB
2026-06-11 20:33:35,395 [config.py:install_language()] - Using lang en
2026-06-11 20:33:35,404 [screen.py:__init__()] - Display for xset: :0
2026-06-11 20:33:35,405 [screen.py:__init__()] - Screen 0: 800x480
2026-06-11 20:33:35,405 [screen.py:__init__()] - Monitors: 1 using number: 0
2026-06-11 20:33:35,405 [screen.py:__init__()] - Wayland: False Display name: :0
2026-06-11 20:33:35,406 [screen.py:__init__()] - Screen resolution: 800x480
2026-06-11 20:33:35,562 [KlippyGtk.py:update_layout()] - Font size: 17.8 (medium)
2026-06-11 20:33:35,756 [base_panel.py:battery_percentage()] - Battery information not available.
2026-06-11 20:33:36,000 [screen.py:set_dpms_timeout()] - DPMS on :0 set to: 3600
2026-06-11 20:33:36,001 [screen.py:set_screenblanking_timeout()] - Blanking timeout: 3600
2026-06-11 20:33:36,001 [screen.py:initial_connection()] - Default printer: None
2026-06-11 20:33:36,001 [screen.py:_remove_all_panels()] - Removing all panels
2026-06-11 20:33:36,046 [screen.py:_load_panel()] - Loading panel: splash_screen
2026-06-11 20:33:36,084 [screen.py:attach_panel()] - Current panel hierarchy: splash_screen
2026-06-11 20:33:36,090 [screen.py:set_titlebar_items()] - set_titlebar_items
2026-06-11 20:33:36,094 [screen.py:printer_initializing()] - Initializing KlipperScreen
2026-06-11 20:33:36,139 [screen.py:printer_initializing()] - Connecting to Printer
2026-06-11 20:33:36,151 [screen.py:set_dpms_timeout()] - DPMS on :0 set to: 3600
2026-06-11 20:33:36,151 [screen.py:set_screenblanking_timeout()] - Blanking timeout: 3600
2026-06-11 20:33:40,324 [KlippyWebsocket.py:initial_connect()] - Starting connection
2026-06-11 20:33:40,324 [KlippyWebsocket.py:connect()] - Attempting to connect
2026-06-11 20:33:40,324 [KlippyWebsocket.py:connect()] - Starting websocket thread
2026-06-11 20:33:40,332 [_logging.py:info()] - Websocket connected
2026-06-11 20:33:40,333 [screen.py:websocket_connected()] - ### websocket_connected
2026-06-11 20:33:40,337 [screen.py:printer_initializing()] - Moonraker Connected
2026-06-11 20:33:40,362 [KlippyWebsocket.py:identify_client()] - Sending server.connection.identify
2026-06-11 20:33:40,394 [screen.py:printer_initializing()] - Initializing Klipper Connection
2026-06-11 20:33:40,394 [printer.py:configure_cameras()] - Cameras: []
2026-06-11 20:33:40,554 [printer.py:log_counts()] - Klipper version: v0.13.0-689-g2fb3d54e-dirty
2026-06-11 20:33:40,554 [printer.py:log_counts()] - # Extruders: 1
2026-06-11 20:33:40,555 [printer.py:log_counts()] - # Temperature devices: 1
2026-06-11 20:33:40,555 [printer.py:log_counts()] - # Fans: 2
2026-06-11 20:33:40,555 [printer.py:log_counts()] - # Output pins: 0
2026-06-11 20:33:40,555 [printer.py:log_counts()] - # PWM tools: 0
2026-06-11 20:33:40,555 [printer.py:log_counts()] - # Leds: 0
2026-06-11 20:33:40,810 [printer.py:change_state()] - Changing state from 'disconnected' to 'error'
2026-06-11 20:33:40,810 [printer.py:change_state()] - Adding callback for state: error
2026-06-11 20:33:40,812 [KlippyWebsocket.py:object_subscription()] - Sending printer.objects.subscribe
2026-06-11 20:33:40,813 [files.py:set_gcodes_path()] - Gcodes path: /home/voron/printer_data/gcodes
2026-06-11 20:33:40,813 [screen.py:_finish_init()] - Printer initialized
2026-06-11 20:33:40,833 [screen.py:set_dpms_timeout()] - DPMS on :0 set to: 3600
2026-06-11 20:33:40,833 [screen.py:set_screenblanking_timeout()] - Blanking timeout: 3600
2026-06-11 20:33:40,833 [screen.py:show_panel()] - Panel is already is in view
2026-06-11 20:33:40,838 [screen.py:printer_initializing()] - Klipper has encountered an error.
A FIRMWARE_RESTART may fix the issue.
Can not update MCU 'mcu' config as it is shutdown
Once the underlying issue is corrected, use the
"FIRMWARE_RESTART" command to reset the firmware, reload the
config, and restart the host software.
Error configuring printer

2026-06-11 20:33:40,839 [screen.py:set_server_config()] - Temperature store size: 1200
2026-06-11 20:33:40,840 [screen.py:set_tempstore()] - Moonraker tempstore not yet available
2026-06-11 20:33:40,840 [printer.py:init_temp_store()] - Temp store: ['extruder', 'heater_bed']
2026-06-11 20:33:44,236 [printer.py:change_state()] - Changing state from 'error' to 'disconnected'
2026-06-11 20:33:44,236 [printer.py:change_state()] - Adding callback for state: disconnected
2026-06-11 20:33:44,250 [screen.py:set_dpms_timeout()] - DPMS on :0 set to: 3600
2026-06-11 20:33:44,250 [screen.py:set_screenblanking_timeout()] - Blanking timeout: 3600
2026-06-11 20:33:44,250 [screen.py:state_disconnected()] - ### Going to disconnected
2026-06-11 20:33:44,250 [screen.py:show_panel()] - Panel is already is in view
2026-06-11 20:33:44,256 [screen.py:printer_initializing()] - Klipper has disconnected
2026-06-11 20:34:02,613 [screen.py:printer_initializing()] - Initializing Klipper Connection
2026-06-11 20:34:02,644 [screen.py:printer_initializing()] - Unable to get printer info from moonraker
2026-06-11 20:34:06,613 [screen.py:printer_initializing()] - Initializing Klipper Connection
2026-06-11 20:34:06,647 [screen.py:printer_initializing()] - Unable to get printer info from moonraker
2026-06-11 20:34:10,613 [screen.py:printer_initializing()] - Initializing Klipper Connection
2026-06-11 20:34:10,644 [screen.py:printer_initializing()] - Unable to get printer info from moonraker
2026-06-11 20:34:14,613 [screen.py:printer_initializing()] - Initializing Klipper Connection
2026-06-11 20:34:14,669 [printer.py:log_counts()] - Klipper version: v0.13.0-689-g2fb3d54e-dirty
2026-06-11 20:34:14,669 [printer.py:log_counts()] - # Extruders: 1
2026-06-11 20:34:14,669 [printer.py:log_counts()] - # Temperature devices: 1
2026-06-11 20:34:14,669 [printer.py:log_counts()] - # Fans: 2
2026-06-11 20:34:14,669 [printer.py:log_counts()] - # Output pins: 0
2026-06-11 20:34:14,669 [printer.py:log_counts()] - # PWM tools: 0
2026-06-11 20:34:14,670 [printer.py:log_counts()] - # Leds: 0
2026-06-11 20:34:14,923 [printer.py:change_state()] - Changing state from 'disconnected' to 'startup'
2026-06-11 20:34:14,923 [printer.py:change_state()] - Adding callback for state: startup
2026-06-11 20:34:14,925 [KlippyWebsocket.py:object_subscription()] - Sending printer.objects.subscribe
2026-06-11 20:34:14,926 [files.py:set_gcodes_path()] - Gcodes path: /home/voron/printer_data/gcodes
2026-06-11 20:34:14,926 [screen.py:_finish_init()] - Printer initialized
2026-06-11 20:34:14,941 [screen.py:set_dpms_timeout()] - DPMS on :0 set to: 3600
2026-06-11 20:34:14,941 [screen.py:set_screenblanking_timeout()] - Blanking timeout: 3600
2026-06-11 20:34:14,945 [screen.py:printer_initializing()] - Klipper is attempting to start
2026-06-11 20:34:14,946 [screen.py:set_server_config()] - Temperature store size: 1200
2026-06-11 20:34:14,946 [screen.py:set_tempstore()] - Moonraker tempstore not yet available
2026-06-11 20:34:14,946 [printer.py:init_temp_store()] - Temp store: ['extruder', 'heater_bed']
2026-06-11 20:34:15,395 [printer.py:change_state()] - Changing state from 'startup' to 'error'
2026-06-11 20:34:15,395 [printer.py:change_state()] - Adding callback for state: error
2026-06-11 20:34:15,407 [screen.py:set_dpms_timeout()] - DPMS on :0 set to: 3600
2026-06-11 20:34:15,407 [screen.py:set_screenblanking_timeout()] - Blanking timeout: 3600
2026-06-11 20:34:15,407 [screen.py:show_panel()] - Panel is already is in view
2026-06-11 20:34:15,412 [screen.py:printer_initializing()] - Klipper has encountered an error.
A FIRMWARE_RESTART may fix the issue.
Can not update MCU 'mcu' config as it is shutdown
Once the underlying issue is corrected, use the
"FIRMWARE_RESTART" command to reset the firmware, reload the
config, and restart the host software.
Error configuring printer

2026-06-11 20:34:50,608 [base_panel.py:battery_percentage()] - Battery information not available.
2026-06-11 20:37:28,689 [printer.py:change_state()] - Changing state from 'error' to 'disconnected'
2026-06-11 20:37:28,690 [printer.py:change_state()] - Adding callback for state: disconnected
2026-06-11 20:37:28,709 [screen.py:set_dpms_timeout()] - DPMS on :0 set to: 3600
2026-06-11 20:37:28,709 [screen.py:set_screenblanking_timeout()] - Blanking timeout: 3600
2026-06-11 20:37:28,710 [screen.py:state_disconnected()] - ### Going to disconnected
2026-06-11 20:37:28,710 [screen.py:show_panel()] - Panel is already is in view
2026-06-11 20:37:28,718 [screen.py:printer_initializing()] - Klipper has disconnected
2026-06-11 20:37:32,612 [screen.py:printer_initializing()] - Initializing Klipper Connection
2026-06-11 20:37:32,645 [screen.py:printer_initializing()] - Unable to get printer info from moonraker
2026-06-11 20:37:36,616 [screen.py:printer_initializing()] - Initializing Klipper Connection
2026-06-11 20:37:36,675 [screen.py:printer_initializing()] - Unable to get printer info from moonraker
2026-06-11 20:37:40,613 [screen.py:printer_initializing()] - Initializing Klipper Connection
2026-06-11 20:37:40,644 [screen.py:printer_initializing()] - Unable to get printer info from moonraker
2026-06-11 20:37:44,614 [screen.py:printer_initializing()] - Initializing Klipper Connection
2026-06-11 20:37:44,772 [printer.py:log_counts()] - Klipper version: v0.13.0-689-g2fb3d54e-dirty
2026-06-11 20:37:44,772 [printer.py:log_counts()] - # Extruders: 1
2026-06-11 20:37:44,772 [printer.py:log_counts()] - # Temperature devices: 1
2026-06-11 20:37:44,772 [printer.py:log_counts()] - # Fans: 2
2026-06-11 20:37:44,772 [printer.py:log_counts()] - # Output pins: 0
2026-06-11 20:37:44,772 [printer.py:log_counts()] - # PWM tools: 0
2026-06-11 20:37:44,772 [printer.py:log_counts()] - # Leds: 0
2026-06-11 20:37:45,026 [printer.py:change_state()] - Changing state from 'disconnected' to 'startup'
2026-06-11 20:37:45,026 [printer.py:change_state()] - Adding callback for state: startup
2026-06-11 20:37:45,027 [KlippyWebsocket.py:object_subscription()] - Sending printer.objects.subscribe
2026-06-11 20:37:45,028 [files.py:set_gcodes_path()] - Gcodes path: /home/voron/printer_data/gcodes
2026-06-11 20:37:45,028 [screen.py:_finish_init()] - Printer initialized
2026-06-11 20:37:45,043 [screen.py:set_dpms_timeout()] - DPMS on :0 set to: 3600
2026-06-11 20:37:45,044 [screen.py:set_screenblanking_timeout()] - Blanking timeout: 3600
2026-06-11 20:37:45,048 [screen.py:printer_initializing()] - Klipper is attempting to start
2026-06-11 20:37:45,049 [screen.py:set_server_config()] - Temperature store size: 1200
2026-06-11 20:37:45,050 [screen.py:set_tempstore()] - Moonraker tempstore not yet available
2026-06-11 20:37:45,050 [printer.py:init_temp_store()] - Temp store: ['extruder', 'heater_bed']
2026-06-11 20:37:45,749 [printer.py:change_state()] - Changing state from 'startup' to 'error'
2026-06-11 20:37:45,750 [printer.py:change_state()] - Adding callback for state: error
2026-06-11 20:37:45,761 [screen.py:set_dpms_timeout()] - DPMS on :0 set to: 3600
2026-06-11 20:37:45,761 [screen.py:set_screenblanking_timeout()] - Blanking timeout: 3600
2026-06-11 20:37:45,761 [screen.py:show_panel()] - Panel is already is in view
2026-06-11 20:37:45,766 [screen.py:printer_initializing()] - Klipper has encountered an error.
A FIRMWARE_RESTART may fix the issue.
Can not update MCU 'mcu' config as it is shutdown
Once the underlying issue is corrected, use the
"FIRMWARE_RESTART" command to reset the firmware, reload the
config, and restart the host software.
Error configuring printer

2026-06-11 20:39:36,375 [printer.py:change_state()] - Changing state from 'error' to 'disconnected'
2026-06-11 20:39:36,375 [printer.py:change_state()] - Adding callback for state: disconnected
2026-06-11 20:39:36,393 [screen.py:set_dpms_timeout()] - DPMS on :0 set to: 3600
2026-06-11 20:39:36,393 [screen.py:set_screenblanking_timeout()] - Blanking timeout: 3600
2026-06-11 20:39:36,393 [screen.py:state_disconnected()] - ### Going to disconnected
2026-06-11 20:39:36,394 [screen.py:show_panel()] - Panel is already is in view
2026-06-11 20:39:36,400 [screen.py:printer_initializing()] - Klipper has disconnected
2026-06-11 20:39:40,613 [screen.py:printer_initializing()] - Initializing Klipper Connection
2026-06-11 20:39:40,645 [screen.py:printer_initializing()] - Unable to get printer info from moonraker
2026-06-11 20:39:44,619 [screen.py:printer_initializing()] - Initializing Klipper Connection
2026-06-11 20:39:44,675 [screen.py:printer_initializing()] - Unable to get printer info from moonraker
2026-06-11 20:39:48,616 [screen.py:printer_initializing()] - Initializing Klipper Connection
2026-06-11 20:39:48,669 [screen.py:printer_initializing()] - Unable to get printer info from moonraker
2026-06-11 20:39:52,613 [screen.py:printer_initializing()] - Initializing Klipper Connection
2026-06-11 20:39:52,672 [printer.py:log_counts()] - Klipper version: v0.13.0-689-g2fb3d54e-dirty
2026-06-11 20:39:52,672 [printer.py:log_counts()] - # Extruders: 1
2026-06-11 20:39:52,672 [printer.py:log_counts()] - # Temperature devices: 1
2026-06-11 20:39:52,673 [printer.py:log_counts()] - # Fans: 2
2026-06-11 20:39:52,673 [printer.py:log_counts()] - # Output pins: 0
2026-06-11 20:39:52,673 [printer.py:log_counts()] - # PWM tools: 0
2026-06-11 20:39:52,673 [printer.py:log_counts()] - # Leds: 0
2026-06-11 20:39:52,926 [printer.py:change_state()] - Changing state from 'disconnected' to 'startup'
2026-06-11 20:39:52,926 [printer.py:change_state()] - Adding callback for state: startup
2026-06-11 20:39:52,928 [KlippyWebsocket.py:object_subscription()] - Sending printer.objects.subscribe
2026-06-11 20:39:52,929 [files.py:set_gcodes_path()] - Gcodes path: /home/voron/printer_data/gcodes
2026-06-11 20:39:52,929 [screen.py:_finish_init()] - Printer initialized
2026-06-11 20:39:52,944 [screen.py:set_dpms_timeout()] - DPMS on :0 set to: 3600
2026-06-11 20:39:52,945 [screen.py:set_screenblanking_timeout()] - Blanking timeout: 3600
2026-06-11 20:39:52,948 [screen.py:printer_initializing()] - Klipper is attempting to start
2026-06-11 20:39:52,949 [screen.py:set_server_config()] - Temperature store size: 1200
2026-06-11 20:39:52,949 [screen.py:set_tempstore()] - Moonraker tempstore not yet available
2026-06-11 20:39:52,949 [printer.py:init_temp_store()] - Temp store: ['extruder', 'heater_bed']
2026-06-11 20:40:00,528 [printer.py:change_state()] - Changing state from 'startup' to 'disconnected'
2026-06-11 20:40:00,528 [printer.py:change_state()] - Adding callback for state: disconnected
2026-06-11 20:40:00,545 [screen.py:set_dpms_timeout()] - DPMS on :0 set to: 3600
2026-06-11 20:40:00,545 [screen.py:set_screenblanking_timeout()] - Blanking timeout: 3600
2026-06-11 20:40:00,545 [screen.py:state_disconnected()] - ### Going to disconnected
2026-06-11 20:40:00,546 [screen.py:show_panel()] - Panel is already is in view
2026-06-11 20:40:00,553 [screen.py:printer_initializing()] - Klipper has disconnected
2026-06-11 20:40:04,261 [printer.py:change_state()] - Changing state from 'disconnected' to 'shutdown'
2026-06-11 20:40:04,262 [printer.py:change_state()] - Adding callback for state: shutdown
2026-06-11 20:40:04,274 [screen.py:set_dpms_timeout()] - DPMS on :0 set to: 3600
2026-06-11 20:40:04,274 [screen.py:set_screenblanking_timeout()] - Blanking timeout: 3600
2026-06-11 20:40:04,274 [screen.py:show_panel()] - Panel is already is in view
2026-06-11 20:40:04,278 [screen.py:printer_initializing()] - Klipper has shutdown

Printer is not ready
The klippy host software is attempting to connect.  Please
retry in a few moments.

2026-06-11 20:40:04,358 [printer.py:change_state()] - Changing state from 'shutdown' to 'disconnected'
2026-06-11 20:40:04,358 [printer.py:change_state()] - Adding callback for state: disconnected
2026-06-11 20:40:04,379 [screen.py:set_dpms_timeout()] - DPMS on :0 set to: 3600
2026-06-11 20:40:04,379 [screen.py:set_screenblanking_timeout()] - Blanking timeout: 3600
2026-06-11 20:40:04,379 [screen.py:state_disconnected()] - ### Going to disconnected
2026-06-11 20:40:04,379 [screen.py:show_panel()] - Panel is already is in view
2026-06-11 20:40:04,386 [screen.py:printer_initializing()] - Klipper has disconnected
2026-06-11 20:40:04,612 [screen.py:printer_initializing()] - Initializing Klipper Connection
2026-06-11 20:40:04,642 [screen.py:printer_initializing()] - Unable to get printer info from moonraker
2026-06-11 20:40:08,619 [screen.py:printer_initializing()] - Initializing Klipper Connection
2026-06-11 20:40:08,630 [screen.py:printer_initializing()] - Initializing Klipper Connection
2026-06-11 20:40:08,640 [screen.py:printer_initializing()] - Unable to get printer info from moonraker
2026-06-11 20:40:08,649 [screen.py:printer_initializing()] - Unable to get printer info from moonraker
2026-06-11 20:40:12,613 [screen.py:printer_initializing()] - Initializing Klipper Connection
2026-06-11 20:40:12,618 [screen.py:printer_initializing()] - Initializing Klipper Connection
2026-06-11 20:40:12,622 [screen.py:printer_initializing()] - Unable to get printer info from moonraker
2026-06-11 20:40:12,628 [screen.py:printer_initializing()] - Unable to get printer info from moonraker
2026-06-11 20:40:12,628 [screen.py:_init_printer()] - Stopping Retries
2026-06-11 20:40:16,614 [screen.py:printer_initializing()] - Initializing Klipper Connection
2026-06-11 20:40:16,758 [printer.py:log_counts()] - Klipper version: v0.13.0-689-g2fb3d54e-dirty
2026-06-11 20:40:16,758 [printer.py:log_counts()] - # Extruders: 1
2026-06-11 20:40:16,758 [printer.py:log_counts()] - # Temperature devices: 1
2026-06-11 20:40:16,758 [printer.py:log_counts()] - # Fans: 2
2026-06-11 20:40:16,758 [printer.py:log_counts()] - # Output pins: 0
2026-06-11 20:40:16,759 [printer.py:log_counts()] - # PWM tools: 0
2026-06-11 20:40:16,759 [printer.py:log_counts()] - # Leds: 0
2026-06-11 20:40:17,012 [printer.py:change_state()] - Changing state from 'disconnected' to 'startup'
2026-06-11 20:40:17,012 [printer.py:change_state()] - Adding callback for state: startup
2026-06-11 20:40:17,013 [KlippyWebsocket.py:object_subscription()] - Sending printer.objects.subscribe
2026-06-11 20:40:17,014 [files.py:set_gcodes_path()] - Gcodes path: /home/voron/printer_data/gcodes
2026-06-11 20:40:17,014 [screen.py:_finish_init()] - Printer initialized
2026-06-11 20:40:17,030 [screen.py:set_dpms_timeout()] - DPMS on :0 set to: 3600
2026-06-11 20:40:17,030 [screen.py:set_screenblanking_timeout()] - Blanking timeout: 3600
2026-06-11 20:40:17,034 [screen.py:printer_initializing()] - Klipper is attempting to start
2026-06-11 20:40:17,035 [screen.py:set_server_config()] - Temperature store size: 1200
2026-06-11 20:40:17,036 [screen.py:set_tempstore()] - Moonraker tempstore not yet available
2026-06-11 20:40:17,036 [printer.py:init_temp_store()] - Temp store: ['extruder', 'heater_bed']
2026-06-11 20:40:17,734 [printer.py:change_state()] - Changing state from 'startup' to 'error'
2026-06-11 20:40:17,735 [printer.py:change_state()] - Adding callback for state: error
2026-06-11 20:40:17,746 [screen.py:set_dpms_timeout()] - DPMS on :0 set to: 3600
2026-06-11 20:40:17,746 [screen.py:set_screenblanking_timeout()] - Blanking timeout: 3600
2026-06-11 20:40:17,746 [screen.py:show_panel()] - Panel is already is in view
2026-06-11 20:40:17,750 [screen.py:printer_initializing()] - Klipper has encountered an error.
A FIRMWARE_RESTART may fix the issue.
Can not update MCU 'mcu' config as it is shutdown
Once the underlying issue is corrected, use the
"FIRMWARE_RESTART" command to reset the firmware, reload the
config, and restart the host software.
Error configuring printer

2026-06-11 20:43:42,657 [functions.py:log_start()] - --------------------KlipperScreen Log Start--------------------
2026-06-11 20:43:42,657 [functions.py:log_start()] - KlipperScreen Version: v0.4.7-53-g60ab1c6
2026-06-11 20:43:42,657 [functions.py:log_start()] - Python version: 3.13
2026-06-11 20:43:42,771 [config.py:get_config_file_location()] - Passed config (-c): .
2026-06-11 20:43:42,772 [config.py:__init__()] - Config path location: /home/voron/printer_data/config/KlipperScreen.conf
2026-06-11 20:43:42,820 [config.py:log_config()] - ===== Config File =====

=======================
2026-06-11 20:43:42,821 [config.py:__init__()] - 
====== Saved ======




2026-06-11 20:43:42,821 [config.py:__init__()] - Configured printers: [
  {
    "Printer": {
      "moonraker_host": "127.0.0.1",
      "moonraker_port": "7125",
      "moonraker_path": "",
      "moonraker_ssl": null,
      "moonraker_api_key": ""
    }
  }
]
2026-06-11 20:43:42,923 [config.py:create_translations()] - Selected lang: system_lang OS lang: en_GB
2026-06-11 20:43:42,923 [config.py:install_language()] - Using lang en
2026-06-11 20:43:42,932 [screen.py:__init__()] - Display for xset: :0
2026-06-11 20:43:42,933 [screen.py:__init__()] - Screen 0: 800x480
2026-06-11 20:43:42,934 [screen.py:__init__()] - Monitors: 1 using number: 0
2026-06-11 20:43:42,934 [screen.py:__init__()] - Wayland: False Display name: :0
2026-06-11 20:43:42,935 [screen.py:__init__()] - Screen resolution: 800x480
2026-06-11 20:43:43,089 [KlippyGtk.py:update_layout()] - Font size: 17.8 (medium)
2026-06-11 20:43:43,275 [base_panel.py:battery_percentage()] - Battery information not available.
2026-06-11 20:43:43,437 [screen.py:set_dpms_timeout()] - DPMS on :0 set to: 3600
2026-06-11 20:43:43,438 [screen.py:set_screenblanking_timeout()] - Blanking timeout: 3600
2026-06-11 20:43:43,438 [screen.py:initial_connection()] - Default printer: None
2026-06-11 20:43:43,438 [screen.py:_remove_all_panels()] - Removing all panels
2026-06-11 20:43:43,490 [screen.py:_load_panel()] - Loading panel: splash_screen
2026-06-11 20:43:43,534 [screen.py:attach_panel()] - Current panel hierarchy: splash_screen
2026-06-11 20:43:43,541 [screen.py:set_titlebar_items()] - set_titlebar_items
2026-06-11 20:43:43,545 [screen.py:printer_initializing()] - Initializing KlipperScreen
2026-06-11 20:43:43,594 [screen.py:printer_initializing()] - Connecting to Printer
2026-06-11 20:43:43,607 [screen.py:set_dpms_timeout()] - DPMS on :0 set to: 3600
2026-06-11 20:43:43,607 [screen.py:set_screenblanking_timeout()] - Blanking timeout: 3600
2026-06-11 20:43:47,967 [KlippyWebsocket.py:initial_connect()] - Starting connection
2026-06-11 20:43:47,967 [KlippyWebsocket.py:connect()] - Attempting to connect
2026-06-11 20:43:47,967 [KlippyWebsocket.py:connect()] - Starting websocket thread
2026-06-11 20:43:47,975 [_logging.py:info()] - Websocket connected
2026-06-11 20:43:47,976 [screen.py:websocket_connected()] - ### websocket_connected
2026-06-11 20:43:47,980 [screen.py:printer_initializing()] - Moonraker Connected
2026-06-11 20:43:48,004 [KlippyWebsocket.py:identify_client()] - Sending server.connection.identify
2026-06-11 20:43:48,036 [screen.py:printer_initializing()] - Initializing Klipper Connection
2026-06-11 20:43:48,037 [printer.py:configure_cameras()] - Cameras: []
2026-06-11 20:43:48,079 [printer.py:log_counts()] - Klipper version: v0.13.0-689-g2fb3d54e-dirty
2026-06-11 20:43:48,079 [printer.py:log_counts()] - # Extruders: 1
2026-06-11 20:43:48,079 [printer.py:log_counts()] - # Temperature devices: 1
2026-06-11 20:43:48,079 [printer.py:log_counts()] - # Fans: 2
2026-06-11 20:43:48,079 [printer.py:log_counts()] - # Output pins: 0
2026-06-11 20:43:48,079 [printer.py:log_counts()] - # PWM tools: 0
2026-06-11 20:43:48,079 [printer.py:log_counts()] - # Leds: 0
2026-06-11 20:43:48,335 [printer.py:change_state()] - Changing state from 'disconnected' to 'startup'
2026-06-11 20:43:48,335 [printer.py:change_state()] - Adding callback for state: startup
2026-06-11 20:43:48,336 [KlippyWebsocket.py:object_subscription()] - Sending printer.objects.subscribe
2026-06-11 20:43:48,337 [files.py:set_gcodes_path()] - Gcodes path: /home/voron/printer_data/gcodes
2026-06-11 20:43:48,337 [screen.py:_finish_init()] - Printer initialized
2026-06-11 20:43:48,353 [screen.py:set_dpms_timeout()] - DPMS on :0 set to: 3600
2026-06-11 20:43:48,353 [screen.py:set_screenblanking_timeout()] - Blanking timeout: 3600
2026-06-11 20:43:48,357 [screen.py:printer_initializing()] - Klipper is attempting to start
2026-06-11 20:43:48,357 [screen.py:set_server_config()] - Temperature store size: 1200
2026-06-11 20:43:48,358 [screen.py:set_tempstore()] - Moonraker tempstore not yet available
2026-06-11 20:43:48,358 [printer.py:init_temp_store()] - Temp store: ['extruder', 'heater_bed']
2026-06-11 20:44:43,965 [base_panel.py:battery_percentage()] - Battery information not available.
2026-06-11 20:45:11,591 [printer.py:change_state()] - Changing state from 'startup' to 'error'
2026-06-11 20:45:11,591 [printer.py:change_state()] - Adding callback for state: error
2026-06-11 20:45:11,611 [screen.py:set_dpms_timeout()] - DPMS on :0 set to: 3600
2026-06-11 20:45:11,611 [screen.py:set_screenblanking_timeout()] - Blanking timeout: 3600
2026-06-11 20:45:11,611 [screen.py:show_panel()] - Panel is already is in view
2026-06-11 20:45:11,617 [screen.py:printer_initializing()] - Klipper has encountered an error.
A FIRMWARE_RESTART may fix the issue.
mcu 'EBBCan': Unable to connect
Once the underlying issue is corrected, use the
"FIRMWARE_RESTART" command to reset the firmware, reload the
config, and restart the host software.
Error configuring printer

2026-06-11 20:45:42,384 [screen.py:_load_panel()] - Loading panel: shutdown
2026-06-11 20:45:42,429 [screen.py:attach_panel()] - Current panel hierarchy: splash_screen > shutdown
2026-06-11 20:45:43,547 [KlippyGtk.py:Dialog()] - Showing dialog Shutdown (width=800, height=480)
2026-06-11 20:45:44,067 [KlippyGtk.py:remove_dialog()] - Removing Dialog
2026-06-11 20:46:07,456 [functions.py:log_start()] - --------------------KlipperScreen Log Start--------------------
2026-06-11 20:46:07,456 [functions.py:log_start()] - KlipperScreen Version: v0.4.7-53-g60ab1c6
2026-06-11 20:46:07,457 [functions.py:log_start()] - Python version: 3.13
2026-06-11 20:46:07,595 [config.py:get_config_file_location()] - Passed config (-c): .
2026-06-11 20:46:07,595 [config.py:__init__()] - Config path location: /home/voron/printer_data/config/KlipperScreen.conf
2026-06-11 20:46:07,643 [config.py:log_config()] - ===== Config File =====

=======================
2026-06-11 20:46:07,644 [config.py:__init__()] - 
====== Saved ======




2026-06-11 20:46:07,645 [config.py:__init__()] - Configured printers: [
  {
    "Printer": {
      "moonraker_host": "127.0.0.1",
      "moonraker_port": "7125",
      "moonraker_path": "",
      "moonraker_ssl": null,
      "moonraker_api_key": ""
    }
  }
]
2026-06-11 20:46:07,747 [config.py:create_translations()] - Selected lang: system_lang OS lang: en_GB
2026-06-11 20:46:07,747 [config.py:install_language()] - Using lang en
2026-06-11 20:46:07,756 [screen.py:__init__()] - Display for xset: :0
2026-06-11 20:46:07,757 [screen.py:__init__()] - Screen 0: 800x480
2026-06-11 20:46:07,757 [screen.py:__init__()] - Monitors: 1 using number: 0
2026-06-11 20:46:07,758 [screen.py:__init__()] - Wayland: False Display name: :0
2026-06-11 20:46:07,759 [screen.py:__init__()] - Screen resolution: 800x480
2026-06-11 20:46:07,912 [KlippyGtk.py:update_layout()] - Font size: 17.8 (medium)
2026-06-11 20:46:08,099 [base_panel.py:battery_percentage()] - Battery information not available.
2026-06-11 20:46:08,332 [screen.py:set_dpms_timeout()] - DPMS on :0 set to: 3600
2026-06-11 20:46:08,333 [screen.py:set_screenblanking_timeout()] - Blanking timeout: 3600
2026-06-11 20:46:08,333 [screen.py:initial_connection()] - Default printer: None
2026-06-11 20:46:08,334 [screen.py:_remove_all_panels()] - Removing all panels
2026-06-11 20:46:08,384 [screen.py:_load_panel()] - Loading panel: splash_screen
2026-06-11 20:46:08,422 [screen.py:attach_panel()] - Current panel hierarchy: splash_screen
2026-06-11 20:46:08,428 [screen.py:set_titlebar_items()] - set_titlebar_items
2026-06-11 20:46:08,432 [screen.py:printer_initializing()] - Initializing KlipperScreen
2026-06-11 20:46:08,477 [screen.py:printer_initializing()] - Connecting to Printer
2026-06-11 20:46:08,489 [screen.py:set_dpms_timeout()] - DPMS on :0 set to: 3600
2026-06-11 20:46:08,489 [screen.py:set_screenblanking_timeout()] - Blanking timeout: 3600
2026-06-11 20:46:12,639 [KlippyWebsocket.py:initial_connect()] - Starting connection
2026-06-11 20:46:12,640 [KlippyWebsocket.py:connect()] - Attempting to connect
2026-06-11 20:46:12,640 [KlippyWebsocket.py:connect()] - Starting websocket thread
2026-06-11 20:46:12,648 [_logging.py:info()] - Websocket connected
2026-06-11 20:46:12,648 [screen.py:websocket_connected()] - ### websocket_connected
2026-06-11 20:46:12,652 [screen.py:printer_initializing()] - Moonraker Connected
2026-06-11 20:46:12,678 [KlippyWebsocket.py:identify_client()] - Sending server.connection.identify
2026-06-11 20:46:12,710 [screen.py:printer_initializing()] - Moonraker: connected
Klipper: disconnected

2026-06-11 20:46:12,711 [printer.py:configure_cameras()] - Cameras: []
2026-06-11 20:46:12,727 [screen.py:_init_klipper_retry()] - Klipper not connected, retry 1/4
2026-06-11 20:46:17,643 [screen.py:printer_initializing()] - Moonraker: connected
Klipper: disconnected

2026-06-11 20:46:17,673 [screen.py:_init_klipper_retry()] - Klipper not connected, retry 2/4
2026-06-11 20:46:22,643 [screen.py:printer_initializing()] - Moonraker: connected
Klipper: disconnected

2026-06-11 20:46:22,675 [screen.py:printer_initializing()] - Initializing Klipper Connection
2026-06-11 20:46:22,800 [printer.py:log_counts()] - Klipper version: v0.13.0-689-g2fb3d54e-dirty
2026-06-11 20:46:22,800 [printer.py:log_counts()] - # Extruders: 1
2026-06-11 20:46:22,800 [printer.py:log_counts()] - # Temperature devices: 1
2026-06-11 20:46:22,800 [printer.py:log_counts()] - # Fans: 2
2026-06-11 20:46:22,800 [printer.py:log_counts()] - # Output pins: 0
2026-06-11 20:46:22,800 [printer.py:log_counts()] - # PWM tools: 0
2026-06-11 20:46:22,800 [printer.py:log_counts()] - # Leds: 0
2026-06-11 20:46:23,056 [printer.py:change_state()] - Changing state from 'disconnected' to 'error'
2026-06-11 20:46:23,056 [printer.py:change_state()] - Adding callback for state: error
2026-06-11 20:46:23,058 [KlippyWebsocket.py:object_subscription()] - Sending printer.objects.subscribe
2026-06-11 20:46:23,059 [files.py:set_gcodes_path()] - Gcodes path: /home/voron/printer_data/gcodes
2026-06-11 20:46:23,059 [screen.py:_finish_init()] - Printer initialized
2026-06-11 20:46:23,074 [screen.py:set_dpms_timeout()] - DPMS on :0 set to: 3600
2026-06-11 20:46:23,075 [screen.py:set_screenblanking_timeout()] - Blanking timeout: 3600
2026-06-11 20:46:23,075 [screen.py:show_panel()] - Panel is already is in view
2026-06-11 20:46:23,079 [screen.py:printer_initializing()] - Klipper has encountered an error.
A FIRMWARE_RESTART may fix the issue.
Can not update MCU 'mcu' config as it is shutdown
Once the underlying issue is corrected, use the
"FIRMWARE_RESTART" command to reset the firmware, reload the
config, and restart the host software.
Error configuring printer

2026-06-11 20:46:23,079 [screen.py:set_server_config()] - Temperature store size: 1200
2026-06-11 20:46:23,080 [screen.py:set_tempstore()] - Moonraker tempstore not yet available
2026-06-11 20:46:23,080 [printer.py:init_temp_store()] - Temp store: ['extruder', 'heater_bed']
2026-06-11 20:49:55,092 [base_panel.py:battery_percentage()] - Battery information not available.
2026-06-11 20:52:29,374 [printer.py:change_state()] - Changing state from 'error' to 'disconnected'
2026-06-11 20:52:29,374 [printer.py:change_state()] - Adding callback for state: disconnected
2026-06-11 20:52:29,395 [screen.py:set_dpms_timeout()] - DPMS on :0 set to: 3600
2026-06-11 20:52:29,395 [screen.py:set_screenblanking_timeout()] - Blanking timeout: 3600
2026-06-11 20:52:29,396 [screen.py:state_disconnected()] - ### Going to disconnected
2026-06-11 20:52:29,396 [screen.py:show_panel()] - Panel is already is in view
2026-06-11 20:52:29,404 [screen.py:printer_initializing()] - Klipper has disconnected
2026-06-11 20:52:34,097 [screen.py:printer_initializing()] - Initializing Klipper Connection
2026-06-11 20:52:34,130 [screen.py:printer_initializing()] - Unable to get printer info from moonraker
2026-06-11 20:52:38,103 [screen.py:printer_initializing()] - Initializing Klipper Connection
2026-06-11 20:52:38,172 [screen.py:printer_initializing()] - Unable to get printer info from moonraker
2026-06-11 20:52:42,103 [screen.py:printer_initializing()] - Initializing Klipper Connection
2026-06-11 20:52:42,162 [screen.py:printer_initializing()] - Unable to get printer info from moonraker
2026-06-11 20:52:46,097 [screen.py:printer_initializing()] - Initializing Klipper Connection
2026-06-11 20:52:46,154 [printer.py:log_counts()] - Klipper version: v0.13.0-689-g2fb3d54e-dirty
2026-06-11 20:52:46,154 [printer.py:log_counts()] - # Extruders: 1
2026-06-11 20:52:46,154 [printer.py:log_counts()] - # Temperature devices: 1
2026-06-11 20:52:46,154 [printer.py:log_counts()] - # Fans: 2
2026-06-11 20:52:46,154 [printer.py:log_counts()] - # Output pins: 0
2026-06-11 20:52:46,154 [printer.py:log_counts()] - # PWM tools: 0
2026-06-11 20:52:46,154 [printer.py:log_counts()] - # Leds: 0
2026-06-11 20:52:46,409 [printer.py:change_state()] - Changing state from 'disconnected' to 'startup'
2026-06-11 20:52:46,410 [printer.py:change_state()] - Adding callback for state: startup
2026-06-11 20:52:46,411 [KlippyWebsocket.py:object_subscription()] - Sending printer.objects.subscribe
2026-06-11 20:52:46,412 [files.py:set_gcodes_path()] - Gcodes path: /home/voron/printer_data/gcodes
2026-06-11 20:52:46,412 [screen.py:_finish_init()] - Printer initialized
2026-06-11 20:52:46,430 [screen.py:set_dpms_timeout()] - DPMS on :0 set to: 3600
2026-06-11 20:52:46,430 [screen.py:set_screenblanking_timeout()] - Blanking timeout: 3600
2026-06-11 20:52:46,434 [screen.py:printer_initializing()] - Klipper is attempting to start
2026-06-11 20:52:46,435 [screen.py:set_server_config()] - Temperature store size: 1200
2026-06-11 20:52:46,436 [screen.py:set_tempstore()] - Moonraker tempstore not yet available
2026-06-11 20:52:46,436 [printer.py:init_temp_store()] - Temp store: ['extruder', 'heater_bed']
2026-06-11 20:52:46,723 [printer.py:change_state()] - Changing state from 'startup' to 'disconnected'
2026-06-11 20:52:46,724 [printer.py:change_state()] - Adding callback for state: disconnected
2026-06-11 20:52:46,744 [screen.py:set_dpms_timeout()] - DPMS on :0 set to: 3600
2026-06-11 20:52:46,745 [screen.py:set_screenblanking_timeout()] - Blanking timeout: 3600
2026-06-11 20:52:46,745 [screen.py:state_disconnected()] - ### Going to disconnected
2026-06-11 20:52:46,746 [screen.py:show_panel()] - Panel is already is in view
2026-06-11 20:52:46,753 [screen.py:printer_initializing()] - Klipper has disconnected
2026-06-11 20:52:51,103 [screen.py:printer_initializing()] - Initializing Klipper Connection
2026-06-11 20:52:51,171 [screen.py:printer_initializing()] - Unable to get printer info from moonraker
2026-06-11 20:52:55,097 [screen.py:printer_initializing()] - Initializing Klipper Connection
2026-06-11 20:52:55,128 [screen.py:printer_initializing()] - Unable to get printer info from moonraker
2026-06-11 20:52:59,097 [screen.py:printer_initializing()] - Initializing Klipper Connection
2026-06-11 20:52:59,153 [printer.py:log_counts()] - Klipper version: v0.13.0-689-g2fb3d54e-dirty
2026-06-11 20:52:59,154 [printer.py:log_counts()] - # Extruders: 1
2026-06-11 20:52:59,154 [printer.py:log_counts()] - # Temperature devices: 1
2026-06-11 20:52:59,154 [printer.py:log_counts()] - # Fans: 2
2026-06-11 20:52:59,154 [printer.py:log_counts()] - # Output pins: 0
2026-06-11 20:52:59,154 [printer.py:log_counts()] - # PWM tools: 0
2026-06-11 20:52:59,154 [printer.py:log_counts()] - # Leds: 0
2026-06-11 20:52:59,408 [printer.py:change_state()] - Changing state from 'disconnected' to 'startup'
2026-06-11 20:52:59,408 [printer.py:change_state()] - Adding callback for state: startup
2026-06-11 20:52:59,410 [KlippyWebsocket.py:object_subscription()] - Sending printer.objects.subscribe
2026-06-11 20:52:59,411 [files.py:set_gcodes_path()] - Gcodes path: /home/voron/printer_data/gcodes
2026-06-11 20:52:59,411 [screen.py:_finish_init()] - Printer initialized
2026-06-11 20:52:59,429 [screen.py:set_dpms_timeout()] - DPMS on :0 set to: 3600
2026-06-11 20:52:59,429 [screen.py:set_screenblanking_timeout()] - Blanking timeout: 3600
2026-06-11 20:52:59,434 [screen.py:printer_initializing()] - Klipper is attempting to start
2026-06-11 20:52:59,435 [screen.py:set_server_config()] - Temperature store size: 1200
2026-06-11 20:52:59,435 [screen.py:set_tempstore()] - Moonraker tempstore not yet available
2026-06-11 20:52:59,435 [printer.py:init_temp_store()] - Temp store: ['extruder', 'heater_bed']
2026-06-11 20:53:00,130 [printer.py:change_state()] - Changing state from 'startup' to 'error'
2026-06-11 20:53:00,130 [printer.py:change_state()] - Adding callback for state: error
2026-06-11 20:53:00,142 [screen.py:set_dpms_timeout()] - DPMS on :0 set to: 3600
2026-06-11 20:53:00,142 [screen.py:set_screenblanking_timeout()] - Blanking timeout: 3600
2026-06-11 20:53:00,142 [screen.py:show_panel()] - Panel is already is in view
2026-06-11 20:53:00,146 [screen.py:printer_initializing()] - Klipper has encountered an error.
A FIRMWARE_RESTART may fix the issue.
Can not update MCU 'mcu' config as it is shutdown
Once the underlying issue is corrected, use the
"FIRMWARE_RESTART" command to reset the firmware, reload the
config, and restart the host software.
Error configuring printer

2026-06-11 20:53:12,613 [printer.py:change_state()] - Changing state from 'error' to 'disconnected'
2026-06-11 20:53:12,613 [printer.py:change_state()] - Adding callback for state: disconnected
2026-06-11 20:53:12,633 [screen.py:set_dpms_timeout()] - DPMS on :0 set to: 3600
2026-06-11 20:53:12,633 [screen.py:set_screenblanking_timeout()] - Blanking timeout: 3600
2026-06-11 20:53:12,633 [screen.py:state_disconnected()] - ### Going to disconnected
2026-06-11 20:53:12,634 [screen.py:show_panel()] - Panel is already is in view
2026-06-11 20:53:12,640 [screen.py:printer_initializing()] - Klipper has disconnected
2026-06-11 20:53:17,097 [screen.py:printer_initializing()] - Initializing Klipper Connection
2026-06-11 20:53:17,130 [screen.py:printer_initializing()] - Unable to get printer info from moonraker
2026-06-11 20:53:21,103 [screen.py:printer_initializing()] - Initializing Klipper Connection
2026-06-11 20:53:21,171 [screen.py:printer_initializing()] - Unable to get printer info from moonraker
2026-06-11 20:53:25,097 [screen.py:printer_initializing()] - Initializing Klipper Connection
2026-06-11 20:53:25,129 [screen.py:printer_initializing()] - Unable to get printer info from moonraker
2026-06-11 20:53:29,097 [screen.py:printer_initializing()] - Initializing Klipper Connection
2026-06-11 20:53:29,155 [printer.py:log_counts()] - Klipper version: v0.13.0-689-g2fb3d54e-dirty
2026-06-11 20:53:29,155 [printer.py:log_counts()] - # Extruders: 1
2026-06-11 20:53:29,155 [printer.py:log_counts()] - # Temperature devices: 1
2026-06-11 20:53:29,156 [printer.py:log_counts()] - # Fans: 2
2026-06-11 20:53:29,156 [printer.py:log_counts()] - # Output pins: 0
2026-06-11 20:53:29,156 [printer.py:log_counts()] - # PWM tools: 0
2026-06-11 20:53:29,156 [printer.py:log_counts()] - # Leds: 0
2026-06-11 20:53:29,410 [printer.py:change_state()] - Changing state from 'disconnected' to 'startup'
2026-06-11 20:53:29,410 [printer.py:change_state()] - Adding callback for state: startup
2026-06-11 20:53:29,411 [KlippyWebsocket.py:object_subscription()] - Sending printer.objects.subscribe
2026-06-11 20:53:29,412 [files.py:set_gcodes_path()] - Gcodes path: /home/voron/printer_data/gcodes
2026-06-11 20:53:29,412 [screen.py:_finish_init()] - Printer initialized
2026-06-11 20:53:29,428 [screen.py:set_dpms_timeout()] - DPMS on :0 set to: 3600
2026-06-11 20:53:29,428 [screen.py:set_screenblanking_timeout()] - Blanking timeout: 3600
2026-06-11 20:53:29,432 [screen.py:printer_initializing()] - Klipper is attempting to start
2026-06-11 20:53:29,432 [screen.py:set_server_config()] - Temperature store size: 1200
2026-06-11 20:53:29,433 [screen.py:set_tempstore()] - Moonraker tempstore not yet available
2026-06-11 20:53:29,433 [printer.py:init_temp_store()] - Temp store: ['extruder', 'heater_bed']
2026-06-11 20:53:50,657 [printer.py:change_state()] - Changing state from 'startup' to 'disconnected'
2026-06-11 20:53:50,657 [printer.py:change_state()] - Adding callback for state: disconnected
2026-06-11 20:53:50,678 [screen.py:set_dpms_timeout()] - DPMS on :0 set to: 3600
2026-06-11 20:53:50,678 [screen.py:set_screenblanking_timeout()] - Blanking timeout: 3600
2026-06-11 20:53:50,678 [screen.py:state_disconnected()] - ### Going to disconnected
2026-06-11 20:53:50,679 [screen.py:show_panel()] - Panel is already is in view
2026-06-11 20:53:50,687 [screen.py:printer_initializing()] - Klipper has disconnected
2026-06-11 20:53:55,097 [screen.py:printer_initializing()] - Initializing Klipper Connection
2026-06-11 20:53:55,129 [screen.py:printer_initializing()] - Unable to get printer info from moonraker
2026-06-11 20:53:59,103 [screen.py:printer_initializing()] - Initializing Klipper Connection
2026-06-11 20:53:59,170 [screen.py:printer_initializing()] - Unable to get printer info from moonraker
2026-06-11 20:54:03,097 [screen.py:printer_initializing()] - Initializing Klipper Connection
2026-06-11 20:54:03,129 [screen.py:printer_initializing()] - Unable to get printer info from moonraker
2026-06-11 20:54:07,097 [screen.py:printer_initializing()] - Initializing Klipper Connection
2026-06-11 20:54:07,154 [printer.py:log_counts()] - Klipper version: v0.13.0-689-g2fb3d54e-dirty
2026-06-11 20:54:07,154 [printer.py:log_counts()] - # Extruders: 1
2026-06-11 20:54:07,154 [printer.py:log_counts()] - # Temperature devices: 1
2026-06-11 20:54:07,154 [printer.py:log_counts()] - # Fans: 2
2026-06-11 20:54:07,154 [printer.py:log_counts()] - # Output pins: 0
2026-06-11 20:54:07,154 [printer.py:log_counts()] - # PWM tools: 0
2026-06-11 20:54:07,154 [printer.py:log_counts()] - # Leds: 0
2026-06-11 20:54:07,408 [printer.py:change_state()] - Changing state from 'disconnected' to 'startup'
2026-06-11 20:54:07,409 [printer.py:change_state()] - Adding callback for state: startup
2026-06-11 20:54:07,410 [KlippyWebsocket.py:object_subscription()] - Sending printer.objects.subscribe
2026-06-11 20:54:07,411 [files.py:set_gcodes_path()] - Gcodes path: /home/voron/printer_data/gcodes
2026-06-11 20:54:07,411 [screen.py:_finish_init()] - Printer initialized
2026-06-11 20:54:07,426 [screen.py:set_dpms_timeout()] - DPMS on :0 set to: 3600
2026-06-11 20:54:07,427 [screen.py:set_screenblanking_timeout()] - Blanking timeout: 3600
2026-06-11 20:54:07,431 [screen.py:printer_initializing()] - Klipper is attempting to start
2026-06-11 20:54:07,431 [screen.py:set_server_config()] - Temperature store size: 1200
2026-06-11 20:54:07,431 [screen.py:set_tempstore()] - Moonraker tempstore not yet available
2026-06-11 20:54:07,432 [printer.py:init_temp_store()] - Temp store: ['extruder', 'heater_bed']
2026-06-11 20:54:20,276 [printer.py:change_state()] - Changing state from 'startup' to 'disconnected'
2026-06-11 20:54:20,276 [printer.py:change_state()] - Adding callback for state: disconnected
2026-06-11 20:54:20,300 [screen.py:set_dpms_timeout()] - DPMS on :0 set to: 3600
2026-06-11 20:54:20,300 [screen.py:set_screenblanking_timeout()] - Blanking timeout: 3600
2026-06-11 20:54:20,300 [screen.py:state_disconnected()] - ### Going to disconnected
2026-06-11 20:54:20,300 [screen.py:show_panel()] - Panel is already is in view
2026-06-11 20:54:20,306 [screen.py:printer_initializing()] - Klipper has disconnected
2026-06-11 20:54:24,097 [screen.py:printer_initializing()] - Initializing Klipper Connection
2026-06-11 20:54:24,129 [screen.py:printer_initializing()] - Unable to get printer info from moonraker
2026-06-11 20:54:28,103 [screen.py:printer_initializing()] - Initializing Klipper Connection
2026-06-11 20:54:28,171 [screen.py:printer_initializing()] - Unable to get printer info from moonraker
2026-06-11 20:54:32,097 [screen.py:printer_initializing()] - Initializing Klipper Connection
2026-06-11 20:54:32,129 [screen.py:printer_initializing()] - Unable to get printer info from moonraker
2026-06-11 20:54:36,097 [screen.py:printer_initializing()] - Initializing Klipper Connection
2026-06-11 20:54:36,153 [printer.py:log_counts()] - Klipper version: v0.13.0-689-g2fb3d54e-dirty
2026-06-11 20:54:36,154 [printer.py:log_counts()] - # Extruders: 1
2026-06-11 20:54:36,154 [printer.py:log_counts()] - # Temperature devices: 1
2026-06-11 20:54:36,154 [printer.py:log_counts()] - # Fans: 2
2026-06-11 20:54:36,154 [printer.py:log_counts()] - # Output pins: 0
2026-06-11 20:54:36,154 [printer.py:log_counts()] - # PWM tools: 0
2026-06-11 20:54:36,154 [printer.py:log_counts()] - # Leds: 0
2026-06-11 20:54:36,409 [printer.py:change_state()] - Changing state from 'disconnected' to 'startup'
2026-06-11 20:54:36,409 [printer.py:change_state()] - Adding callback for state: startup
2026-06-11 20:54:36,410 [KlippyWebsocket.py:object_subscription()] - Sending printer.objects.subscribe
2026-06-11 20:54:36,412 [files.py:set_gcodes_path()] - Gcodes path: /home/voron/printer_data/gcodes
2026-06-11 20:54:36,412 [screen.py:_finish_init()] - Printer initialized
2026-06-11 20:54:36,430 [screen.py:set_dpms_timeout()] - DPMS on :0 set to: 3600
2026-06-11 20:54:36,430 [screen.py:set_screenblanking_timeout()] - Blanking timeout: 3600
2026-06-11 20:54:36,435 [screen.py:printer_initializing()] - Klipper is attempting to start
2026-06-11 20:54:36,436 [screen.py:set_server_config()] - Temperature store size: 1200
2026-06-11 20:54:36,436 [screen.py:set_tempstore()] - Moonraker tempstore not yet available
2026-06-11 20:54:36,436 [printer.py:init_temp_store()] - Temp store: ['extruder', 'heater_bed']
2026-06-11 20:54:37,131 [printer.py:change_state()] - Changing state from 'startup' to 'error'
2026-06-11 20:54:37,131 [printer.py:change_state()] - Adding callback for state: error
2026-06-11 20:54:37,142 [screen.py:set_dpms_timeout()] - DPMS on :0 set to: 3600
2026-06-11 20:54:37,142 [screen.py:set_screenblanking_timeout()] - Blanking timeout: 3600
2026-06-11 20:54:37,143 [screen.py:show_panel()] - Panel is already is in view
2026-06-11 20:54:37,147 [screen.py:printer_initializing()] - Klipper has encountered an error.
A FIRMWARE_RESTART may fix the issue.
Can not update MCU 'mcu' config as it is shutdown
Once the underlying issue is corrected, use the
"FIRMWARE_RESTART" command to reset the firmware, reload the
config, and restart the host software.
Error configuring printer

2026-06-11 20:56:27,730 [printer.py:change_state()] - Changing state from 'error' to 'disconnected'
2026-06-11 20:56:27,730 [printer.py:change_state()] - Adding callback for state: disconnected
2026-06-11 20:56:27,749 [screen.py:set_dpms_timeout()] - DPMS on :0 set to: 3600
2026-06-11 20:56:27,749 [screen.py:set_screenblanking_timeout()] - Blanking timeout: 3600
2026-06-11 20:56:27,749 [screen.py:state_disconnected()] - ### Going to disconnected
2026-06-11 20:56:27,750 [screen.py:show_panel()] - Panel is already is in view
2026-06-11 20:56:27,756 [screen.py:printer_initializing()] - Klipper has disconnected
2026-06-11 20:56:31,494 [printer.py:change_state()] - Changing state from 'disconnected' to 'shutdown'
2026-06-11 20:56:31,494 [printer.py:change_state()] - Adding callback for state: shutdown
2026-06-11 20:56:31,506 [screen.py:set_dpms_timeout()] - DPMS on :0 set to: 3600
2026-06-11 20:56:31,506 [screen.py:set_screenblanking_timeout()] - Blanking timeout: 3600
2026-06-11 20:56:31,506 [screen.py:show_panel()] - Panel is already is in view
2026-06-11 20:56:31,510 [screen.py:printer_initializing()] - Klipper has shutdown
Can not update MCU 'mcu' config as it is shutdown
Once the underlying issue is corrected, use the
"FIRMWARE_RESTART" command to reset the firmware, reload the
config, and restart the host software.
Error configuring printer

2026-06-11 20:56:31,590 [printer.py:change_state()] - Changing state from 'shutdown' to 'disconnected'
2026-06-11 20:56:31,590 [printer.py:change_state()] - Adding callback for state: disconnected
2026-06-11 20:56:31,610 [screen.py:set_dpms_timeout()] - DPMS on :0 set to: 3600
2026-06-11 20:56:31,611 [screen.py:set_screenblanking_timeout()] - Blanking timeout: 3600
2026-06-11 20:56:31,611 [screen.py:state_disconnected()] - ### Going to disconnected
2026-06-11 20:56:31,611 [screen.py:show_panel()] - Panel is already is in view
2026-06-11 20:56:31,618 [screen.py:printer_initializing()] - Klipper has disconnected
2026-06-11 20:56:32,097 [screen.py:printer_initializing()] - Initializing Klipper Connection
2026-06-11 20:56:32,127 [screen.py:printer_initializing()] - Unable to get printer info from moonraker
2026-06-11 20:56:36,103 [screen.py:printer_initializing()] - Initializing Klipper Connection
2026-06-11 20:56:36,113 [screen.py:printer_initializing()] - Initializing Klipper Connection
2026-06-11 20:56:36,124 [screen.py:printer_initializing()] - Unable to get printer info from moonraker
2026-06-11 20:56:36,133 [screen.py:printer_initializing()] - Unable to get printer info from moonraker
2026-06-11 20:56:40,103 [screen.py:printer_initializing()] - Initializing Klipper Connection
2026-06-11 20:56:40,114 [screen.py:printer_initializing()] - Initializing Klipper Connection
2026-06-11 20:56:40,124 [screen.py:printer_initializing()] - Unable to get printer info from moonraker
2026-06-11 20:56:40,136 [screen.py:printer_initializing()] - Unable to get printer info from moonraker
2026-06-11 20:56:40,137 [screen.py:_init_printer()] - Stopping Retries
2026-06-11 20:56:44,098 [screen.py:printer_initializing()] - Initializing Klipper Connection
2026-06-11 20:56:44,157 [printer.py:log_counts()] - Klipper version: v0.13.0-689-g2fb3d54e-dirty
2026-06-11 20:56:44,157 [printer.py:log_counts()] - # Extruders: 1
2026-06-11 20:56:44,157 [printer.py:log_counts()] - # Temperature devices: 1
2026-06-11 20:56:44,157 [printer.py:log_counts()] - # Fans: 2
2026-06-11 20:56:44,157 [printer.py:log_counts()] - # Output pins: 0
2026-06-11 20:56:44,157 [printer.py:log_counts()] - # PWM tools: 0
2026-06-11 20:56:44,157 [printer.py:log_counts()] - # Leds: 0
2026-06-11 20:56:44,411 [printer.py:change_state()] - Changing state from 'disconnected' to 'startup'
2026-06-11 20:56:44,411 [printer.py:change_state()] - Adding callback for state: startup
2026-06-11 20:56:44,413 [KlippyWebsocket.py:object_subscription()] - Sending printer.objects.subscribe
2026-06-11 20:56:44,414 [files.py:set_gcodes_path()] - Gcodes path: /home/voron/printer_data/gcodes
2026-06-11 20:56:44,414 [screen.py:_finish_init()] - Printer initialized
2026-06-11 20:56:44,431 [screen.py:set_dpms_timeout()] - DPMS on :0 set to: 3600
2026-06-11 20:56:44,431 [screen.py:set_screenblanking_timeout()] - Blanking timeout: 3600
2026-06-11 20:56:44,436 [screen.py:printer_initializing()] - Klipper is attempting to start
2026-06-11 20:56:44,437 [screen.py:set_server_config()] - Temperature store size: 1200
2026-06-11 20:56:44,437 [screen.py:set_tempstore()] - Moonraker tempstore not yet available
2026-06-11 20:56:44,438 [printer.py:init_temp_store()] - Temp store: ['extruder', 'heater_bed']
2026-06-11 20:56:45,133 [printer.py:change_state()] - Changing state from 'startup' to 'error'
2026-06-11 20:56:45,133 [printer.py:change_state()] - Adding callback for state: error
2026-06-11 20:56:45,144 [screen.py:set_dpms_timeout()] - DPMS on :0 set to: 3600
2026-06-11 20:56:45,144 [screen.py:set_screenblanking_timeout()] - Blanking timeout: 3600
2026-06-11 20:56:45,145 [screen.py:show_panel()] - Panel is already is in view
2026-06-11 20:56:45,149 [screen.py:printer_initializing()] - Klipper has encountered an error.
A FIRMWARE_RESTART may fix the issue.
Can not update MCU 'mcu' config as it is shutdown
Once the underlying issue is corrected, use the
"FIRMWARE_RESTART" command to reset the firmware, reload the
config, and restart the host software.
Error configuring printer

2026-06-11 20:59:24,935 [printer.py:change_state()] - Changing state from 'error' to 'disconnected'
2026-06-11 20:59:24,936 [printer.py:change_state()] - Adding callback for state: disconnected
2026-06-11 20:59:24,954 [screen.py:set_dpms_timeout()] - DPMS on :0 set to: 3600
2026-06-11 20:59:24,954 [screen.py:set_screenblanking_timeout()] - Blanking timeout: 3600
2026-06-11 20:59:24,954 [screen.py:state_disconnected()] - ### Going to disconnected
2026-06-11 20:59:24,955 [screen.py:show_panel()] - Panel is already is in view
2026-06-11 20:59:24,962 [screen.py:printer_initializing()] - Klipper has disconnected
2026-06-11 20:59:29,097 [screen.py:printer_initializing()] - Initializing Klipper Connection
2026-06-11 20:59:29,131 [screen.py:printer_initializing()] - Unable to get printer info from moonraker
2026-06-11 20:59:33,103 [screen.py:printer_initializing()] - Initializing Klipper Connection
2026-06-11 20:59:33,169 [screen.py:printer_initializing()] - Unable to get printer info from moonraker
2026-06-11 20:59:37,103 [screen.py:printer_initializing()] - Initializing Klipper Connection
2026-06-11 20:59:37,162 [screen.py:printer_initializing()] - Unable to get printer info from moonraker
2026-06-11 20:59:41,097 [screen.py:printer_initializing()] - Initializing Klipper Connection
2026-06-11 20:59:41,156 [printer.py:log_counts()] - Klipper version: v0.13.0-689-g2fb3d54e-dirty
2026-06-11 20:59:41,156 [printer.py:log_counts()] - # Extruders: 1
2026-06-11 20:59:41,156 [printer.py:log_counts()] - # Temperature devices: 1
2026-06-11 20:59:41,156 [printer.py:log_counts()] - # Fans: 2
2026-06-11 20:59:41,156 [printer.py:log_counts()] - # Output pins: 0
2026-06-11 20:59:41,156 [printer.py:log_counts()] - # PWM tools: 0
2026-06-11 20:59:41,156 [printer.py:log_counts()] - # Leds: 0
2026-06-11 20:59:41,410 [printer.py:change_state()] - Changing state from 'disconnected' to 'startup'
2026-06-11 20:59:41,410 [printer.py:change_state()] - Adding callback for state: startup
2026-06-11 20:59:41,412 [KlippyWebsocket.py:object_subscription()] - Sending printer.objects.subscribe
2026-06-11 20:59:41,413 [files.py:set_gcodes_path()] - Gcodes path: /home/voron/printer_data/gcodes
2026-06-11 20:59:41,413 [screen.py:_finish_init()] - Printer initialized
2026-06-11 20:59:41,428 [screen.py:set_dpms_timeout()] - DPMS on :0 set to: 3600
2026-06-11 20:59:41,429 [screen.py:set_screenblanking_timeout()] - Blanking timeout: 3600
2026-06-11 20:59:41,432 [screen.py:printer_initializing()] - Klipper is attempting to start
2026-06-11 20:59:41,433 [screen.py:set_server_config()] - Temperature store size: 1200
2026-06-11 20:59:41,433 [screen.py:set_tempstore()] - Moonraker tempstore not yet available
2026-06-11 20:59:41,433 [printer.py:init_temp_store()] - Temp store: ['extruder', 'heater_bed']
2026-06-11 20:59:41,882 [printer.py:change_state()] - Changing state from 'startup' to 'error'
2026-06-11 20:59:41,882 [printer.py:change_state()] - Adding callback for state: error
2026-06-11 20:59:41,894 [screen.py:set_dpms_timeout()] - DPMS on :0 set to: 3600
2026-06-11 20:59:41,894 [screen.py:set_screenblanking_timeout()] - Blanking timeout: 3600
2026-06-11 20:59:41,894 [screen.py:show_panel()] - Panel is already is in view
2026-06-11 20:59:41,898 [screen.py:printer_initializing()] - Klipper has encountered an error.
A FIRMWARE_RESTART may fix the issue.
Can not update MCU 'mcu' config as it is shutdown
Once the underlying issue is corrected, use the
"FIRMWARE_RESTART" command to reset the firmware, reload the
config, and restart the host software.
Error configuring printer

2026-06-11 21:00:21,449 [printer.py:change_state()] - Changing state from 'error' to 'disconnected'
2026-06-11 21:00:21,450 [printer.py:change_state()] - Adding callback for state: disconnected
2026-06-11 21:00:21,467 [screen.py:set_dpms_timeout()] - DPMS on :0 set to: 3600
2026-06-11 21:00:21,467 [screen.py:set_screenblanking_timeout()] - Blanking timeout: 3600
2026-06-11 21:00:21,468 [screen.py:state_disconnected()] - ### Going to disconnected
2026-06-11 21:00:21,468 [screen.py:show_panel()] - Panel is already is in view
2026-06-11 21:00:21,474 [screen.py:printer_initializing()] - Klipper has disconnected
2026-06-11 21:00:26,097 [screen.py:printer_initializing()] - Initializing Klipper Connection
2026-06-11 21:00:26,130 [screen.py:printer_initializing()] - Unable to get printer info from moonraker
2026-06-11 21:00:30,103 [screen.py:printer_initializing()] - Initializing Klipper Connection
2026-06-11 21:00:30,169 [screen.py:printer_initializing()] - Unable to get printer info from moonraker
2026-06-11 21:00:34,103 [screen.py:printer_initializing()] - Initializing Klipper Connection
2026-06-11 21:00:34,159 [screen.py:printer_initializing()] - Unable to get printer info from moonraker
2026-06-11 21:00:38,097 [screen.py:printer_initializing()] - Initializing Klipper Connection
2026-06-11 21:00:38,153 [printer.py:log_counts()] - Klipper version: v0.13.0-689-g2fb3d54e-dirty
2026-06-11 21:00:38,154 [printer.py:log_counts()] - # Extruders: 1
2026-06-11 21:00:38,154 [printer.py:log_counts()] - # Temperature devices: 1
2026-06-11 21:00:38,154 [printer.py:log_counts()] - # Fans: 2
2026-06-11 21:00:38,154 [printer.py:log_counts()] - # Output pins: 0
2026-06-11 21:00:38,154 [printer.py:log_counts()] - # PWM tools: 0
2026-06-11 21:00:38,154 [printer.py:log_counts()] - # Leds: 0
2026-06-11 21:00:38,409 [printer.py:change_state()] - Changing state from 'disconnected' to 'error'
2026-06-11 21:00:38,409 [printer.py:change_state()] - Adding callback for state: error
2026-06-11 21:00:38,410 [KlippyWebsocket.py:object_subscription()] - Sending printer.objects.subscribe
2026-06-11 21:00:38,411 [files.py:set_gcodes_path()] - Gcodes path: /home/voron/printer_data/gcodes
2026-06-11 21:00:38,411 [screen.py:_finish_init()] - Printer initialized
2026-06-11 21:00:38,427 [screen.py:set_dpms_timeout()] - DPMS on :0 set to: 3600
2026-06-11 21:00:38,427 [screen.py:set_screenblanking_timeout()] - Blanking timeout: 3600
2026-06-11 21:00:38,427 [screen.py:show_panel()] - Panel is already is in view
2026-06-11 21:00:38,431 [screen.py:printer_initializing()] - Klipper has encountered an error.
A FIRMWARE_RESTART may fix the issue.
Can not update MCU 'mcu' config as it is shutdown
Once the underlying issue is corrected, use the
"FIRMWARE_RESTART" command to reset the firmware, reload the
config, and restart the host software.
Error configuring printer

2026-06-11 21:00:38,432 [screen.py:set_server_config()] - Temperature store size: 1200
2026-06-11 21:00:38,432 [screen.py:set_tempstore()] - Moonraker tempstore not yet available
2026-06-11 21:00:38,433 [printer.py:init_temp_store()] - Temp store: ['extruder', 'heater_bed']
2026-06-11 21:00:48,488 [printer.py:change_state()] - Changing state from 'error' to 'disconnected'
2026-06-11 21:00:48,489 [printer.py:change_state()] - Adding callback for state: disconnected
2026-06-11 21:00:48,509 [screen.py:set_dpms_timeout()] - DPMS on :0 set to: 3600
2026-06-11 21:00:48,510 [screen.py:set_screenblanking_timeout()] - Blanking timeout: 3600
2026-06-11 21:00:48,510 [screen.py:state_disconnected()] - ### Going to disconnected
2026-06-11 21:00:48,510 [screen.py:show_panel()] - Panel is already is in view
2026-06-11 21:00:48,519 [screen.py:printer_initializing()] - Klipper has disconnected
2026-06-11 21:00:53,097 [screen.py:printer_initializing()] - Initializing Klipper Connection
2026-06-11 21:00:53,130 [screen.py:printer_initializing()] - Unable to get printer info from moonraker
2026-06-11 21:00:57,103 [screen.py:printer_initializing()] - Initializing Klipper Connection
2026-06-11 21:00:57,162 [screen.py:printer_initializing()] - Unable to get printer info from moonraker
2026-06-11 21:01:01,097 [screen.py:printer_initializing()] - Initializing Klipper Connection
2026-06-11 21:01:01,126 [screen.py:printer_initializing()] - Unable to get printer info from moonraker
2026-06-11 21:01:05,097 [screen.py:printer_initializing()] - Initializing Klipper Connection
2026-06-11 21:01:05,154 [printer.py:log_counts()] - Klipper version: v0.13.0-689-g2fb3d54e-dirty
2026-06-11 21:01:05,154 [printer.py:log_counts()] - # Extruders: 1
2026-06-11 21:01:05,154 [printer.py:log_counts()] - # Temperature devices: 1
2026-06-11 21:01:05,154 [printer.py:log_counts()] - # Fans: 2
2026-06-11 21:01:05,154 [printer.py:log_counts()] - # Output pins: 0
2026-06-11 21:01:05,154 [printer.py:log_counts()] - # PWM tools: 0
2026-06-11 21:01:05,154 [printer.py:log_counts()] - # Leds: 0
2026-06-11 21:01:05,410 [printer.py:change_state()] - Changing state from 'disconnected' to 'startup'
2026-06-11 21:01:05,410 [printer.py:change_state()] - Adding callback for state: startup
2026-06-11 21:01:05,411 [KlippyWebsocket.py:object_subscription()] - Sending printer.objects.subscribe
2026-06-11 21:01:05,412 [files.py:set_gcodes_path()] - Gcodes path: /home/voron/printer_data/gcodes
2026-06-11 21:01:05,412 [screen.py:_finish_init()] - Printer initialized
2026-06-11 21:01:05,429 [screen.py:set_dpms_timeout()] - DPMS on :0 set to: 3600
2026-06-11 21:01:05,429 [screen.py:set_screenblanking_timeout()] - Blanking timeout: 3600
2026-06-11 21:01:05,434 [screen.py:printer_initializing()] - Klipper is attempting to start
2026-06-11 21:01:05,435 [screen.py:set_server_config()] - Temperature store size: 1200
2026-06-11 21:01:05,435 [screen.py:set_tempstore()] - Moonraker tempstore not yet available
2026-06-11 21:01:05,436 [printer.py:init_temp_store()] - Temp store: ['extruder', 'heater_bed']
2026-06-11 21:01:05,954 [printer.py:change_state()] - Changing state from 'startup' to 'shutdown'
2026-06-11 21:01:05,954 [printer.py:change_state()] - Adding callback for state: shutdown
2026-06-11 21:01:05,966 [screen.py:set_dpms_timeout()] - DPMS on :0 set to: 3600
2026-06-11 21:01:05,966 [screen.py:set_screenblanking_timeout()] - Blanking timeout: 3600
2026-06-11 21:01:05,966 [screen.py:show_panel()] - Panel is already is in view
2026-06-11 21:01:05,970 [screen.py:printer_initializing()] - Klipper has shutdown
Unhandled exception during run
Once the underlying issue is corrected, use the
"FIRMWARE_RESTART" command to reset the firmware, reload the
config, and restart the host software.
Printer is shutdown

2026-06-11 21:01:06,059 [printer.py:change_state()] - Changing state from 'shutdown' to 'disconnected'
2026-06-11 21:01:06,059 [printer.py:change_state()] - Adding callback for state: disconnected
2026-06-11 21:01:06,079 [screen.py:set_dpms_timeout()] - DPMS on :0 set to: 3600
2026-06-11 21:01:06,080 [screen.py:set_screenblanking_timeout()] - Blanking timeout: 3600
2026-06-11 21:01:06,080 [screen.py:state_disconnected()] - ### Going to disconnected
2026-06-11 21:01:06,080 [screen.py:show_panel()] - Panel is already is in view
2026-06-11 21:01:06,087 [screen.py:printer_initializing()] - Klipper has disconnected
2026-06-11 21:01:10,103 [screen.py:printer_initializing()] - Initializing Klipper Connection
2026-06-11 21:01:10,172 [screen.py:printer_initializing()] - Unable to get printer info from moonraker
2026-06-11 21:01:14,103 [screen.py:printer_initializing()] - Initializing Klipper Connection
2026-06-11 21:01:14,165 [screen.py:printer_initializing()] - Unable to get printer info from moonraker
2026-06-11 21:01:18,098 [screen.py:printer_initializing()] - Initializing Klipper Connection
2026-06-11 21:01:18,366 [printer.py:log_counts()] - Klipper version: v0.13.0-689-g2fb3d54e-dirty
2026-06-11 21:01:18,366 [printer.py:log_counts()] - # Extruders: 1
2026-06-11 21:01:18,366 [printer.py:log_counts()] - # Temperature devices: 1
2026-06-11 21:01:18,366 [printer.py:log_counts()] - # Fans: 2
2026-06-11 21:01:18,366 [printer.py:log_counts()] - # Output pins: 0
2026-06-11 21:01:18,366 [printer.py:log_counts()] - # PWM tools: 0
2026-06-11 21:01:18,367 [printer.py:log_counts()] - # Leds: 0
2026-06-11 21:01:18,620 [printer.py:change_state()] - Changing state from 'disconnected' to 'error'
2026-06-11 21:01:18,621 [printer.py:change_state()] - Adding callback for state: error
2026-06-11 21:01:18,622 [KlippyWebsocket.py:object_subscription()] - Sending printer.objects.subscribe
2026-06-11 21:01:18,623 [files.py:set_gcodes_path()] - Gcodes path: /home/voron/printer_data/gcodes
2026-06-11 21:01:18,623 [screen.py:_finish_init()] - Printer initialized
2026-06-11 21:01:18,638 [screen.py:set_dpms_timeout()] - DPMS on :0 set to: 3600
2026-06-11 21:01:18,638 [screen.py:set_screenblanking_timeout()] - Blanking timeout: 3600
2026-06-11 21:01:18,638 [screen.py:show_panel()] - Panel is already is in view
2026-06-11 21:01:18,642 [screen.py:printer_initializing()] - Klipper has encountered an error.
Option 'control' is not valid in section 'adxl345'
Once the underlying issue is corrected, use the "RESTART"
command to reload the config and restart the host software.
Printer is halted

2026-06-11 21:01:18,643 [screen.py:set_server_config()] - Temperature store size: 1200
2026-06-11 21:01:18,643 [screen.py:set_tempstore()] - Moonraker tempstore not yet available
2026-06-11 21:01:18,644 [printer.py:init_temp_store()] - Temp store: ['extruder', 'heater_bed']
2026-06-11 21:01:43,385 [printer.py:change_state()] - Changing state from 'error' to 'disconnected'
2026-06-11 21:01:43,386 [printer.py:change_state()] - Adding callback for state: disconnected
2026-06-11 21:01:43,404 [screen.py:set_dpms_timeout()] - DPMS on :0 set to: 3600
2026-06-11 21:01:43,404 [screen.py:set_screenblanking_timeout()] - Blanking timeout: 3600
2026-06-11 21:01:43,405 [screen.py:state_disconnected()] - ### Going to disconnected
2026-06-11 21:01:43,405 [screen.py:show_panel()] - Panel is already is in view
2026-06-11 21:01:43,412 [screen.py:printer_initializing()] - Klipper has disconnected
2026-06-11 21:01:48,097 [screen.py:printer_initializing()] - Initializing Klipper Connection
2026-06-11 21:01:48,202 [printer.py:log_counts()] - Klipper version: v0.13.0-689-g2fb3d54e-dirty
2026-06-11 21:01:48,202 [printer.py:log_counts()] - # Extruders: 1
2026-06-11 21:01:48,202 [printer.py:log_counts()] - # Temperature devices: 1
2026-06-11 21:01:48,202 [printer.py:log_counts()] - # Fans: 2
2026-06-11 21:01:48,202 [printer.py:log_counts()] - # Output pins: 0
2026-06-11 21:01:48,202 [printer.py:log_counts()] - # PWM tools: 0
2026-06-11 21:01:48,202 [printer.py:log_counts()] - # Leds: 0
2026-06-11 21:01:48,458 [printer.py:change_state()] - Changing state from 'disconnected' to 'error'
2026-06-11 21:01:48,459 [printer.py:change_state()] - Adding callback for state: error
2026-06-11 21:01:48,460 [KlippyWebsocket.py:object_subscription()] - Sending printer.objects.subscribe
2026-06-11 21:01:48,461 [files.py:set_gcodes_path()] - Gcodes path: /home/voron/printer_data/gcodes
2026-06-11 21:01:48,461 [screen.py:_finish_init()] - Printer initialized
2026-06-11 21:01:48,476 [screen.py:set_dpms_timeout()] - DPMS on :0 set to: 3600
2026-06-11 21:01:48,477 [screen.py:set_screenblanking_timeout()] - Blanking timeout: 3600
2026-06-11 21:01:48,477 [screen.py:show_panel()] - Panel is already is in view
2026-06-11 21:01:48,481 [screen.py:printer_initializing()] - Klipper has encountered an error.
A FIRMWARE_RESTART may fix the issue.
Can not update MCU 'mcu' config as it is shutdown
Once the underlying issue is corrected, use the
"FIRMWARE_RESTART" command to reset the firmware, reload the
config, and restart the host software.
Error configuring printer

2026-06-11 21:01:48,481 [screen.py:set_server_config()] - Temperature store size: 1200
2026-06-11 21:01:48,482 [screen.py:set_tempstore()] - Moonraker tempstore not yet available
2026-06-11 21:01:48,482 [printer.py:init_temp_store()] - Temp store: ['extruder', 'heater_bed']
2026-09-10 14:09:36,670 [functions.py:log_start()] - --------------------KlipperScreen Log Start--------------------
2026-09-10 14:09:36,671 [functions.py:log_start()] - KlipperScreen Version: v0.4.7-53-g60ab1c6
2026-09-10 14:09:36,671 [functions.py:log_start()] - Python version: 3.13
2026-09-10 14:09:36,795 [config.py:get_config_file_location()] - Passed config (-c): .
2026-09-10 14:09:36,795 [config.py:__init__()] - Config path location: /home/voron/printer_data/config/KlipperScreen.conf
2026-09-10 14:09:36,853 [config.py:log_config()] - ===== Config File =====

=======================
2026-09-10 14:09:36,854 [config.py:__init__()] - 
====== Saved ======




2026-09-10 14:09:36,855 [config.py:__init__()] - Configured printers: [
  {
    "Printer": {
      "moonraker_host": "127.0.0.1",
      "moonraker_port": "7125",
      "moonraker_path": "",
      "moonraker_ssl": null,
      "moonraker_api_key": ""
    }
  }
]
2026-09-10 14:09:36,979 [config.py:create_translations()] - Selected lang: system_lang OS lang: en_GB
2026-09-10 14:09:36,979 [config.py:install_language()] - Using lang en
2026-09-10 14:09:36,996 [screen.py:__init__()] - Display for xset: :0
2026-09-10 14:09:36,999 [screen.py:__init__()] - Screen 0: 800x480
2026-09-10 14:09:36,999 [screen.py:__init__()] - Monitors: 1 using number: 0
2026-09-10 14:09:37,000 [screen.py:__init__()] - Wayland: False Display name: :0
2026-09-10 14:09:37,003 [screen.py:__init__()] - Screen resolution: 800x480
2026-09-10 14:09:37,183 [KlippyGtk.py:update_layout()] - Font size: 17.8 (medium)
2026-09-10 14:09:37,398 [base_panel.py:battery_percentage()] - Battery information not available.
2026-09-10 14:09:37,587 [screen.py:set_dpms_timeout()] - DPMS on :0 set to: 3600
2026-09-10 14:09:37,588 [screen.py:set_screenblanking_timeout()] - Blanking timeout: 3600
2026-09-10 14:09:37,588 [screen.py:initial_connection()] - Default printer: None
2026-09-10 14:09:37,589 [screen.py:_remove_all_panels()] - Removing all panels
2026-09-10 14:09:37,637 [screen.py:_load_panel()] - Loading panel: splash_screen
2026-09-10 14:09:37,681 [screen.py:attach_panel()] - Current panel hierarchy: splash_screen
2026-09-10 14:09:37,687 [screen.py:set_titlebar_items()] - set_titlebar_items
2026-09-10 14:09:37,692 [screen.py:printer_initializing()] - Initializing KlipperScreen
2026-09-10 14:09:37,742 [screen.py:printer_initializing()] - Connecting to Printer
2026-09-10 14:09:37,755 [screen.py:set_dpms_timeout()] - DPMS on :0 set to: 3600
2026-09-10 14:09:37,755 [screen.py:set_screenblanking_timeout()] - Blanking timeout: 3600
2026-09-10 14:09:42,402 [KlippyWebsocket.py:initial_connect()] - Starting connection
2026-09-10 14:09:42,402 [KlippyWebsocket.py:connect()] - Attempting to connect
2026-09-10 14:09:42,403 [KlippyWebsocket.py:connect()] - Starting websocket thread
2026-09-10 14:09:42,415 [_logging.py:info()] - Websocket connected
2026-09-10 14:09:42,415 [screen.py:websocket_connected()] - ### websocket_connected
2026-09-10 14:09:42,421 [screen.py:printer_initializing()] - Moonraker Connected
2026-09-10 14:09:42,446 [KlippyWebsocket.py:identify_client()] - Sending server.connection.identify
2026-09-10 14:09:42,478 [screen.py:printer_initializing()] - Initializing Klipper Connection
2026-09-10 14:09:42,479 [printer.py:configure_cameras()] - Cameras: []
2026-09-10 14:09:42,524 [printer.py:log_counts()] - Klipper version: v0.13.0-689-g2fb3d54e-dirty
2026-09-10 14:09:42,524 [printer.py:log_counts()] - # Extruders: 1
2026-09-10 14:09:42,524 [printer.py:log_counts()] - # Temperature devices: 1
2026-09-10 14:09:42,524 [printer.py:log_counts()] - # Fans: 2
2026-09-10 14:09:42,524 [printer.py:log_counts()] - # Output pins: 0
2026-09-10 14:09:42,524 [printer.py:log_counts()] - # PWM tools: 0
2026-09-10 14:09:42,524 [printer.py:log_counts()] - # Leds: 0
2026-09-10 14:09:42,780 [printer.py:change_state()] - Changing state from 'disconnected' to 'startup'
2026-09-10 14:09:42,780 [printer.py:change_state()] - Adding callback for state: startup
2026-09-10 14:09:42,781 [KlippyWebsocket.py:object_subscription()] - Sending printer.objects.subscribe
2026-09-10 14:09:42,783 [files.py:set_gcodes_path()] - Gcodes path: /home/voron/printer_data/gcodes
2026-09-10 14:09:42,783 [screen.py:_finish_init()] - Printer initialized
2026-09-10 14:09:42,802 [screen.py:set_dpms_timeout()] - DPMS on :0 set to: 3600
2026-09-10 14:09:42,802 [screen.py:set_screenblanking_timeout()] - Blanking timeout: 3600
2026-09-10 14:09:42,806 [screen.py:printer_initializing()] - Klipper is attempting to start
2026-09-10 14:09:42,807 [screen.py:set_server_config()] - Temperature store size: 1200
2026-09-10 14:09:42,808 [screen.py:set_tempstore()] - Moonraker tempstore not yet available
2026-09-10 14:09:42,808 [printer.py:init_temp_store()] - Temp store: ['extruder', 'heater_bed']
2026-09-10 14:10:37,401 [base_panel.py:battery_percentage()] - Battery information not available.
2026-09-10 14:11:05,020 [printer.py:change_state()] - Changing state from 'startup' to 'error'
2026-09-10 14:11:05,020 [printer.py:change_state()] - Adding callback for state: error
2026-09-10 14:11:05,039 [screen.py:set_dpms_timeout()] - DPMS on :0 set to: 3600
2026-09-10 14:11:05,039 [screen.py:set_screenblanking_timeout()] - Blanking timeout: 3600
2026-09-10 14:11:05,039 [screen.py:show_panel()] - Panel is already is in view
2026-09-10 14:11:05,045 [screen.py:printer_initializing()] - Klipper has encountered an error.
A FIRMWARE_RESTART may fix the issue.
mcu 'EBBCan': Unable to connect
Once the underlying issue is corrected, use the
"FIRMWARE_RESTART" command to reset the firmware, reload the
config, and restart the host software.
Error configuring printer

2026-09-10 15:05:16,622 [screen.py:_go_to_submenu()] - #### Go to submenu 
2026-09-10 15:05:16,623 [screen.py:_go_to_submenu()] - #### Menu __splashscreen
2026-09-10 15:05:16,625 [screen.py:_load_panel()] - Loading panel: menu
2026-09-10 15:05:16,647 [menu.py:evaluate_enable()] - moonraker connected True
2026-09-10 15:05:16,650 [menu.py:evaluate_enable()] - moonraker connected True
2026-09-10 15:05:16,717 [screen.py:attach_panel()] - Current panel hierarchy: splash_screen > 
2026-09-10 15:05:16,722 [menu.py:arrangeMenuItems()] - X > power
2026-09-10 15:05:16,725 [menu.py:evaluate_enable()] - moonraker connected True
2026-09-10 15:05:16,727 [menu.py:evaluate_enable()] - moonraker connected True
2026-09-10 15:05:16,738 [screen.py:_go_to_submenu()] - menu, {{ gettext('Menu') }}, panel_name=, items=[{'power': {'name': "{{ gettext('Power') }}", 'icon': 'shutdown', 'panel': 'power', 'method': None, 'confirm': None, 'enable': '{{ moonraker.power_devices.count > 0 }}', 'params': '{}', 'style': None}}, {'network': {'name': "{{ gettext('Network') }}", 'icon': 'network', 'panel': 'network', 'method': None, 'confirm': None, 'enable': 'True', 'params': '{}', 'style': None}}, {'updater': {'name': "{{ gettext('Update') }}", 'icon': 'refresh', 'panel': 'updater', 'method': None, 'confirm': None, 'enable': '{{ moonraker_connected }}', 'params': '{}', 'style': None}}, {'settings': {'name': 'KlipperScreen', 'icon': 'settings', 'panel': 'settings', 'method': None, 'confirm': None, 'enable': 'True', 'params': '{}', 'style': None}}, {'system': {'name': "{{ gettext('System') }}", 'icon': 'info', 'panel': 'system', 'method': None, 'confirm': None, 'enable': '{{ moonraker_connected }}', 'params': '{}', 'style': None}}]
2026-09-10 15:05:19,469 [screen.py:_load_panel()] - Loading panel: shutdown
2026-09-10 15:05:19,489 [screen.py:attach_panel()] - Current panel hierarchy: splash_screen >  > shutdown
2026-09-10 15:05:21,621 [KlippyGtk.py:Dialog()] - Showing dialog Shutdown (width=800, height=480)
2026-09-10 15:05:22,702 [KlippyGtk.py:remove_dialog()] - Removing Dialog
2026-09-10 15:05:47,285 [functions.py:log_start()] - --------------------KlipperScreen Log Start--------------------
2026-09-10 15:05:47,285 [functions.py:log_start()] - KlipperScreen Version: v0.4.7-53-g60ab1c6
2026-09-10 15:05:47,285 [functions.py:log_start()] - Python version: 3.13
2026-09-10 15:05:47,401 [config.py:get_config_file_location()] - Passed config (-c): .
2026-09-10 15:05:47,401 [config.py:__init__()] - Config path location: /home/voron/printer_data/config/KlipperScreen.conf
2026-09-10 15:05:47,449 [config.py:log_config()] - ===== Config File =====

=======================
2026-09-10 15:05:47,450 [config.py:__init__()] - 
====== Saved ======




2026-09-10 15:05:47,450 [config.py:__init__()] - Configured printers: [
  {
    "Printer": {
      "moonraker_host": "127.0.0.1",
      "moonraker_port": "7125",
      "moonraker_path": "",
      "moonraker_ssl": null,
      "moonraker_api_key": ""
    }
  }
]
2026-09-10 15:05:47,554 [config.py:create_translations()] - Selected lang: system_lang OS lang: en_GB
2026-09-10 15:05:47,554 [config.py:install_language()] - Using lang en
2026-09-10 15:05:47,563 [screen.py:__init__()] - Display for xset: :0
2026-09-10 15:05:47,564 [screen.py:__init__()] - Screen 0: 800x480
2026-09-10 15:05:47,564 [screen.py:__init__()] - Monitors: 1 using number: 0
2026-09-10 15:05:47,565 [screen.py:__init__()] - Wayland: False Display name: :0
2026-09-10 15:05:47,566 [screen.py:__init__()] - Screen resolution: 800x480
2026-09-10 15:05:47,721 [KlippyGtk.py:update_layout()] - Font size: 17.8 (medium)
2026-09-10 15:05:47,969 [base_panel.py:battery_percentage()] - Battery information not available.
2026-09-10 15:05:48,146 [screen.py:set_dpms_timeout()] - DPMS on :0 set to: 3600
2026-09-10 15:05:48,146 [screen.py:set_screenblanking_timeout()] - Blanking timeout: 3600
2026-09-10 15:05:48,147 [screen.py:initial_connection()] - Default printer: None
2026-09-10 15:05:48,147 [screen.py:_remove_all_panels()] - Removing all panels
2026-09-10 15:05:48,191 [screen.py:_load_panel()] - Loading panel: splash_screen
2026-09-10 15:05:48,229 [screen.py:attach_panel()] - Current panel hierarchy: splash_screen
2026-09-10 15:05:48,235 [screen.py:set_titlebar_items()] - set_titlebar_items
2026-09-10 15:05:48,239 [screen.py:printer_initializing()] - Initializing KlipperScreen
2026-09-10 15:05:48,285 [screen.py:printer_initializing()] - Connecting to Printer
2026-09-10 15:05:48,296 [screen.py:set_dpms_timeout()] - DPMS on :0 set to: 3600
2026-09-10 15:05:48,296 [screen.py:set_screenblanking_timeout()] - Blanking timeout: 3600
2026-09-10 15:05:52,336 [KlippyWebsocket.py:initial_connect()] - Starting connection
2026-09-10 15:05:52,336 [KlippyWebsocket.py:connect()] - Attempting to connect
2026-09-10 15:05:52,336 [KlippyWebsocket.py:connect()] - Starting websocket thread
2026-09-10 15:05:52,346 [_logging.py:info()] - Websocket connected
2026-09-10 15:05:52,347 [screen.py:websocket_connected()] - ### websocket_connected
2026-09-10 15:05:52,351 [screen.py:printer_initializing()] - Moonraker Connected
2026-09-10 15:05:52,376 [KlippyWebsocket.py:identify_client()] - Sending server.connection.identify
2026-09-10 15:05:52,408 [screen.py:printer_initializing()] - Moonraker: connected
Klipper: disconnected

2026-09-10 15:05:52,408 [printer.py:configure_cameras()] - Cameras: []
2026-09-10 15:05:52,425 [screen.py:_init_klipper_retry()] - Klipper not connected, retry 1/4
2026-09-10 15:05:57,339 [screen.py:printer_initializing()] - Moonraker: connected
Klipper: disconnected

2026-09-10 15:05:57,369 [screen.py:_init_klipper_retry()] - Klipper not connected, retry 2/4
2026-09-10 15:06:01,132 [printer.py:change_state()] - Changing state from 'disconnected' to 'shutdown'
2026-09-10 15:06:01,132 [printer.py:change_state()] - Adding callback for state: shutdown
2026-09-10 15:06:01,144 [screen.py:set_dpms_timeout()] - DPMS on :0 set to: 3600
2026-09-10 15:06:01,144 [screen.py:set_screenblanking_timeout()] - Blanking timeout: 3600
2026-09-10 15:06:01,147 [functions.py:logging_exception_handler()] - Uncaught exception <class 'TypeError'>: can only concatenate str (not "dict") to str
  File "/home/voron/KlipperScreen/screen.py", line 212, in state_execute
    callback()
    ~~~~~~~~^^

  File "/home/voron/KlipperScreen/screen.py", line 882, in state_shutdown
    self.printer_initializing(_("Klipper has shutdown") + "\n\n" + msg, go_to_splash=True)
                              ~~~~~~~~~~~~~~~~~~~~~~~~~~~~~~~~~~~^~~~~
NoneType: None
2026-09-10 15:06:01,230 [printer.py:change_state()] - Changing state from 'shutdown' to 'disconnected'
2026-09-10 15:06:01,231 [printer.py:change_state()] - Adding callback for state: disconnected
2026-09-10 15:06:01,251 [screen.py:set_dpms_timeout()] - DPMS on :0 set to: 3600
2026-09-10 15:06:01,251 [screen.py:set_screenblanking_timeout()] - Blanking timeout: 3600
2026-09-10 15:06:01,251 [screen.py:state_disconnected()] - ### Going to disconnected
2026-09-10 15:06:01,252 [screen.py:show_panel()] - Panel is already is in view
2026-09-10 15:06:01,259 [screen.py:printer_initializing()] - Klipper has disconnected
2026-09-10 15:06:02,339 [screen.py:printer_initializing()] - Moonraker: connected
Klipper: disconnected

2026-09-10 15:06:02,366 [screen.py:_init_klipper_retry()] - Klipper not connected, retry 1/4
2026-09-10 15:06:05,339 [screen.py:printer_initializing()] - Moonraker: connected
Klipper: disconnected

2026-09-10 15:06:05,369 [screen.py:_init_klipper_retry()] - Klipper not connected, retry 2/4
2026-09-10 15:06:07,339 [screen.py:printer_initializing()] - Moonraker: connected
Klipper: disconnected

2026-09-10 15:06:07,364 [screen.py:_init_klipper_retry()] - Klipper not connected, retry 3/4
2026-09-10 15:06:10,339 [screen.py:printer_initializing()] - Moonraker: connected
Klipper: disconnected

2026-09-10 15:06:10,367 [screen.py:_init_klipper_retry()] - Klipper not connected, retry 4/4
2026-09-10 15:06:12,341 [screen.py:printer_initializing()] - Moonraker: connected
Klipper: disconnected

2026-09-10 15:06:12,373 [screen.py:printer_initializing()] - Initializing Klipper Connection
2026-09-10 15:06:13,381 [printer.py:log_counts()] - Klipper version: v0.13.0-689-g2fb3d54e-dirty
2026-09-10 15:06:13,382 [printer.py:log_counts()] - # Extruders: 1
2026-09-10 15:06:13,382 [printer.py:log_counts()] - # Temperature devices: 1
2026-09-10 15:06:13,382 [printer.py:log_counts()] - # Fans: 2
2026-09-10 15:06:13,382 [printer.py:log_counts()] - # Output pins: 0
2026-09-10 15:06:13,382 [printer.py:log_counts()] - # PWM tools: 0
2026-09-10 15:06:13,382 [printer.py:log_counts()] - # Leds: 0
2026-09-10 15:06:13,635 [printer.py:change_state()] - Changing state from 'disconnected' to 'startup'
2026-09-10 15:06:13,635 [printer.py:change_state()] - Adding callback for state: startup
2026-09-10 15:06:13,637 [KlippyWebsocket.py:object_subscription()] - Sending printer.objects.subscribe
2026-09-10 15:06:13,638 [files.py:set_gcodes_path()] - Gcodes path: /home/voron/printer_data/gcodes
2026-09-10 15:06:13,638 [screen.py:_finish_init()] - Printer initialized
2026-09-10 15:06:13,653 [screen.py:set_dpms_timeout()] - DPMS on :0 set to: 3600
2026-09-10 15:06:13,653 [screen.py:set_screenblanking_timeout()] - Blanking timeout: 3600
2026-09-10 15:06:13,657 [screen.py:printer_initializing()] - Klipper is attempting to start
2026-09-10 15:06:13,658 [screen.py:set_server_config()] - Temperature store size: 1200
2026-09-10 15:06:13,658 [screen.py:set_tempstore()] - Moonraker tempstore not yet available
2026-09-10 15:06:13,658 [printer.py:init_temp_store()] - Temp store: ['extruder', 'heater_bed']
2026-09-10 15:06:14,610 [printer.py:change_state()] - Changing state from 'startup' to 'error'
2026-09-10 15:06:14,611 [printer.py:change_state()] - Adding callback for state: error
2026-09-10 15:06:14,622 [screen.py:set_dpms_timeout()] - DPMS on :0 set to: 3600
2026-09-10 15:06:14,622 [screen.py:set_screenblanking_timeout()] - Blanking timeout: 3600
2026-09-10 15:06:14,623 [screen.py:show_panel()] - Panel is already is in view
2026-09-10 15:06:14,627 [screen.py:printer_initializing()] - Klipper has encountered an error.
A FIRMWARE_RESTART may fix the issue.
Can not update MCU 'mcu' config as it is shutdown
Once the underlying issue is corrected, use the
"FIRMWARE_RESTART" command to reset the firmware, reload the
config, and restart the host software.
Error configuring printer

2026-09-10 15:06:15,339 [screen.py:printer_initializing()] - Initializing Klipper Connection
2026-09-10 15:06:15,638 [printer.py:log_counts()] - Klipper version: v0.13.0-689-g2fb3d54e-dirty
2026-09-10 15:06:15,638 [printer.py:log_counts()] - # Extruders: 1
2026-09-10 15:06:15,638 [printer.py:log_counts()] - # Temperature devices: 1
2026-09-10 15:06:15,638 [printer.py:log_counts()] - # Fans: 2
2026-09-10 15:06:15,638 [printer.py:log_counts()] - # Output pins: 0
2026-09-10 15:06:15,638 [printer.py:log_counts()] - # PWM tools: 0
2026-09-10 15:06:15,638 [printer.py:log_counts()] - # Leds: 0
2026-09-10 15:06:15,894 [KlippyWebsocket.py:object_subscription()] - Sending printer.objects.subscribe
2026-09-10 15:06:15,895 [files.py:set_gcodes_path()] - Gcodes path: /home/voron/printer_data/gcodes
2026-09-10 15:06:15,895 [screen.py:_finish_init()] - Printer initialized
2026-09-10 15:06:15,903 [screen.py:set_server_config()] - Temperature store size: 1200
2026-09-10 15:06:15,904 [screen.py:set_tempstore()] - Moonraker tempstore not yet available
2026-09-10 15:06:15,904 [printer.py:init_temp_store()] - Temp store: ['extruder', 'heater_bed']
2026-09-10 15:06:48,334 [base_panel.py:battery_percentage()] - Battery information not available.
2026-09-10 15:06:48,706 [screen.py:_load_panel()] - Loading panel: shutdown
2026-09-10 15:06:48,758 [screen.py:attach_panel()] - Current panel hierarchy: splash_screen > shutdown
2026-09-10 15:06:53,171 [KlippyGtk.py:Dialog()] - Showing dialog Shutdown (width=800, height=480)
2026-09-10 15:06:55,012 [KlippyGtk.py:remove_dialog()] - Removing Dialog
2026-09-10 15:05:49,234 [functions.py:log_start()] - --------------------KlipperScreen Log Start--------------------
2026-09-10 15:05:49,234 [functions.py:log_start()] - KlipperScreen Version: v0.4.7-53-g60ab1c6
2026-09-10 15:05:49,235 [functions.py:log_start()] - Python version: 3.13
2026-09-10 15:05:49,349 [config.py:get_config_file_location()] - Passed config (-c): .
2026-09-10 15:05:49,350 [config.py:__init__()] - Config path location: /home/voron/printer_data/config/KlipperScreen.conf
2026-09-10 15:05:49,397 [config.py:log_config()] - ===== Config File =====

=======================
2026-09-10 15:05:49,398 [config.py:__init__()] - 
====== Saved ======




2026-09-10 15:05:49,399 [config.py:__init__()] - Configured printers: [
  {
    "Printer": {
      "moonraker_host": "127.0.0.1",
      "moonraker_port": "7125",
      "moonraker_path": "",
      "moonraker_ssl": null,
      "moonraker_api_key": ""
    }
  }
]
2026-09-10 15:05:49,501 [config.py:create_translations()] - Selected lang: system_lang OS lang: en_GB
2026-09-10 15:05:49,501 [config.py:install_language()] - Using lang en
2026-09-10 15:05:49,510 [screen.py:__init__()] - Display for xset: :0
2026-09-10 15:05:49,511 [screen.py:__init__()] - Screen 0: 800x480
2026-09-10 15:05:49,511 [screen.py:__init__()] - Monitors: 1 using number: 0
2026-09-10 15:05:49,511 [screen.py:__init__()] - Wayland: False Display name: :0
2026-09-10 15:05:49,513 [screen.py:__init__()] - Screen resolution: 800x480
2026-09-10 15:05:49,672 [KlippyGtk.py:update_layout()] - Font size: 17.8 (medium)
2026-09-10 15:05:49,895 [base_panel.py:battery_percentage()] - Battery information not available.
2026-09-10 15:05:50,053 [screen.py:set_dpms_timeout()] - DPMS on :0 set to: 3600
2026-09-10 15:05:50,054 [screen.py:set_screenblanking_timeout()] - Blanking timeout: 3600
2026-09-10 15:05:50,054 [screen.py:initial_connection()] - Default printer: None
2026-09-10 15:05:50,054 [screen.py:_remove_all_panels()] - Removing all panels
2026-09-10 15:05:50,099 [screen.py:_load_panel()] - Loading panel: splash_screen
2026-09-10 15:05:50,137 [screen.py:attach_panel()] - Current panel hierarchy: splash_screen
2026-09-10 15:05:50,143 [screen.py:set_titlebar_items()] - set_titlebar_items
2026-09-10 15:05:50,147 [screen.py:printer_initializing()] - Initializing KlipperScreen
2026-09-10 15:05:50,193 [screen.py:printer_initializing()] - Connecting to Printer
2026-09-10 15:05:50,204 [screen.py:set_dpms_timeout()] - DPMS on :0 set to: 3600
2026-09-10 15:05:50,204 [screen.py:set_screenblanking_timeout()] - Blanking timeout: 3600
2026-09-10 15:05:54,263 [KlippyWebsocket.py:initial_connect()] - Starting connection
2026-09-10 15:05:54,263 [KlippyWebsocket.py:connect()] - Attempting to connect
2026-09-10 15:05:54,263 [KlippyWebsocket.py:connect()] - Starting websocket thread
2026-09-10 15:05:54,273 [_logging.py:info()] - Websocket connected
2026-09-10 15:05:54,274 [screen.py:websocket_connected()] - ### websocket_connected
2026-09-10 15:05:54,278 [screen.py:printer_initializing()] - Moonraker Connected
2026-09-10 15:05:54,302 [KlippyWebsocket.py:identify_client()] - Sending server.connection.identify
2026-09-10 15:05:54,336 [screen.py:printer_initializing()] - Moonraker: connected
Klipper: disconnected

2026-09-10 15:05:54,337 [printer.py:configure_cameras()] - Cameras: []
2026-09-10 15:05:54,353 [screen.py:_init_klipper_retry()] - Klipper not connected, retry 1/4
2026-09-10 15:05:59,266 [screen.py:printer_initializing()] - Moonraker: connected
Klipper: disconnected

2026-09-10 15:05:59,296 [screen.py:_init_klipper_retry()] - Klipper not connected, retry 2/4
2026-09-10 15:06:04,266 [screen.py:printer_initializing()] - Moonraker: connected
Klipper: disconnected

2026-09-10 15:06:04,298 [screen.py:printer_initializing()] - Initializing Klipper Connection
2026-09-10 15:06:04,351 [printer.py:log_counts()] - Klipper version: v0.13.0-689-g2fb3d54e-dirty
2026-09-10 15:06:04,351 [printer.py:log_counts()] - # Extruders: 1
2026-09-10 15:06:04,351 [printer.py:log_counts()] - # Temperature devices: 1
2026-09-10 15:06:04,351 [printer.py:log_counts()] - # Fans: 2
2026-09-10 15:06:04,351 [printer.py:log_counts()] - # Output pins: 0
2026-09-10 15:06:04,351 [printer.py:log_counts()] - # PWM tools: 0
2026-09-10 15:06:04,351 [printer.py:log_counts()] - # Leds: 0
2026-09-10 15:06:04,607 [printer.py:change_state()] - Changing state from 'disconnected' to 'error'
2026-09-10 15:06:04,608 [printer.py:change_state()] - Adding callback for state: error
2026-09-10 15:06:04,609 [KlippyWebsocket.py:object_subscription()] - Sending printer.objects.subscribe
2026-09-10 15:06:04,610 [files.py:set_gcodes_path()] - Gcodes path: /home/voron/printer_data/gcodes
2026-09-10 15:06:04,610 [screen.py:_finish_init()] - Printer initialized
2026-09-10 15:06:04,625 [screen.py:set_dpms_timeout()] - DPMS on :0 set to: 3600
2026-09-10 15:06:04,626 [screen.py:set_screenblanking_timeout()] - Blanking timeout: 3600
2026-09-10 15:06:04,626 [screen.py:show_panel()] - Panel is already is in view
2026-09-10 15:06:04,630 [screen.py:printer_initializing()] - Klipper has encountered an error.
A FIRMWARE_RESTART may fix the issue.
Can not update MCU 'mcu' config as it is shutdown
Once the underlying issue is corrected, use the
"FIRMWARE_RESTART" command to reset the firmware, reload the
config, and restart the host software.
Error configuring printer

2026-09-10 15:06:04,630 [screen.py:set_server_config()] - Temperature store size: 1200
2026-09-10 15:06:04,631 [screen.py:set_tempstore()] - Moonraker tempstore not yet available
2026-09-10 15:06:04,631 [printer.py:init_temp_store()] - Temp store: ['extruder', 'heater_bed']
2026-09-10 15:05:52,708 [functions.py:log_start()] - --------------------KlipperScreen Log Start--------------------
2026-09-10 15:05:52,708 [functions.py:log_start()] - KlipperScreen Version: v0.4.7-53-g60ab1c6
2026-09-10 15:05:52,708 [functions.py:log_start()] - Python version: 3.13
2026-09-10 15:05:52,822 [config.py:get_config_file_location()] - Passed config (-c): .
2026-09-10 15:05:52,823 [config.py:__init__()] - Config path location: /home/voron/printer_data/config/KlipperScreen.conf
2026-09-10 15:05:52,871 [config.py:log_config()] - ===== Config File =====

=======================
2026-09-10 15:05:52,872 [config.py:__init__()] - 
====== Saved ======




2026-09-10 15:05:52,872 [config.py:__init__()] - Configured printers: [
  {
    "Printer": {
      "moonraker_host": "127.0.0.1",
      "moonraker_port": "7125",
      "moonraker_path": "",
      "moonraker_ssl": null,
      "moonraker_api_key": ""
    }
  }
]
2026-09-10 15:05:52,974 [config.py:create_translations()] - Selected lang: system_lang OS lang: en_GB
2026-09-10 15:05:52,974 [config.py:install_language()] - Using lang en
2026-09-10 15:05:52,983 [screen.py:__init__()] - Display for xset: :0
2026-09-10 15:05:52,984 [screen.py:__init__()] - Screen 0: 800x480
2026-09-10 15:05:52,984 [screen.py:__init__()] - Monitors: 1 using number: 0
2026-09-10 15:05:52,984 [screen.py:__init__()] - Wayland: False Display name: :0
2026-09-10 15:05:52,986 [screen.py:__init__()] - Screen resolution: 800x480
2026-09-10 15:05:53,140 [KlippyGtk.py:update_layout()] - Font size: 17.8 (medium)
2026-09-10 15:05:53,336 [base_panel.py:battery_percentage()] - Battery information not available.
2026-09-10 15:05:53,545 [screen.py:set_dpms_timeout()] - DPMS on :0 set to: 3600
2026-09-10 15:05:53,546 [screen.py:set_screenblanking_timeout()] - Blanking timeout: 3600
2026-09-10 15:05:53,546 [screen.py:initial_connection()] - Default printer: None
2026-09-10 15:05:53,546 [screen.py:_remove_all_panels()] - Removing all panels
2026-09-10 15:05:53,591 [screen.py:_load_panel()] - Loading panel: splash_screen
2026-09-10 15:05:53,629 [screen.py:attach_panel()] - Current panel hierarchy: splash_screen
2026-09-10 15:05:53,635 [screen.py:set_titlebar_items()] - set_titlebar_items
2026-09-10 15:05:53,638 [screen.py:printer_initializing()] - Initializing KlipperScreen
2026-09-10 15:05:53,684 [screen.py:printer_initializing()] - Connecting to Printer
2026-09-10 15:05:53,696 [screen.py:set_dpms_timeout()] - DPMS on :0 set to: 3600
2026-09-10 15:05:53,696 [screen.py:set_screenblanking_timeout()] - Blanking timeout: 3600
2026-09-10 15:05:57,906 [KlippyWebsocket.py:initial_connect()] - Starting connection
2026-09-10 15:05:57,906 [KlippyWebsocket.py:connect()] - Attempting to connect
2026-09-10 15:05:57,906 [KlippyWebsocket.py:connect()] - Starting websocket thread
2026-09-10 15:05:57,916 [_logging.py:info()] - Websocket connected
2026-09-10 15:05:57,917 [screen.py:websocket_connected()] - ### websocket_connected
2026-09-10 15:05:57,921 [screen.py:printer_initializing()] - Moonraker Connected
2026-09-10 15:05:57,946 [KlippyWebsocket.py:identify_client()] - Sending server.connection.identify
2026-09-10 15:05:57,978 [screen.py:printer_initializing()] - Initializing Klipper Connection
2026-09-10 15:05:57,979 [printer.py:configure_cameras()] - Cameras: []
2026-09-10 15:05:58,021 [printer.py:log_counts()] - Klipper version: v0.13.0-689-g2fb3d54e-dirty
2026-09-10 15:05:58,021 [printer.py:log_counts()] - # Extruders: 1
2026-09-10 15:05:58,021 [printer.py:log_counts()] - # Temperature devices: 1
2026-09-10 15:05:58,021 [printer.py:log_counts()] - # Fans: 2
2026-09-10 15:05:58,022 [printer.py:log_counts()] - # Output pins: 0
2026-09-10 15:05:58,022 [printer.py:log_counts()] - # PWM tools: 0
2026-09-10 15:05:58,022 [printer.py:log_counts()] - # Leds: 0
2026-09-10 15:05:58,276 [printer.py:change_state()] - Changing state from 'disconnected' to 'startup'
2026-09-10 15:05:58,276 [printer.py:change_state()] - Adding callback for state: startup
2026-09-10 15:05:58,277 [KlippyWebsocket.py:object_subscription()] - Sending printer.objects.subscribe
2026-09-10 15:05:58,278 [files.py:set_gcodes_path()] - Gcodes path: /home/voron/printer_data/gcodes
2026-09-10 15:05:58,278 [screen.py:_finish_init()] - Printer initialized
2026-09-10 15:05:58,295 [screen.py:set_dpms_timeout()] - DPMS on :0 set to: 3600
2026-09-10 15:05:58,295 [screen.py:set_screenblanking_timeout()] - Blanking timeout: 3600
2026-09-10 15:05:58,299 [screen.py:printer_initializing()] - Klipper is attempting to start
2026-09-10 15:05:58,300 [screen.py:set_server_config()] - Temperature store size: 1200
2026-09-10 15:05:58,300 [screen.py:set_tempstore()] - Moonraker tempstore not yet available
2026-09-10 15:05:58,300 [printer.py:init_temp_store()] - Temp store: ['extruder', 'heater_bed']
2026-09-10 15:05:55,657 [functions.py:log_start()] - --------------------KlipperScreen Log Start--------------------
2026-09-10 15:05:55,657 [functions.py:log_start()] - KlipperScreen Version: v0.4.7-53-g60ab1c6
2026-09-10 15:05:55,657 [functions.py:log_start()] - Python version: 3.13
2026-09-10 15:05:55,799 [config.py:get_config_file_location()] - Passed config (-c): .
2026-09-10 15:05:55,800 [config.py:__init__()] - Config path location: /home/voron/printer_data/config/KlipperScreen.conf
2026-09-10 15:05:55,868 [config.py:log_config()] - ===== Config File =====

=======================
2026-09-10 15:05:55,869 [config.py:__init__()] - 
====== Saved ======




2026-09-10 15:05:55,870 [config.py:__init__()] - Configured printers: [
  {
    "Printer": {
      "moonraker_host": "127.0.0.1",
      "moonraker_port": "7125",
      "moonraker_path": "",
      "moonraker_ssl": null,
      "moonraker_api_key": ""
    }
  }
]
2026-09-10 15:05:55,981 [config.py:create_translations()] - Selected lang: system_lang OS lang: en_GB
2026-09-10 15:05:55,981 [config.py:install_language()] - Using lang en
2026-09-10 15:05:55,991 [screen.py:__init__()] - Display for xset: :0
2026-09-10 15:05:55,992 [screen.py:__init__()] - Screen 0: 800x480
2026-09-10 15:05:55,992 [screen.py:__init__()] - Monitors: 1 using number: 0
2026-09-10 15:05:55,992 [screen.py:__init__()] - Wayland: False Display name: :0
2026-09-10 15:05:55,994 [screen.py:__init__()] - Screen resolution: 800x480
2026-09-10 15:05:56,148 [KlippyGtk.py:update_layout()] - Font size: 17.8 (medium)
2026-09-10 15:05:56,344 [base_panel.py:battery_percentage()] - Battery information not available.
2026-09-10 15:05:56,574 [screen.py:set_dpms_timeout()] - DPMS on :0 set to: 3600
2026-09-10 15:05:56,574 [screen.py:set_screenblanking_timeout()] - Blanking timeout: 3600
2026-09-10 15:05:56,575 [screen.py:initial_connection()] - Default printer: None
2026-09-10 15:05:56,575 [screen.py:_remove_all_panels()] - Removing all panels
2026-09-10 15:05:56,620 [screen.py:_load_panel()] - Loading panel: splash_screen
2026-09-10 15:05:56,657 [screen.py:attach_panel()] - Current panel hierarchy: splash_screen
2026-09-10 15:05:56,663 [screen.py:set_titlebar_items()] - set_titlebar_items
2026-09-10 15:05:56,667 [screen.py:printer_initializing()] - Initializing KlipperScreen
2026-09-10 15:05:56,713 [screen.py:printer_initializing()] - Connecting to Printer
2026-09-10 15:05:56,725 [screen.py:set_dpms_timeout()] - DPMS on :0 set to: 3600
2026-09-10 15:05:56,725 [screen.py:set_screenblanking_timeout()] - Blanking timeout: 3600
2026-09-10 15:06:00,901 [KlippyWebsocket.py:initial_connect()] - Starting connection
2026-09-10 15:06:00,902 [KlippyWebsocket.py:connect()] - Attempting to connect
2026-09-10 15:06:00,902 [KlippyWebsocket.py:connect()] - Starting websocket thread
2026-09-10 15:06:00,912 [_logging.py:info()] - Websocket connected
2026-09-10 15:06:00,920 [screen.py:websocket_connected()] - ### websocket_connected
2026-09-10 15:06:00,924 [screen.py:printer_initializing()] - Moonraker Connected
2026-09-10 15:06:00,949 [KlippyWebsocket.py:identify_client()] - Sending server.connection.identify
2026-09-10 15:06:00,967 [screen.py:printer_initializing()] - Moonraker: connected
Klipper: disconnected

2026-09-10 15:06:00,968 [printer.py:configure_cameras()] - Cameras: []
2026-09-10 15:06:00,984 [screen.py:_init_klipper_retry()] - Klipper not connected, retry 1/4
2026-09-10 15:06:05,904 [screen.py:printer_initializing()] - Moonraker: connected
Klipper: disconnected

2026-09-10 15:06:05,934 [screen.py:_init_klipper_retry()] - Klipper not connected, retry 2/4
2026-09-10 15:06:10,904 [screen.py:printer_initializing()] - Moonraker: connected
Klipper: disconnected

2026-09-10 15:06:10,936 [screen.py:printer_initializing()] - Initializing Klipper Connection
2026-09-10 15:06:11,213 [printer.py:log_counts()] - Klipper version: v0.13.0-689-g2fb3d54e-dirty
2026-09-10 15:06:11,213 [printer.py:log_counts()] - # Extruders: 1
2026-09-10 15:06:11,213 [printer.py:log_counts()] - # Temperature devices: 1
2026-09-10 15:06:11,213 [printer.py:log_counts()] - # Fans: 2
2026-09-10 15:06:11,213 [printer.py:log_counts()] - # Output pins: 0
2026-09-10 15:06:11,214 [printer.py:log_counts()] - # PWM tools: 0
2026-09-10 15:06:11,214 [printer.py:log_counts()] - # Leds: 0
2026-09-10 15:06:11,469 [printer.py:change_state()] - Changing state from 'disconnected' to 'error'
2026-09-10 15:06:11,470 [printer.py:change_state()] - Adding callback for state: error
2026-09-10 15:06:11,471 [KlippyWebsocket.py:object_subscription()] - Sending printer.objects.subscribe
2026-09-10 15:06:11,472 [files.py:set_gcodes_path()] - Gcodes path: /home/voron/printer_data/gcodes
2026-09-10 15:06:11,472 [screen.py:_finish_init()] - Printer initialized
2026-09-10 15:06:11,487 [screen.py:set_dpms_timeout()] - DPMS on :0 set to: 3600
2026-09-10 15:06:11,487 [screen.py:set_screenblanking_timeout()] - Blanking timeout: 3600
2026-09-10 15:06:11,487 [screen.py:show_panel()] - Panel is already is in view
2026-09-10 15:06:11,491 [screen.py:printer_initializing()] - Klipper has encountered an error.
A FIRMWARE_RESTART may fix the issue.
Can not update MCU 'mcu' config as it is shutdown
Once the underlying issue is corrected, use the
"FIRMWARE_RESTART" command to reset the firmware, reload the
config, and restart the host software.
Error configuring printer

2026-09-10 15:06:11,492 [screen.py:set_server_config()] - Temperature store size: 1200
2026-09-10 15:06:11,492 [screen.py:set_tempstore()] - Moonraker tempstore not yet available
2026-09-10 15:06:11,493 [printer.py:init_temp_store()] - Temp store: ['extruder', 'heater_bed']
2026-09-10 15:06:56,900 [base_panel.py:battery_percentage()] - Battery information not available.
2026-09-10 15:07:29,311 [screen.py:_load_panel()] - Loading panel: shutdown
2026-09-10 15:07:29,355 [screen.py:attach_panel()] - Current panel hierarchy: splash_screen > shutdown
2026-09-10 15:07:31,160 [KlippyGtk.py:Dialog()] - Showing dialog Shutdown (width=800, height=480)
2026-09-10 15:07:32,738 [KlippyGtk.py:remove_dialog()] - Removing Dialog
2026-09-15 19:23:17,231 [functions.py:log_start()] - --------------------KlipperScreen Log Start--------------------
2026-09-15 19:23:17,232 [functions.py:log_start()] - KlipperScreen Version: v0.4.7-53-g60ab1c6
2026-09-15 19:23:17,232 [functions.py:log_start()] - Python version: 3.13
2026-09-15 19:23:17,345 [config.py:get_config_file_location()] - Passed config (-c): .
2026-09-15 19:23:17,346 [config.py:__init__()] - Config path location: /home/voron/printer_data/config/KlipperScreen.conf
2026-09-15 19:23:17,394 [config.py:log_config()] - ===== Config File =====

=======================
2026-09-15 19:23:17,395 [config.py:__init__()] - 
====== Saved ======




2026-09-15 19:23:17,395 [config.py:__init__()] - Configured printers: [
  {
    "Printer": {
      "moonraker_host": "127.0.0.1",
      "moonraker_port": "7125",
      "moonraker_path": "",
      "moonraker_ssl": null,
      "moonraker_api_key": ""
    }
  }
]
2026-09-15 19:23:17,497 [config.py:create_translations()] - Selected lang: system_lang OS lang: en_GB
2026-09-15 19:23:17,497 [config.py:install_language()] - Using lang en
2026-09-15 19:23:17,506 [screen.py:__init__()] - Display for xset: :0
2026-09-15 19:23:17,507 [screen.py:__init__()] - Screen 0: 800x480
2026-09-15 19:23:17,507 [screen.py:__init__()] - Monitors: 1 using number: 0
2026-09-15 19:23:17,508 [screen.py:__init__()] - Wayland: False Display name: :0
2026-09-15 19:23:17,509 [screen.py:__init__()] - Screen resolution: 800x480
2026-09-15 19:23:17,663 [KlippyGtk.py:update_layout()] - Font size: 17.8 (medium)
2026-09-15 19:23:17,909 [base_panel.py:battery_percentage()] - Battery information not available.
2026-09-15 19:23:18,081 [screen.py:set_dpms_timeout()] - DPMS on :0 set to: 3600
2026-09-15 19:23:18,082 [screen.py:set_screenblanking_timeout()] - Blanking timeout: 3600
2026-09-15 19:23:18,082 [screen.py:initial_connection()] - Default printer: None
2026-09-15 19:23:18,082 [screen.py:_remove_all_panels()] - Removing all panels
2026-09-15 19:23:18,126 [screen.py:_load_panel()] - Loading panel: splash_screen
2026-09-15 19:23:18,164 [screen.py:attach_panel()] - Current panel hierarchy: splash_screen
2026-09-15 19:23:18,170 [screen.py:set_titlebar_items()] - set_titlebar_items
2026-09-15 19:23:18,174 [screen.py:printer_initializing()] - Initializing KlipperScreen
2026-09-15 19:23:18,219 [screen.py:printer_initializing()] - Connecting to Printer
2026-09-15 19:23:18,231 [screen.py:set_dpms_timeout()] - DPMS on :0 set to: 3600
2026-09-15 19:23:18,231 [screen.py:set_screenblanking_timeout()] - Blanking timeout: 3600
2026-09-15 19:23:22,183 [KlippyWebsocket.py:initial_connect()] - Starting connection
2026-09-15 19:23:22,183 [KlippyWebsocket.py:connect()] - Attempting to connect
2026-09-15 19:23:22,183 [KlippyWebsocket.py:connect()] - Starting websocket thread
2026-09-15 19:23:22,191 [_logging.py:info()] - Websocket connected
2026-09-15 19:23:22,192 [screen.py:websocket_connected()] - ### websocket_connected
2026-09-15 19:23:22,196 [screen.py:printer_initializing()] - Moonraker Connected
2026-09-15 19:23:22,221 [KlippyWebsocket.py:identify_client()] - Sending server.connection.identify
2026-09-15 19:23:22,253 [screen.py:printer_initializing()] - Moonraker: connected
Klipper: disconnected

2026-09-15 19:23:22,253 [printer.py:configure_cameras()] - Cameras: []
2026-09-15 19:23:22,270 [screen.py:_init_klipper_retry()] - Klipper not connected, retry 1/4
2026-09-15 19:23:27,186 [screen.py:printer_initializing()] - Moonraker: connected
Klipper: disconnected

2026-09-15 19:23:27,216 [screen.py:_init_klipper_retry()] - Klipper not connected, retry 2/4
2026-09-15 19:23:32,186 [screen.py:printer_initializing()] - Moonraker: connected
Klipper: disconnected

2026-09-15 19:23:32,214 [screen.py:_init_klipper_retry()] - Klipper not connected, retry 3/4
2026-09-15 19:23:37,186 [screen.py:printer_initializing()] - Moonraker: connected
Klipper: disconnected

2026-09-15 19:23:37,216 [screen.py:_init_klipper_retry()] - Klipper not connected, retry 4/4
2026-09-15 19:23:42,187 [screen.py:printer_initializing()] - Moonraker: connected
Klipper: disconnected

2026-09-15 19:23:42,223 [screen.py:printer_initializing()] - Initializing Klipper Connection
2026-09-15 19:23:43,154 [printer.py:log_counts()] - Klipper version: v0.13.0-689-g2fb3d54e-dirty
2026-09-15 19:23:43,154 [printer.py:log_counts()] - # Extruders: 1
2026-09-15 19:23:43,154 [printer.py:log_counts()] - # Temperature devices: 1
2026-09-15 19:23:43,154 [printer.py:log_counts()] - # Fans: 2
2026-09-15 19:23:43,154 [printer.py:log_counts()] - # Output pins: 0
2026-09-15 19:23:43,155 [printer.py:log_counts()] - # PWM tools: 0
2026-09-15 19:23:43,155 [printer.py:log_counts()] - # Leds: 0
2026-09-15 19:23:43,408 [printer.py:change_state()] - Changing state from 'disconnected' to 'startup'
2026-09-15 19:23:43,408 [printer.py:change_state()] - Adding callback for state: startup
2026-09-15 19:23:43,410 [KlippyWebsocket.py:object_subscription()] - Sending printer.objects.subscribe
2026-09-15 19:23:43,411 [files.py:set_gcodes_path()] - Gcodes path: /home/voron/printer_data/gcodes
2026-09-15 19:23:43,411 [screen.py:_finish_init()] - Printer initialized
2026-09-15 19:23:43,426 [screen.py:set_dpms_timeout()] - DPMS on :0 set to: 3600
2026-09-15 19:23:43,426 [screen.py:set_screenblanking_timeout()] - Blanking timeout: 3600
2026-09-15 19:23:43,430 [screen.py:printer_initializing()] - Klipper is attempting to start
2026-09-15 19:23:43,431 [screen.py:set_server_config()] - Temperature store size: 1200
2026-09-15 19:23:43,431 [screen.py:set_tempstore()] - Moonraker tempstore not yet available
2026-09-15 19:23:43,431 [printer.py:init_temp_store()] - Temp store: ['extruder', 'heater_bed']
2026-09-15 19:23:44,381 [printer.py:change_state()] - Changing state from 'startup' to 'error'
2026-09-15 19:23:44,381 [printer.py:change_state()] - Adding callback for state: error
2026-09-15 19:23:44,393 [screen.py:set_dpms_timeout()] - DPMS on :0 set to: 3600
2026-09-15 19:23:44,393 [screen.py:set_screenblanking_timeout()] - Blanking timeout: 3600
2026-09-15 19:23:44,393 [screen.py:show_panel()] - Panel is already is in view
2026-09-15 19:23:44,397 [screen.py:printer_initializing()] - Klipper has encountered an error.
A FIRMWARE_RESTART may fix the issue.
Can not update MCU 'mcu' config as it is shutdown
Once the underlying issue is corrected, use the
"FIRMWARE_RESTART" command to reset the firmware, reload the
config, and restart the host software.
Error configuring printer

2026-09-15 19:24:18,181 [base_panel.py:battery_percentage()] - Battery information not available.
